threshold,block,baseline_selected,selected,baseline_strong,strong,strong_retention,baseline_precision,precision,precision_delta,non_target_removed,removed_n,removed_strong,removed_exec_pnl,severe_removed,severe_capture,shifted_n,shifted_strong,shifted_baseline_exec_pnl
0.050000,Research_Discovery,220,213,51,50,0.9803921568627451,0.2318181818181818,0.2347417840375587,0.002923602219376875,6,7,1,0.03334053458244579,2,0.03636363636363636,9,2,-4.026905457771667
0.050000,Research_Validation,69,67,22,22,1.0,0.3188405797101449,0.3283582089552239,0.009517629245078985,2,2,0,-3.517705452914136,0,0.0,4,0,-4.54787265909202
0.050000,Research_Reserve,75,70,12,12,1.0,0.16,0.17142857142857143,0.011428571428571427,5,5,0,-6.2958502581994304,1,0.045454545454545456,5,0,-13.770890405922191
0.050000,Fresh_2026-10-01,315,306,68,67,0.9852941176470589,0.21587301587301588,0.21895424836601307,0.003081232492997188,8,9,1,-5.166043505137542,3,0.0379746835443038,9,2,-1.514356383864086
0.050000,Fresh_2026-10-02,323,315,85,85,1.0,0.2631578947368421,0.2698412698412698,0.006683375104427736,8,8,0,-12.805672065412987,4,0.06349206349206349,12,5,6.416683155460044
0.050000,Fresh_2026-10-03,169,166,36,36,1.0,0.21301775147928995,0.21686746987951808,0.0038497184002281304,3,3,0,-1.1538091132772856,1,0.020833333333333332,5,2,0.8110330144026822
0.075000,Research_Discovery,220,202,51,49,0.9607843137254902,0.2318181818181818,0.24257425742574257,0.010756075607560756,16,18,2,-14.441224116849709,8,0.14545454545454545,19,5,-13.291368097227672
0.075000,Research_Validation,69,66,22,22,1.0,0.3188405797101449,0.3333333333333333,0.014492753623188415,3,3,0,-5.268815794982494,0,0.0,7,0,-7.502480987140229
0.075000,Research_Reserve,75,65,12,12,1.0,0.16,0.18461538461538463,0.024615384615384622,10,10,0,-21.728435688575928,5,0.22727272727272727,5,0,-6.037953925883489
0.075000,Fresh_2026-10-01,315,290,68,65,0.9558823529411765,0.21587301587301588,0.22413793103448276,0.00826491516146688,22,25,3,-36.02914410375777,11,0.13924050632911392,17,1,-18.920222396400074
0.075000,Fresh_2026-10-02,323,303,85,84,0.9882352941176471,0.2631578947368421,0.27722772277227725,0.014069828035435161,19,20,1,-24.424482077072412,7,0.1111111111111111,26,10,3.905085819148298
0.075000,Fresh_2026-10-03,169,161,36,34,0.9444444444444444,0.21301775147928995,0.2111801242236025,-0.0018376272556874518,6,8,2,-5.992637894113832,3,0.0625,16,5,-9.20673451391343
0.100000,Research_Discovery,220,189,51,48,0.9411764705882353,0.2318181818181818,0.25396825396825395,0.022150072150072142,28,31,3,-27.06239426950043,14,0.2545454545454545,32,7,-42.807680623111686
0.100000,Research_Validation,69,63,22,21,0.9545454545454546,0.3188405797101449,0.3333333333333333,0.014492753623188415,5,6,1,-5.094448389963276,0,0.0,7,0,-12.67158476818836
0.100000,Research_Reserve,75,57,12,10,0.8333333333333334,0.16,0.17543859649122806,0.015438596491228057,16,18,2,-7.201165501944345,8,0.36363636363636365,7,0,-6.086867696311538
0.100000,Fresh_2026-10-01,315,278,68,65,0.9558823529411765,0.21587301587301588,0.23381294964028776,0.017939933767271876,34,37,3,-55.71199878900238,16,0.20253164556962025,22,1,-27.55216300929161
0.100000,Fresh_2026-10-02,323,287,85,82,0.9647058823529412,0.2631578947368421,0.2857142857142857,0.022556390977443608,33,36,3,-42.53874820179764,11,0.1746031746031746,35,13,7.321647398529963
0.100000,Fresh_2026-10-03,169,153,36,31,0.8611111111111112,0.21301775147928995,0.20261437908496732,-0.010403372394322624,11,16,5,-10.860645735496957,5,0.10416666666666667,24,8,-2.658374168817642