source,position_id,symbol,block,transition,base_lane,new_lane,base_source,new_source,strong,baseline_executable,baseline_pnl,baseline_reason,baseline_severe,new_executable,new_pnl,new_reason,new_severe,delta_vs_old
research,PAPER:SYRUPUSDT:1790778599999:SHORT,SYRUPUSDT,Research_Discovery,T1_TO_T2,1,2,LANE1_TEMPORAL,LANE1_TEMPORAL,False,False,,NO_EXECUTABLE_ENTRY,False,False,,NO_EXECUTABLE_ENTRY,False,0
research,PAPER:MAGMAUSDT:1790798099999:SHORT,MAGMAUSDT,Research_Validation,T1_TO_T2,1,2,LANE1_TEMPORAL,LANE1_TEMPORAL,False,True,-3.482210599873302,HIST_TIME_FALLBACK,True,True,-0.5027073524816215,BE0.10,False,2.9795032473916807
research,PAPER:ALICEUSDT:1790748899999:SHORT,ALICEUSDT,Research_Discovery,T1_TO_T2,1,2,LANE1_TEMPORAL,LANE1_TEMPORAL,True,True,0.8667797987909103,FULL_CLOSE_050,False,True,0.8623936314118819,FULL_CLOSE_050,False,-0.004386167379028416
research,PAPER:币安人生USDT:1790680199999:SHORT,币安人生USDT,Research_Discovery,T2_TO_T3,2,3,LANE1_TEMPORAL,LANE1_TEMPORAL,False,True,-3.0101702439253497,HIST_TIME_FALLBACK,True,True,-3.1086875254314106,HIST_TIME_FALLBACK,True,-0.09851728150606087
research,PAPER:ONDOUSDT:1790766599999:SHORT,ONDOUSDT,Research_Discovery,T1_TO_T2,1,2,LANE1_TEMPORAL,LANE1_TEMPORAL,False,True,-3.737246176616498,HIST_TIME_FALLBACK,True,True,-0.056483092889133946,BE0.10,False,3.6807630837273644
research,PAPER:OUSDT:1790823299999:SHORT,OUSDT,Research_Reserve,T1_TO_T3,1,3,LANE1_TEMPORAL,LANE1_TEMPORAL,False,True,-0.12294495715144266,BE0.10,False,True,-3.43649065077915,HIST_TIME_FALLBACK,True,-3.3135456936277077
research,PAPER:PTBUSDT:1790790899999:SHORT,PTBUSDT,Research_Validation,T1_TO_T3,1,3,LANE1_TEMPORAL,LANE1_TEMPORAL,False,True,-1.9766230847075996,HIST_TIME_FALLBACK,False,True,-1.165931958075711,HIST_TIME_FALLBACK,False,0.8106911266318886
research,PAPER:USUALUSDT:1790797499999:SHORT,USUALUSDT,Research_Validation,T1_TO_T2,1,2,LANE1_TEMPORAL,LANE1_TEMPORAL,False,True,0.9109610254888811,FULL_CLOSE_050,False,True,0.8367807430294817,FULL_CLOSE_050,False,-0.07418028245939945
research,PAPER:BERAUSDT:1790818799999:SHORT,BERAUSDT,Research_Reserve,T2_TO_T3,2,3,LANE1_TEMPORAL,LANE1_TEMPORAL,False,False,,NO_EXECUTABLE_ENTRY,False,False,,NO_EXECUTABLE_ENTRY,False,0
research,PAPER:LIGHTUSDT:1790795699999:SHORT,LIGHTUSDT,Research_Validation,T3_SOURCE_SWITCH,3,3,LANE1_TEMPORAL,ALT_T3,False,True,-2.0401741208339974,HIST_TIME_FALLBACK,True,True,-2.0401741208339974,HIST_TIME_FALLBACK,True,0.0
research,PAPER:FETUSDT:1790755499999:SHORT,FETUSDT,Research_Discovery,T1_TO_T2,1,2,LANE1_TEMPORAL,LANE1_TEMPORAL,False,True,-0.01932032152591512,BE0.10,False,True,-0.019752881803106137,BE0.10,False,-0.00043256027719101864
research,PAPER:EIGENUSDT:1790798099999:SHORT,EIGENUSDT,Research_Validation,T1_TO_T2,1,2,LANE1_TEMPORAL,LANE1_TEMPORAL,False,False,,NO_EXECUTABLE_ENTRY,False,False,,NO_EXECUTABLE_ENTRY,False,0
research,PAPER:MEGAUSDT:1790779799999:SHORT,MEGAUSDT,Research_Discovery,T1_TO_T3,1,3,LANE1_TEMPORAL,LANE1_TEMPORAL,True,True,2.21281724751225,FULL_CLOSE_050,False,True,1.1629322463929945,FULL_CLOSE_050,False,-1.0498850011192555
research,PAPER:METISUSDT:1790660099999:SHORT,METISUSDT,Research_Discovery,T2_TO_T3,2,3,LANE1_TEMPORAL,LANE1_TEMPORAL,False,True,-8.637433245456632,HIST_TIME_FALLBACK,True,True,-7.263750993441857,HIST_TIME_FALLBACK,True,1.3736822520147758
research,PAPER:FLOWUSDT:1790793599999:SHORT,FLOWUSDT,Research_Validation,T1_TO_T3,1,3,LANE1_TEMPORAL,ALT_T3,False,True,-0.7895948535231522,HIST_TIME_FALLBACK,False,False,,NO_EXECUTABLE_ENTRY,False,0.7895948535231522
research,PAPER:VVVUSDT:1790683799999:SHORT,VVVUSDT,Research_Discovery,T1_TO_T2,1,2,LANE1_TEMPORAL,LANE1_TEMPORAL,True,True,2.0801008212596668,FULL_CLOSE_050,False,True,1.379914949359523,FULL_CLOSE_050,False,-0.7001858719001437
research,PAPER:FLOCKUSDT:1790769899999:SHORT,FLOCKUSDT,Research_Discovery,T1_TO_T2,1,2,LANE1_TEMPORAL,LANE1_TEMPORAL,False,False,,NO_EXECUTABLE_ENTRY,False,False,,NO_EXECUTABLE_ENTRY,False,0
research,PAPER:EDENUSDT:1790748299999:SHORT,EDENUSDT,Research_Discovery,T2_TO_T3,2,3,LANE1_TEMPORAL,LANE1_TEMPORAL,True,True,1.3742055376249813,FULL_CLOSE_050,False,True,1.2128405322081666,FULL_CLOSE_050,False,-0.16136500541681476
research,PAPER:PLAYUSDT:1790766599999:SHORT,PLAYUSDT,Research_Discovery,T1_TO_T2,1,2,LANE1_TEMPORAL,LANE1_TEMPORAL,False,True,-1.8829388393205204,HIST_TIME_FALLBACK,False,True,-0.1748257411705499,BE0.10,False,1.7081130981499706
research,PAPER:币安人生USDT:1790813099999:SHORT,币安人生USDT,Research_Reserve,T3_SOURCE_SWITCH,3,3,LANE1_TEMPORAL,ALT_T3,False,True,-3.350071092924139,HIST_TIME_FALLBACK,True,True,-3.350071092924139,HIST_TIME_FALLBACK,True,0.0
research,PAPER:ZKCUSDT:1790749499999:SHORT,ZKCUSDT,Research_Discovery,T1_TO_T3,1,3,LANE1_TEMPORAL,LANE1_TEMPORAL,True,True,1.079814310906064,FULL_CLOSE_050,False,True,1.3164755031558943,FULL_CLOSE_050,False,0.2366611922498303
research,PAPER:AEROUSDT:1790670899999:SHORT,AEROUSDT,Research_Discovery,T1_TO_T2,1,2,LANE1_TEMPORAL,LANE1_TEMPORAL,False,True,-0.23371791486162408,BE0.10,False,True,-3.339570420050535,HIST_TIME_FALLBACK,True,-3.1058525051889108
research,PAPER:BREVUSDT:1790819099999:SHORT,BREVUSDT,Research_Reserve,T1_TO_T2,1,2,LANE1_TEMPORAL,LANE1_TEMPORAL,False,True,-0.02725813657777526,BE0.10,False,True,-0.02725813657777526,BE0.10,False,0.0
research,PAPER:BLURUSDT:1790764499999:SHORT,BLURUSDT,Research_Discovery,T1_TO_T2,1,2,LANE1_TEMPORAL,LANE1_TEMPORAL,False,True,1.9280573412239113,FULL_CLOSE_050,False,True,1.4460530928588362,FULL_CLOSE_050,False,-0.48200424836507505
research,PAPER:MARSCOINUSDT:1790747699999:SHORT,MARSCOINUSDT,Research_Discovery,T1_TO_T2,1,2,LANE1_TEMPORAL,LANE1_TEMPORAL,False,True,-0.025798400566339363,BE0.10,False,True,-0.09579120200352242,BE0.10,False,-0.06999280143718306
research,PAPER:FFUSDT:1790764499999:SHORT,FFUSDT,Research_Discovery,T1_TO_T2,1,2,LANE1_TEMPORAL,LANE1_TEMPORAL,False,True,-0.00748723190961037,BE0.10,False,True,-0.04669561982709142,BE0.10,False,-0.03920838791748105
research,PAPER:ACTUSDT:1790660099999:SHORT,ACTUSDT,Research_Discovery,T2_TO_T3,2,3,LANE1_TEMPORAL,LANE1_TEMPORAL,False,True,-7.033153308013008,HIST_TIME_FALLBACK,True,True,-4.812873699346963,HIST_TIME_FALLBACK,True,2.2202796086660452
research,PAPER:ZESTUSDT:1790787599999:SHORT,ZESTUSDT,Research_Discovery,T2_TO_T3,2,3,LANE1_TEMPORAL,LANE1_TEMPORAL,False,False,,NO_EXECUTABLE_ENTRY,False,False,,NO_EXECUTABLE_ENTRY,False,0
research,PAPER:UBUSDT:1790781599999:SHORT,UBUSDT,Research_Discovery,T1_TO_T2,1,2,LANE1_TEMPORAL,LANE1_TEMPORAL,False,True,1.7541225276500436,FULL_CLOSE_050,False,True,1.0246705539196908,FULL_CLOSE_050,False,-0.7294519737303529
research,PAPER:XVSUSDT:1790791499999:SHORT,XVSUSDT,Research_Validation,T1_TO_T2,1,2,LANE1_TEMPORAL,LANE1_TEMPORAL,False,True,-0.12483935369105897,BE0.10,False,True,-0.1261979556404389,BE0.10,False,-0.0013586019493799228
research,PAPER:XANUSDT:1790820299999:SHORT,XANUSDT,Research_Reserve,T1_TO_T2,1,2,LANE1_TEMPORAL,LANE1_TEMPORAL,False,True,-2.5376797392301325,HIST_TIME_FALLBACK,True,True,-2.736824202959218,HIST_TIME_FALLBACK,True,-0.19914446372908534
fresh,PAPER:TRUMPUSDT:1790962799999:SHORT,TRUMPUSDT,Fresh_2026-10-02,T2_TO_T3,2,3,LANE1_TEMPORAL,LANE1_TEMPORAL,False,True,1.2188887825711336,FULL_CLOSE_050,False,True,-0.22611792126995772,BE0.10,False,-1.4450067038410914
fresh,PAPER:SAGAUSDT:1790918399999:SHORT,SAGAUSDT,Fresh_2026-10-02,T1_TO_T2,1,2,LANE1_TEMPORAL,LANE1_TEMPORAL,True,True,2.677166411543166,FULL_CLOSE_050,False,True,3.075344260649532,FULL_CLOSE_050,False,0.3981778491063661
fresh,PAPER:BTWUSDT:1791052199999:SHORT,BTWUSDT,Fresh_2026-10-03,T1_TO_T2,1,2,LANE1_TEMPORAL,LANE1_TEMPORAL,False,True,-3.480765530753359,HIST_TIME_FALLBACK,True,True,-3.480765530753359,HIST_TIME_FALLBACK,True,0.0
fresh,PAPER:我踏马来了USDT:1790965499999:SHORT,我踏马来了USDT,Fresh_2026-10-02,T1_TO_T2,1,2,LANE1_TEMPORAL,LANE1_TEMPORAL,False,True,-0.02708407146646824,BE0.10,False,True,-2.720049283869659,HIST_TIME_FALLBACK,True,-2.6929652124031906
fresh,PAPER:ZENUSDT:1790839499999:SHORT,ZENUSDT,Fresh_2026-10-01,T1_TO_T2,1,2,LANE1_TEMPORAL,LANE1_TEMPORAL,False,True,-6.149350715593908,HIST_TIME_FALLBACK,True,True,-6.499804118251591,HIST_TIME_FALLBACK,True,-0.3504534026576831
fresh,PAPER:SYNUSDT:1790925599999:SHORT,SYNUSDT,Fresh_2026-10-02,T2_TO_T3,2,3,LANE1_TEMPORAL,LANE1_TEMPORAL,True,True,3.418030122593299,FULL_CLOSE_050,False,True,2.514097195726058,FULL_CLOSE_050,False,-0.9039329268672409
fresh,PAPER:BRUSDT:1790893499999:SHORT,BRUSDT,Fresh_2026-10-01,T1_TO_T2,1,2,LANE1_TEMPORAL,LANE1_TEMPORAL,False,False,,NO_EXECUTABLE_ENTRY,False,False,,NO_EXECUTABLE_ENTRY,False,0
fresh,PAPER:NILUSDT:1790842199999:SHORT,NILUSDT,Fresh_2026-10-01,T1_TO_T2,1,2,LANE1_TEMPORAL,LANE1_TEMPORAL,False,False,,NO_EXECUTABLE_ENTRY,False,False,,NO_EXECUTABLE_ENTRY,False,0
fresh,PAPER:AEROUSDT:1790914199999:SHORT,AEROUSDT,Fresh_2026-10-02,T1_TO_T2,1,2,LANE1_TEMPORAL,LANE1_TEMPORAL,False,True,-6.680044414543266,HIST_TIME_FALLBACK,True,True,-6.680044414543266,HIST_TIME_FALLBACK,True,0.0
fresh,PAPER:CYSUSDT:1791042299999:SHORT,CYSUSDT,Fresh_2026-10-03,T3_SOURCE_SWITCH,3,3,LANE1_TEMPORAL,ALT_T3,False,True,-3.0907070387808986,HIST_TIME_FALLBACK,True,True,-3.0907070387808986,HIST_TIME_FALLBACK,True,0.0
fresh,PAPER:BRETTUSDT:1790891099999:SHORT,BRETTUSDT,Fresh_2026-10-01,T1_TO_T2,1,2,LANE1_TEMPORAL,LANE1_TEMPORAL,False,True,-0.4956175806537768,BE0.10,False,True,-0.0400533288475578,BE0.10,False,0.455564251806219
fresh,PAPER:IOSTUSDT:1790914199999:SHORT,IOSTUSDT,Fresh_2026-10-02,T2_TO_T3,2,3,LANE1_TEMPORAL,LANE1_TEMPORAL,False,True,-5.06262884251883,HIST_TIME_FALLBACK,True,True,-5.177828027372148,HIST_TIME_FALLBACK,True,-0.11519918485331804
fresh,PAPER:WLDUSDT:1790869499999:SHORT,WLDUSDT,Fresh_2026-10-01,T1_TO_T2,1,2,LANE1_TEMPORAL,LANE1_TEMPORAL,False,False,,NO_EXECUTABLE_ENTRY,False,False,,NO_EXECUTABLE_ENTRY,False,0
fresh,PAPER:NAORISUSDT:1790922599999:SHORT,NAORISUSDT,Fresh_2026-10-02,T1_TO_T2,1,2,LANE1_TEMPORAL,LANE1_TEMPORAL,False,False,,NO_EXECUTABLE_ENTRY,False,False,,NO_EXECUTABLE_ENTRY,False,0
fresh,PAPER:AEROUSDT:1791025799999:SHORT,AEROUSDT,Fresh_2026-10-03,T1_TO_T2,1,2,LANE1_TEMPORAL,LANE1_TEMPORAL,False,True,-0.06878484865623413,BE0.10,False,True,-0.13235951513537036,BE0.10,False,-0.06357466647913623
fresh,PAPER:BROCCOLI714USDT:1790873699999:SHORT,BROCCOLI714USDT,Fresh_2026-10-01,T1_TO_T2,1,2,LANE1_TEMPORAL,LANE1_TEMPORAL,False,True,-0.19545925770150302,BE0.10,False,True,-0.19545925770150302,BE0.10,False,0.0
fresh,PAPER:BSBUSDT:1790950199999:SHORT,BSBUSDT,Fresh_2026-10-02,T1_TO_T2,1,2,LANE1_TEMPORAL,LANE1_TEMPORAL,False,True,-4.803848269653947,HIST_TIME_FALLBACK,True,True,-4.501432892993429,HIST_TIME_FALLBACK,True,0.30241537666051777
fresh,PAPER:MELANIAUSDT:1791036599999:SHORT,MELANIAUSDT,Fresh_2026-10-03,T2_TO_T3,2,3,LANE1_TEMPORAL,LANE1_TEMPORAL,False,True,-3.6440407627940714,HIST_TIME_FALLBACK,True,True,-3.257431167431875,HIST_TIME_FALLBACK,True,0.3866095953621964
fresh,PAPER:PROMUSDT:1791030299999:SHORT,PROMUSDT,Fresh_2026-10-03,T1_TO_T2,1,2,LANE1_TEMPORAL,LANE1_TEMPORAL,True,True,1.1633135249980198,FULL_CLOSE_050,False,True,1.0823549921938405,FULL_CLOSE_050,False,-0.0809585328041793
fresh,PAPER:ZAMAUSDT:1791029999999:SHORT,ZAMAUSDT,Fresh_2026-10-03,T2_TO_T3,2,3,LANE1_TEMPORAL,LANE1_TEMPORAL,False,True,-3.9955143880487074,HIST_TIME_FALLBACK,True,True,-4.18707791577337,HIST_TIME_FALLBACK,True,-0.191563527724663
fresh,PAPER:ARKUSDT:1790924699999:SHORT,ARKUSDT,Fresh_2026-10-02,T1_TO_T2,1,2,LANE1_TEMPORAL,LANE1_TEMPORAL,True,True,1.1173531975785365,FULL_CLOSE_050,False,True,1.1173531975785365,FULL_CLOSE_050,False,0.0
fresh,PAPER:QUSDT:1790852699999:SHORT,QUSDT,Fresh_2026-10-01,T1_TO_T2,1,2,LANE1_TEMPORAL,LANE1_TEMPORAL,False,True,0.8020333939373374,FULL_CLOSE_050,False,True,1.1308633959134464,FULL_CLOSE_050,False,0.328830001976109
fresh,PAPER:TAKEUSDT:1790933099999:SHORT,TAKEUSDT,Fresh_2026-10-02,T2_TO_T3,2,3,LANE1_TEMPORAL,LANE1_TEMPORAL,True,True,0.8735571845458621,FULL_CLOSE_050,False,True,-2.3452785314073594,HIST_TIME_FALLBACK,False,-3.2188357159532215
fresh,PAPER:CVCUSDT:1790899799999:SHORT,CVCUSDT,Fresh_2026-10-02,T1_TO_T2,1,2,LANE1_TEMPORAL,LANE1_TEMPORAL,False,True,-3.401586659153512,HIST_TIME_FALLBACK,True,True,-3.237413491183804,HIST_TIME_FALLBACK,True,0.16417316796970827
fresh,PAPER:BBUSDT:1790965199999:SHORT,BBUSDT,Fresh_2026-10-02,T1_TO_T3,1,3,LANE1_TEMPORAL,LANE1_TEMPORAL,True,True,1.4060739318367128,FULL_CLOSE_050,False,True,-0.8449719213416984,BE0.10,False,-2.251045853178411
fresh,PAPER:1000XECUSDT:1790912999999:SHORT,1000XECUSDT,Fresh_2026-10-02,T1_TO_T2,1,2,LANE1_TEMPORAL,LANE1_TEMPORAL,False,False,,NO_EXECUTABLE_ENTRY,False,False,,NO_EXECUTABLE_ENTRY,False,0
fresh,PAPER:NEARUSDT:1790882699999:SHORT,NEARUSDT,Fresh_2026-10-01,T1_TO_T3,1,3,LANE1_TEMPORAL,LANE1_TEMPORAL,True,True,4.115523367994555,FULL_CLOSE_050,False,True,1.2398264184086814,FULL_CLOSE_050,False,-2.875696949585874
fresh,PAPER:CVXUSDT:1790866199999:SHORT,CVXUSDT,Fresh_2026-10-01,T1_TO_T2,1,2,LANE1_TEMPORAL,LANE1_TEMPORAL,False,True,-0.006153847459667017,BE0.10,False,True,-1.6572171425809599,HIST_TIME_FALLBACK,False,-1.651063295121293
fresh,PAPER:TUSDT:1791030299999:SHORT,TUSDT,Fresh_2026-10-03,T1_TO_T2,1,2,LANE1_TEMPORAL,LANE1_TEMPORAL,True,True,3.2725238335765527,FULL_CLOSE_050,False,True,1.3468693876441307,FULL_CLOSE_050,False,-1.925654445932422
fresh,PAPER:APTUSDT:1790965199999:SHORT,APTUSDT,Fresh_2026-10-02,T1_TO_T3,1,3,LANE1_TEMPORAL,LANE1_TEMPORAL,False,True,-1.1371578629719437,HIST_TIME_FALLBACK,False,True,-0.9501900380076185,HIST_TIME_FALLBACK,False,0.18696782496432518
fresh,PAPER:哈基米USDT:1790882699999:SHORT,哈基米USDT,Fresh_2026-10-01,T2_TO_T3,2,3,LANE1_TEMPORAL,LANE1_TEMPORAL,False,True,-8.513614124304885,HIST_TIME_FALLBACK,True,True,-8.827183154927742,HIST_TIME_FALLBACK,True,-0.31356903062285646
fresh,PAPER:GRASSUSDT:1790996099999:SHORT,GRASSUSDT,Fresh_2026-10-03,T1_TO_T2,1,2,LANE1_TEMPORAL,LANE1_TEMPORAL,False,True,-2.4423233227198957,HIST_TIME_FALLBACK,True,True,-2.1574220185220137,HIST_TIME_FALLBACK,True,0.28490130419788207
fresh,PAPER:STRKUSDT:1790968799999:SHORT,STRKUSDT,Fresh_2026-10-02,T1_TO_T3,1,3,LANE1_TEMPORAL,LANE1_TEMPORAL,False,True,0.39445638211897427,FULL_CLOSE_050,False,True,-1.0720437843654271,HIST_TIME_FALLBACK,False,-1.4665001664844013
fresh,PAPER:MEWUSDT:1791016199999:SHORT,MEWUSDT,Fresh_2026-10-03,T1_TO_T3,1,3,LANE1_TEMPORAL,LANE1_TEMPORAL,False,True,-1.3389863021146926,BE0.10,False,True,-2.410444384676181,HIST_TIME_FALLBACK,True,-1.0714580825614886
fresh,PAPER:PIPPINUSDT:1790882699999:SHORT,PIPPINUSDT,Fresh_2026-10-01,T1_TO_T3,1,3,LANE1_TEMPORAL,LANE1_TEMPORAL,False,True,1.2121217980096646,FULL_CLOSE_050,False,True,-0.13668756232277357,BE0.10,False,-1.3488093603324383
fresh,PAPER:HYPEUSDT:1790951699999:SHORT,HYPEUSDT,Fresh_2026-10-02,T2_TO_T3,2,3,LANE1_TEMPORAL,LANE1_TEMPORAL,False,True,-0.0008512200102290257,BE0.10,False,True,1.0933603718340255,FULL_CLOSE_050,False,1.0942115918442545
fresh,PAPER:ATHUSDT:1790865899999:SHORT,ATHUSDT,Fresh_2026-10-01,T2_TO_T3,2,3,LANE1_TEMPORAL,LANE1_TEMPORAL,False,False,,NO_EXECUTABLE_ENTRY,False,False,,NO_EXECUTABLE_ENTRY,False,0
fresh,PAPER:B2USDT:1790951399999:SHORT,B2USDT,Fresh_2026-10-02,T1_TO_T3,1,3,LANE1_TEMPORAL,LANE1_TEMPORAL,False,True,-0.03301236896399101,BE0.10,False,True,-0.13309117648872998,BE0.10,False,-0.10007880752473897
fresh,PAPER:CLOUSDT:1790871599999:SHORT,CLOUSDT,Fresh_2026-10-01,T1_TO_T2,1,2,LANE1_TEMPORAL,LANE1_TEMPORAL,False,True,-3.746699479560733,HIST_TIME_FALLBACK,True,True,-2.957027997023489,HIST_TIME_FALLBACK,True,0.7896714825372437
fresh,PAPER:ARBUSDT:1790968199999:SHORT,ARBUSDT,Fresh_2026-10-02,T2_TO_T3,2,3,LANE1_TEMPORAL,LANE1_TEMPORAL,True,True,2.1565197092435056,FULL_CLOSE_050,False,True,1.2321684436162297,FULL_CLOSE_050,False,-0.9243512656272759
fresh,PAPER:DOLOUSDT:1790965799999:SHORT,DOLOUSDT,Fresh_2026-10-02,T1_TO_T2,1,2,LANE1_TEMPORAL,LANE1_TEMPORAL,True,True,4.677970167446233,RUNNER_CLOSE,False,True,5.331797155335986,RUNNER_CLOSE,False,0.6538269878897527
fresh,PAPER:ZENUSDT:1790965199999:SHORT,ZENUSDT,Fresh_2026-10-02,T1_TO_T3,1,3,LANE1_TEMPORAL,ALT_T3,True,True,1.0700038681705697,FULL_CLOSE_050,False,True,0.9998215232427969,FULL_CLOSE_050,False,-0.07018234492777276
fresh,PAPER:MASKUSDT:1791011399999:SHORT,MASKUSDT,Fresh_2026-10-03,T1_TO_T2,1,2,LANE1_TEMPORAL,LANE1_TEMPORAL,True,True,1.2940843008627074,FULL_CLOSE_050,False,True,1.5985634754242408,FULL_CLOSE_050,False,0.3044791745615334
fresh,PAPER:NEOUSDT:1790873699999:SHORT,NEOUSDT,Fresh_2026-10-01,T1_TO_T2,1,2,LANE1_TEMPORAL,LANE1_TEMPORAL,False,True,-2.1515704940987166,HIST_TIME_FALLBACK,True,True,-0.14990995801085288,BE0.10,False,2.0016605360878637
fresh,PAPER:PROMPTUSDT:1790994299999:SHORT,PROMPTUSDT,Fresh_2026-10-03,T1_TO_T2,1,2,LANE1_TEMPORAL,LANE1_TEMPORAL,False,True,-0.20602474062698495,BE0.10,False,True,-0.2056557940244686,BE0.10,False,0.00036894660251635125
fresh,PAPER:AVAAIUSDT:1790882699999:SHORT,AVAAIUSDT,Fresh_2026-10-01,T2_TO_T3,2,3,LANE1_TEMPORAL,LANE1_TEMPORAL,False,True,-3.7664375269693933,HIST_TIME_FALLBACK,True,True,-4.075582729135412,HIST_TIME_FALLBACK,True,-0.30914520216601904
fresh,PAPER:SAFEUSDT:1790882699999:SHORT,SAFEUSDT,Fresh_2026-10-01,T1_TO_T3,1,3,LANE1_TEMPORAL,LANE1_TEMPORAL,False,True,-0.024997929999048984,BE0.10,False,True,-0.0696300333115486,BE0.10,False,-0.044632103312499616
fresh,PAPER:1000000BOBUSDT:1790887499999:SHORT,1000000BOBUSDT,Fresh_2026-10-01,T3_SOURCE_SWITCH,3,3,LANE1_TEMPORAL,ALT_T3,False,False,,NO_EXECUTABLE_ENTRY,False,False,,NO_EXECUTABLE_ENTRY,False,0
fresh,PAPER:SXTUSDT:1790966099999:SHORT,SXTUSDT,Fresh_2026-10-02,T2_TO_T3,2,3,LANE1_TEMPORAL,LANE1_TEMPORAL,True,True,8.62527831136312,RUNNER_CLOSE,False,True,8.731383059431892,RUNNER_CLOSE,False,0.10610474806877157
fresh,PAPER:AZTECUSDT:1790936399999:SHORT,AZTECUSDT,Fresh_2026-10-02,T2_TO_T3,2,3,LANE1_TEMPORAL,LANE1_TEMPORAL,False,True,-0.09838880708647002,BE0.10,False,True,-0.09838880708647002,BE0.10,False,0.0
fresh,PAPER:PEOPLEUSDT:1791019199999:SHORT,PEOPLEUSDT,Fresh_2026-10-03,T1_TO_T2,1,2,LANE1_TEMPORAL,LANE1_TEMPORAL,False,True,-1.288112083487762,HIST_TIME_FALLBACK,False,True,-0.6127236177572708,HIST_TIME_FALLBACK,False,0.6753884657304912
fresh,PAPER:SCRUSDT:1790994299999:SHORT,SCRUSDT,Fresh_2026-10-03,T1_TO_T2,1,2,LANE1_TEMPORAL,LANE1_TEMPORAL,False,True,-1.8580159176557092,HIST_TIME_FALLBACK,False,True,-1.3129256829626328,HIST_TIME_FALLBACK,False,0.5450902346930764
fresh,PAPER:ARXUSDT:1790923199999:SHORT,ARXUSDT,Fresh_2026-10-02,T1_TO_T2,1,2,LANE1_TEMPORAL,LANE1_TEMPORAL,False,True,-0.23788098067846686,BE0.10,False,True,-0.06012035444067315,BE0.10,False,0.1777606262377937
fresh,PAPER:我踏马来了USDT:1791043799999:SHORT,我踏马来了USDT,Fresh_2026-10-03,T1_TO_T3,1,3,LANE1_TEMPORAL,ALT_T3,True,True,4.524375880297194,FULL_CLOSE_050,False,True,4.309413817028814,FULL_CLOSE_050,False,-0.21496206326838063
fresh,PAPER:HUMAUSDT:1791011099999:SHORT,HUMAUSDT,Fresh_2026-10-03,T1_TO_T2,1,2,LANE1_TEMPORAL,LANE1_TEMPORAL,True,True,1.035920908670005,FULL_CLOSE_050,False,True,3.525016350761228,FULL_CLOSE_050,False,2.489095442091223
fresh,PAPER:RSRUSDT:1790962799999:SHORT,RSRUSDT,Fresh_2026-10-02,T2_TO_T3,2,3,LANE1_TEMPORAL,LANE1_TEMPORAL,False,True,-3.3211796888684937,HIST_TIME_FALLBACK,True,True,-2.7263290919567247,HIST_TIME_FALLBACK,True,0.594850596911769
fresh,PAPER:YGGUSDT:1790965199999:SHORT,YGGUSDT,Fresh_2026-10-02,T1_TO_T2,1,2,LANE1_TEMPORAL,LANE1_TEMPORAL,True,True,1.073450936052803,FULL_CLOSE_050,False,True,1.072707497046878,FULL_CLOSE_050,False,-0.0007434390059251061
fresh,PAPER:CAPUSDT:1790924699999:SHORT,CAPUSDT,Fresh_2026-10-02,T2_TO_T3,2,3,LANE1_TEMPORAL,LANE1_TEMPORAL,False,False,,NO_EXECUTABLE_ENTRY,False,False,,NO_EXECUTABLE_ENTRY,False,0
fresh,PAPER:ARUSDT:1791001199999:SHORT,ARUSDT,Fresh_2026-10-03,T1_TO_T2,1,2,LANE1_TEMPORAL,LANE1_TEMPORAL,False,True,0.9163219733204049,FULL_CLOSE_050,False,True,0.9163219733204049,FULL_CLOSE_050,False,0.0