position_id,symbol,source,block,transition,strong,new_executable,new_pnl,new_reason,t2_confirm_side_return_pct,t3_confirm_side_return_pct,t3_minus_t2_confirmation_pp,primary_drop
PAPER:币安人生USDT:1790680199999:SHORT,币安人生USDT,research,Research_Discovery,T2_TO_T3,False,True,-3.1086875254314106,HIST_TIME_FALLBACK,0.03917727717923647,0.07835455435846184,0.03917727717922537,True
PAPER:BERAUSDT:1790818799999:SHORT,BERAUSDT,research,Research_Reserve,T2_TO_T3,False,False,,NO_EXECUTABLE_ENTRY,0.04025764895331241,0.5233494363929281,0.48309178743961567,False
PAPER:METISUSDT:1790660099999:SHORT,METISUSDT,research,Research_Discovery,T2_TO_T3,False,True,-7.263750993441857,HIST_TIME_FALLBACK,0.06006006006006315,0.3903903903903827,0.33033033033031955,False
PAPER:EDENUSDT:1790748299999:SHORT,EDENUSDT,research,Research_Discovery,T2_TO_T3,True,True,1.2128405322081666,FULL_CLOSE_050,0.06623613180990473,0.14903129657227732,0.08279516476237259,False
PAPER:ACTUSDT:1790660099999:SHORT,ACTUSDT,research,Research_Discovery,T2_TO_T3,False,True,-4.812873699346963,HIST_TIME_FALLBACK,0.05730659025788842,0.19102196752627254,0.13371537726838412,False
PAPER:ZESTUSDT:1790787599999:SHORT,ZESTUSDT,research,Research_Discovery,T2_TO_T3,False,False,,NO_EXECUTABLE_ENTRY,0.04599580927071578,0.11243420043951513,0.06643839116879935,True
PAPER:TRUMPUSDT:1790962799999:SHORT,TRUMPUSDT,fresh,Fresh_2026-10-02,T2_TO_T3,False,True,-0.22611792126995772,BE0.10,0.048007681229012,0.3360537686029841,0.2880460873739721,False
PAPER:SYNUSDT:1790925599999:SHORT,SYNUSDT,fresh,Fresh_2026-10-02,T2_TO_T3,True,True,2.514097195726058,FULL_CLOSE_050,0.06261740763932044,0.22769966414298848,0.16508225650366803,False
PAPER:IOSTUSDT:1790914199999:SHORT,IOSTUSDT,fresh,Fresh_2026-10-02,T2_TO_T3,False,True,-5.177828027372148,HIST_TIME_FALLBACK,0.03419972640218427,0.09119927040582843,0.056999544003644154,True
PAPER:MELANIAUSDT:1791036599999:SHORT,MELANIAUSDT,fresh,Fresh_2026-10-03,T2_TO_T3,False,True,-3.257431167431875,HIST_TIME_FALLBACK,0.06718495057107532,0.11517420097898468,0.047989250407909356,True
PAPER:ZAMAUSDT:1791029999999:SHORT,ZAMAUSDT,fresh,Fresh_2026-10-03,T2_TO_T3,False,True,-4.18707791577337,HIST_TIME_FALLBACK,0.05065214638469984,0.11396732936557186,0.06331518298087202,True
PAPER:TAKEUSDT:1790933099999:SHORT,TAKEUSDT,fresh,Fresh_2026-10-02,T2_TO_T3,True,True,-2.3452785314073594,HIST_TIME_FALLBACK,0.05192107995845019,0.25960539979230646,0.20768431983385627,False
PAPER:哈基米USDT:1790882699999:SHORT,哈基米USDT,fresh,Fresh_2026-10-01,T2_TO_T3,False,True,-8.827183154927742,HIST_TIME_FALLBACK,0.06146281499692652,0.3687768899815702,0.3073140749846437,False
PAPER:HYPEUSDT:1790951699999:SHORT,HYPEUSDT,fresh,Fresh_2026-10-02,T2_TO_T3,False,True,1.0933603718340255,FULL_CLOSE_050,0.060114217012308124,0.21151298578410138,0.15139876877179326,False
PAPER:ATHUSDT:1790865899999:SHORT,ATHUSDT,fresh,Fresh_2026-10-01,T2_TO_T3,False,False,,NO_EXECUTABLE_ENTRY,0.05185825410545242,0.17286084701816362,0.1210025929127112,False
PAPER:ARBUSDT:1790968199999:SHORT,ARBUSDT,fresh,Fresh_2026-10-02,T2_TO_T3,True,True,1.2321684436162297,FULL_CLOSE_050,0.04192212964418962,0.3668186343866342,0.3248965047424446,False
PAPER:AVAAIUSDT:1790882699999:SHORT,AVAAIUSDT,fresh,Fresh_2026-10-01,T2_TO_T3,False,True,-4.075582729135412,HIST_TIME_FALLBACK,0.05105687736137732,0.16338200755642296,0.11232513019504564,False
PAPER:SXTUSDT:1790966099999:SHORT,SXTUSDT,fresh,Fresh_2026-10-02,T2_TO_T3,True,True,8.731383059431892,RUNNER_CLOSE,0.04311273981462138,0.26945462384133645,0.22634188402671507,False
PAPER:AZTECUSDT:1790936399999:SHORT,AZTECUSDT,fresh,Fresh_2026-10-02,T2_TO_T3,False,True,-0.09838880708647002,BE0.10,0.056593095642354374,0.1697792869270076,0.11318619128465324,False
PAPER:RSRUSDT:1790962799999:SHORT,RSRUSDT,fresh,Fresh_2026-10-02,T2_TO_T3,False,True,-2.7263290919567247,HIST_TIME_FALLBACK,0.05906674542233148,0.17720023626698334,0.11813349084465186,False
PAPER:CAPUSDT:1790924699999:SHORT,CAPUSDT,fresh,Fresh_2026-10-02,T2_TO_T3,False,False,,NO_EXECUTABLE_ENTRY,0.042134831460682864,0.1404494382022503,0.09831460674156745,False
PAPER:LIGHTUSDT:1790795699999:SHORT,LIGHTUSDT,research,Research_Validation,T3_SOURCE_SWITCH,False,True,-2.0401741208339974,HIST_TIME_FALLBACK,,,,True
PAPER:币安人生USDT:1790813099999:SHORT,币安人生USDT,research,Research_Reserve,T3_SOURCE_SWITCH,False,True,-3.350071092924139,HIST_TIME_FALLBACK,,,,True
PAPER:CYSUSDT:1791042299999:SHORT,CYSUSDT,fresh,Fresh_2026-10-03,T3_SOURCE_SWITCH,False,True,-3.0907070387808986,HIST_TIME_FALLBACK,,,,True
PAPER:1000000BOBUSDT:1790887499999:SHORT,1000000BOBUSDT,fresh,Fresh_2026-10-01,T3_SOURCE_SWITCH,False,False,,NO_EXECUTABLE_ENTRY,,,,True