lane,bucket,selected,executable,selected_share,strong_selected,strong_executable,non_target_executable,wr,pnl,avg_pnl,strong_pnl,non_target_pnl,severe_fallback_n,severe_fallback_pnl
0,BAD_A_LT_0P30,76,76,0.06991720331186753,0,0,76,0.0,-140.3434456712222,-1.8466242851476606,0,-140.3434456712222,39,-122.4159534884003
0,BAD_B_0P30_0P50,36,36,0.03311867525298988,0,0,36,0.0,-50.254197997664754,-1.3959499443795764,0,-50.254197997664754,9,-45.96738703105507
0,GRAY_0P50_1P00,63,63,0.05795768169273229,0,0,63,0.42857142857142855,-8.761058527241065,-0.1390644210673185,0,-8.761058527241065,8,-25.518385852234232
0,TARGET_GE_1P00,89,89,0.08187672493100276,66,66,23,0.7303370786516854,132.5479420844906,1.489302720050456,140.27717834718746,-7.729236262696861,6,-21.897908703547447
1,BAD_A_LT_0P30,50,50,0.045998160073597055,0,0,50,0.02,-117.33540898599219,-2.346708179719844,0,-117.33540898599219,30,-101.92518686941183
1,BAD_B_0P30_0P50,42,42,0.03863845446182153,0,0,42,0.09523809523809523,-97.46607488080873,-2.320620830495446,0,-97.46607488080873,17,-97.49080272004672
1,GRAY_0P50_1P00,102,90,0.09383624655013799,0,0,90,0.2,-65.71113883326836,-0.7301237648140929,0,-65.71113883326836,19,-63.31934909520065
1,TARGET_GE_1P00,73,60,0.0671573137074517,63,58,2,0.8333333333333334,140.83159796175428,2.3471932993625715,139.77710237947045,1.0544955822838222,0,0
2,BAD_A_LT_0P30,73,61,0.0671573137074517,0,0,61,0.0,-155.87430844420598,-2.5553165318722293,0,-155.87430844420598,36,-139.39853251763884
2,BAD_B_0P30_0P50,54,54,0.04967801287948482,0,0,54,0.0,-130.0013718098112,-2.4074328112927996,0,-130.0013718098112,27,-120.14639830389808
2,GRAY_0P50_1P00,138,85,0.12695492180312787,0,0,85,0.23529411764705882,-53.4184110141452,-0.6284518942840611,0,-53.4184110141452,17,-51.993960100686934
2,TARGET_GE_1P00,118,94,0.10855565777368906,99,88,6,0.8617021276595744,222.4895104450265,2.366909685585388,220.5321453708291,1.957365074197385,1,-2.324497658715959
3,BAD_A_LT_0P30,44,37,0.040478380864765406,0,0,37,0.0,-90.05097979644316,-2.433810264768734,0,-90.05097979644316,22,-79.54673351785345
3,BAD_B_0P30_0P50,23,23,0.021159153633854646,0,0,23,0.043478260869565216,-51.81878672673636,-2.252990727249407,0,-51.81878672673636,10,-47.77662788198839
3,GRAY_0P50_1P00,60,35,0.05519779208831647,0,0,35,0.2857142857142857,-8.242575620415703,-0.2355021605833058,0,-8.242575620415703,3,-9.948305712582378
3,TARGET_GE_1P00,46,36,0.04231830726770929,38,34,2,0.9444444444444444,93.01962039793861,2.5838783443871836,91.46620050671733,1.553419891221277,0,0