group_id,representative,member,relationship
1,f_micro_distance_selected_extreme_15m,f_micro_distance_selected_extreme_15m,self
1,f_micro_distance_selected_extreme_15m,f_micro_distance_selected_extreme_30m,spearman_0.946
2,f_ret_1h_pct_for_selected,f_ret_1h_pct_for_selected,self
2,f_ret_1h_pct_for_selected,f_ret_1h_pct_raw,inverse_spearman_-1.000
3,f_f_relative_overextension_30m,f_f_relative_overextension_30m,self
3,f_f_relative_overextension_30m,f_f_coin_minus_market_30m,spearman_1.000
3,f_f_relative_overextension_30m,f_micro_side_ret_30m,spearman_0.918
4,f_median_abs_ret_5m_pct,f_median_abs_ret_5m_pct,self
5,f_score_component_selected_momentum,f_score_component_selected_momentum,self
5,f_score_component_selected_momentum,f_score_component_delta_momentum,spearman_0.984
6,f_context_quote_volume_5m,f_context_quote_volume_5m,self
7,f_gate_side_ret_3m_pct,f_gate_side_ret_3m_pct,self
7,f_gate_side_ret_3m_pct,f_gate_ret_3m_pct_raw,inverse_spearman_-1.000
7,f_gate_side_ret_3m_pct,f_micro_side_ret_3m,spearman_1.000
7,f_gate_side_ret_3m_pct,f_f_selected_slope5_norm,spearman_0.869
8,f_f_coin_residual_5m_vs_btc,f_f_coin_residual_5m_vs_btc,self
8,f_f_coin_residual_5m_vs_btc,f_f_coin_minus_market_5m,spearman_0.884
9,f_micro_selected_vwap_extension_20,f_micro_selected_vwap_extension_20,self