archetype,feature,direction,discovery_auc,holdout_research_auc,fresh_auc
A1_LOW_DISPLACEMENT,f_f_market_dispersion_5m,HIGH_BAD,0.784,0.711,0.553
A1_LOW_DISPLACEMENT,f_gate_price_drift_pct,HIGH_BAD,0.706,0.625,0.573
A1_LOW_DISPLACEMENT,f_gate_side_adjusted_drift_pct,LOW_BAD,0.294,0.375,0.427
A1_LOW_DISPLACEMENT,f_new_accel_5_vs_15,HIGH_BAD,0.684,0.547,0.587
A1_LOW_DISPLACEMENT,f_f_market_selected_ret_30m,HIGH_BAD,0.647,0.530,0.567
A1_LOW_DISPLACEMENT,f_new_positioning_support,LOW_BAD,0.369,0.457,0.458
A1_LOW_DISPLACEMENT,f_gate_reason_family_positioning_neutral,HIGH_BAD,0.631,0.543,0.542
A1_LOW_DISPLACEMENT,f_ret_5m_pct_for_selected,HIGH_BAD,0.615,0.509,0.571
A1_LOW_DISPLACEMENT,f_new_momentum_curvature,HIGH_BAD,0.613,0.506,0.591
A2_WEAK_RELATIVE_EXPANSION,f_micro_decay_5_vs_prev5,LOW_BAD,0.311,0.405,0.456
A2_WEAK_RELATIVE_EXPANSION,f_f_market_dispersion_5m,HIGH_BAD,0.678,0.543,0.564
A2_WEAK_RELATIVE_EXPANSION,f_new_momentum_curvature,HIGH_BAD,0.627,0.673,0.572
A2_WEAK_RELATIVE_EXPANSION,f_ret_5m_pct_for_selected,HIGH_BAD,0.627,0.717,0.555
A2_WEAK_RELATIVE_EXPANSION,f_new_extension_5m_norm,HIGH_BAD,0.618,0.792,0.601
A2_WEAK_RELATIVE_EXPANSION,f_new_accel_5_vs_15,HIGH_BAD,0.618,0.729,0.574
A2_WEAK_RELATIVE_EXPANSION,f_context_quote_volume_24h,LOW_BAD,0.400,0.476,0.392
A3_LOW_ENERGY_RESIDUAL,f_micro_prev3_side_ret,HIGH_BAD,0.680,0.525,0.545
A3_LOW_ENERGY_RESIDUAL,f_micro_side_ret_5m,HIGH_BAD,0.627,0.592,0.551
A3_LOW_ENERGY_RESIDUAL,f_ret_5m_pct_for_selected,HIGH_BAD,0.622,0.575,0.586
A3_LOW_ENERGY_RESIDUAL,f_new_extension_60m_norm,LOW_BAD,0.396,0.317,0.436