position_id,symbol,source,block,lane,mfe_pct,mfe_bucket,strong,executable,pnl,reason,K1_A1_TURBULENT_UNSUPPORTED,K2_A2_ILLIQUID_DISPERSION,K3_A3_SHORT_BURST_NO_EXTENSION,ct7c_kill
PAPER:RVNUSDT:1790750399999:SHORT,RVNUSDT,research,Research_Discovery,2,0.195185,BAD_A_LT_0P30,False,True,-0.09046450767179115,,False,True,False,True
PAPER:ASTERUSDT:1790790899999:SHORT,ASTERUSDT,research,Research_Validation,1,0.01994,BAD_A_LT_0P30,False,True,-2.146307576927568,,True,False,False,True
PAPER:WETUSDT:1790805899999:SHORT,WETUSDT,research,Research_Reserve,1,0.212637,BAD_A_LT_0P30,False,True,-3.280976271305775,,False,True,False,True
PAPER:MOVEUSDT:1790660099999:SHORT,MOVEUSDT,research,Research_Discovery,2,0.244508,BAD_A_LT_0P30,False,True,-7.46764555987584,,True,False,False,True
PAPER:ZETAUSDT:1790813099999:SHORT,ZETAUSDT,research,Research_Reserve,2,0.096253,BAD_A_LT_0P30,False,True,-1.2409966937229422,,False,False,True,True
PAPER:TOWNSUSDT:1790798999999:SHORT,TOWNSUSDT,research,Research_Validation,0,0.267823,BAD_A_LT_0P30,False,True,-0.4700219900094974,,False,True,False,True
PAPER:MUBARAKUSDT:1790813999999:SHORT,MUBARAKUSDT,research,Research_Reserve,0,0.497283,BAD_B_0P30_0P50,False,True,-0.03155021644970191,,True,False,False,True
PAPER:NEOUSDT:1790660099999:SHORT,NEOUSDT,research,Research_Discovery,2,0.384608,BAD_B_0P30_0P50,False,True,-7.245456119621564,,True,False,True,True
PAPER:AZTECUSDT:1790683199999:SHORT,AZTECUSDT,research,Research_Discovery,1,0.190897,BAD_A_LT_0P30,False,True,-3.3275919959717752,,False,False,True,True
PAPER:ZETAUSDT:1790755799999:SHORT,ZETAUSDT,research,Research_Discovery,1,0.384701,BAD_B_0P30_0P50,False,True,-8.865185329777047,,False,True,False,True
PAPER:INUSDT:1790660099999:SHORT,INUSDT,research,Research_Discovery,1,0.385702,BAD_B_0P30_0P50,False,True,-0.0016176692294866402,,True,True,False,True
PAPER:AUCTIONUSDT:1790660099999:SHORT,AUCTIONUSDT,research,Research_Discovery,2,0.172501,BAD_A_LT_0P30,False,True,-5.498367700797842,,True,False,False,True
PAPER:DUSKUSDT:1790660099999:SHORT,DUSKUSDT,research,Research_Discovery,2,0.200116,BAD_A_LT_0P30,False,True,-4.68674003706758,,True,True,False,True
PAPER:VELVETUSDT:1790660099999:SHORT,VELVETUSDT,research,Research_Discovery,2,0.091398,BAD_A_LT_0P30,False,True,-7.086512947091679,,True,True,False,True
PAPER:SHELLUSDT:1790673899999:SHORT,SHELLUSDT,research,Research_Discovery,2,0.493527,BAD_B_0P30_0P50,False,True,-3.1291876994314487,,False,True,False,True
PAPER:TRUMPUSDT:1790750999999:SHORT,TRUMPUSDT,research,Research_Discovery,1,0.327288,BAD_B_0P30_0P50,False,True,-2.439997151215881,,False,False,True,True
PAPER:ETCUSDT:1790789699999:SHORT,ETCUSDT,research,Research_Validation,0,0.844075,GRAY_0P50_1P00,False,True,0.7346810156377386,,True,False,False,True
PAPER:ONDOUSDT:1790766599999:SHORT,ONDOUSDT,research,Research_Discovery,2,0.238292,BAD_A_LT_0P30,False,True,-0.056483092889133946,,True,False,True,True
PAPER:1000000MOGUSDT:1790766599999:SHORT,1000000MOGUSDT,research,Research_Discovery,1,0.404169,BAD_B_0P30_0P50,False,True,-11.183413684440444,,True,False,False,True
PAPER:MMTUSDT:1790793299999:SHORT,MMTUSDT,research,Research_Validation,0,0.139518,BAD_A_LT_0P30,False,True,-1.216311882791259,,True,False,False,True
PAPER:CLOUSDT:1790801099999:SHORT,CLOUSDT,research,Research_Validation,0,2.152527,TARGET_GE_1P00,True,True,0.8062141375643592,,False,False,True,True
PAPER:AVNTUSDT:1790802599999:SHORT,AVNTUSDT,research,Research_Reserve,1,0.301755,BAD_B_0P30_0P50,False,True,-0.20388364984674845,,False,True,False,True
PAPER:GMTUSDT:1790660099999:SHORT,GMTUSDT,research,Research_Discovery,2,0.23652,BAD_A_LT_0P30,False,True,-7.686582367855947,,True,True,False,True
PAPER:GRAMUSDT:1790660099999:SHORT,GRAMUSDT,research,Research_Discovery,0,0.304736,BAD_B_0P30_0P50,False,True,-0.30009238860757104,,True,False,False,True
PAPER:POWERUSDT:1790765099999:SHORT,POWERUSDT,research,Research_Discovery,2,0.04675,BAD_A_LT_0P30,False,True,-2.340058957482309,,False,False,True,True
PAPER:STOUSDT:1790803499999:SHORT,STOUSDT,research,Research_Reserve,0,0.17133,BAD_A_LT_0P30,False,True,-0.3517022450400825,,False,True,False,True
PAPER:ACTUSDT:1790660099999:SHORT,ACTUSDT,research,Research_Discovery,3,0.199757,BAD_A_LT_0P30,False,True,-4.812873699346963,,True,True,True,True
PAPER:BSBUSDT:1790770199999:SHORT,BSBUSDT,research,Research_Discovery,2,0.282643,BAD_A_LT_0P30,False,True,-0.07121692117171291,,False,False,True,True
PAPER:LDOUSDT:1790789699999:SHORT,LDOUSDT,research,Research_Validation,0,0.543245,GRAY_0P50_1P00,False,True,-0.08282995130533888,,True,False,False,True
PAPER:PROMUSDT:1790772599999:SHORT,PROMUSDT,research,Research_Discovery,0,0.483162,BAD_B_0P30_0P50,False,True,-0.08455144495331979,,True,False,False,True
PAPER:PIXELUSDT:1790802599999:SHORT,PIXELUSDT,research,Research_Reserve,0,0.294524,BAD_A_LT_0P30,False,True,-0.25057411901662313,,False,True,False,True
PAPER:IOSTUSDT:1790660099999:SHORT,IOSTUSDT,research,Research_Discovery,0,0.174543,BAD_A_LT_0P30,False,True,-0.14835334915950815,,False,False,True,True
PAPER:CTSIUSDT:1790660099999:SHORT,CTSIUSDT,research,Research_Discovery,1,0.230135,BAD_A_LT_0P30,False,True,-5.7892627666241365,,False,False,True,True
PAPER:HUMAUSDT:1790796299999:SHORT,HUMAUSDT,research,Research_Validation,2,0.337933,BAD_B_0P30_0P50,False,True,-1.696644078885666,,True,False,False,True
PAPER:BANUSDT:1790802599999:SHORT,BANUSDT,research,Research_Reserve,0,0.108165,BAD_A_LT_0P30,False,True,-2.8745540554530713,,False,True,True,True
PAPER:PONSUSDT:1790895899999:SHORT,PONSUSDT,fresh,Fresh_2026-10-01,1,0.395921,BAD_B_0P30_0P50,False,True,-0.056483092889133946,,True,False,False,True
PAPER:TUSDT:1791030299999:SHORT,TUSDT,fresh,Fresh_2026-10-03,2,1.244448,TARGET_GE_1P00,True,True,1.3468693876441307,,False,False,True,True
PAPER:PTBUSDT:1791029399999:SHORT,PTBUSDT,fresh,Fresh_2026-10-03,2,0.537031,GRAY_0P50_1P00,False,True,1.0846684580818937,,False,False,True,True
PAPER:ACUUSDT:1790894999999:SHORT,ACUUSDT,fresh,Fresh_2026-10-01,0,0.056271,BAD_A_LT_0P30,False,True,-2.4389746343228706,,False,True,False,True
PAPER:TOSHIUSDT:1790838899999:SHORT,TOSHIUSDT,fresh,Fresh_2026-10-01,3,2.063746,TARGET_GE_1P00,True,True,1.0601520906590065,,False,True,True,True
PAPER:DIAUSDT:1790951399999:SHORT,DIAUSDT,fresh,Fresh_2026-10-02,1,0.661669,GRAY_0P50_1P00,False,True,0.9129930514639889,,False,True,False,True
PAPER:CAPUSDT:1790922599999:SHORT,CAPUSDT,fresh,Fresh_2026-10-02,1,0.675337,GRAY_0P50_1P00,False,True,1.0968731709810076,,True,False,False,True
PAPER:CETUSUSDT:1790839199999:SHORT,CETUSUSDT,fresh,Fresh_2026-10-01,1,1.877109,TARGET_GE_1P00,True,True,1.6946242806151641,,False,True,False,True
PAPER:CHILLGUYUSDT:1790882699999:SHORT,CHILLGUYUSDT,fresh,Fresh_2026-10-01,3,0.183304,BAD_A_LT_0P30,False,True,-5.290219203747215,,False,True,False,True
PAPER:RSRUSDT:1790962799999:SHORT,RSRUSDT,fresh,Fresh_2026-10-02,3,0.334467,BAD_B_0P30_0P50,False,True,-2.7263290919567247,,True,True,False,True
PAPER:BSBUSDT:1790950199999:SHORT,BSBUSDT,fresh,Fresh_2026-10-02,2,0.259465,BAD_A_LT_0P30,False,True,-4.501432892993429,,False,True,False,True
PAPER:ZENUSDT:1790872799999:SHORT,ZENUSDT,fresh,Fresh_2026-10-01,0,0.219818,BAD_A_LT_0P30,False,True,-0.03235118462339831,,True,False,False,True
PAPER:ALCHUSDT:1790882699999:SHORT,ALCHUSDT,fresh,Fresh_2026-10-01,0,0.46412,BAD_B_0P30_0P50,False,True,-0.07793898082612194,,False,True,False,True
PAPER:1000000MOGUSDT:1790868899999:SHORT,1000000MOGUSDT,fresh,Fresh_2026-10-01,1,0.328194,BAD_B_0P30_0P50,False,True,-0.07886681774990878,,False,True,False,True
PAPER:ONUSDT:1790868899999:SHORT,ONUSDT,fresh,Fresh_2026-10-01,0,0.946373,GRAY_0P50_1P00,False,True,-1.4338375646143875,,False,True,False,True
PAPER:ARPAUSDT:1790864099999:SHORT,ARPAUSDT,fresh,Fresh_2026-10-01,2,0.108203,BAD_A_LT_0P30,False,True,-0.03547977754529946,,False,True,False,True
PAPER:ALCHUSDT:1791030599999:SHORT,ALCHUSDT,fresh,Fresh_2026-10-03,0,0.040602,BAD_A_LT_0P30,False,True,-3.073413425363308,,True,False,False,True
PAPER:ZAMAUSDT:1790839199999:SHORT,ZAMAUSDT,fresh,Fresh_2026-10-01,1,1.516162,TARGET_GE_1P00,True,True,2.6487165570369027,,True,False,False,True
PAPER:AIOUSDT:1790882999999:SHORT,AIOUSDT,fresh,Fresh_2026-10-01,1,0.085031,BAD_A_LT_0P30,False,True,-1.606079962061648,,True,False,False,True
PAPER:SUSHIUSDT:1790951699999:SHORT,SUSHIUSDT,fresh,Fresh_2026-10-02,3,1.504691,TARGET_GE_1P00,True,True,4.389278655731225,,True,True,False,True
PAPER:XVGUSDT:1791031199999:SHORT,XVGUSDT,fresh,Fresh_2026-10-03,1,0.296315,BAD_A_LT_0P30,False,True,-3.8060865263385937,,True,False,True,True
PAPER:BRETTUSDT:1790866199999:SHORT,BRETTUSDT,fresh,Fresh_2026-10-01,0,0.354803,BAD_B_0P30_0P50,False,True,-0.2355930500875676,,False,True,False,True
PAPER:TRBUSDT:1790868899999:SHORT,TRBUSDT,fresh,Fresh_2026-10-01,0,0.100097,BAD_A_LT_0P30,False,True,-1.310834987602681,,True,False,False,True
PAPER:SCRUSDT:1790994299999:SHORT,SCRUSDT,fresh,Fresh_2026-10-03,2,0.305794,BAD_B_0P30_0P50,False,True,-1.3129256829626328,,True,False,False,True
PAPER:GUNUSDT:1790840399999:SHORT,GUNUSDT,fresh,Fresh_2026-10-01,1,0.247787,BAD_A_LT_0P30,False,True,-1.6189611669827892,,False,True,False,True
PAPER:USUALUSDT:1790882999999:SHORT,USUALUSDT,fresh,Fresh_2026-10-01,3,0.241065,BAD_A_LT_0P30,False,True,-3.8350170898633382,,False,True,False,True
PAPER:TAOUSDT:1790872799999:SHORT,TAOUSDT,fresh,Fresh_2026-10-01,2,0.079426,BAD_A_LT_0P30,False,False,,,True,False,False,True
PAPER:BERAUSDT:1790849099999:SHORT,BERAUSDT,fresh,Fresh_2026-10-01,1,0.314511,BAD_B_0P30_0P50,False,True,-0.32342644447085384,,False,False,True,True
PAPER:FFUSDT:1790968499999:SHORT,FFUSDT,fresh,Fresh_2026-10-02,1,0.533261,GRAY_0P50_1P00,False,True,-0.08286752213123333,,True,False,False,True
PAPER:MEWUSDT:1790839499999:SHORT,MEWUSDT,fresh,Fresh_2026-10-01,1,0.945013,GRAY_0P50_1P00,False,True,-0.141832847796804,,False,False,True,True
PAPER:LISTAUSDT:1790864099999:SHORT,LISTAUSDT,fresh,Fresh_2026-10-01,0,0.410415,BAD_B_0P30_0P50,False,True,-0.19333059738249647,,False,True,False,True
PAPER:币安人生USDT:1790931899999:SHORT,币安人生USDT,fresh,Fresh_2026-10-02,1,0.259214,BAD_A_LT_0P30,False,True,1.0097754672313561,,True,False,False,True
PAPER:BABYUSDT:1790962799999:SHORT,BABYUSDT,fresh,Fresh_2026-10-02,0,0.3445,BAD_B_0P30_0P50,False,True,-2.774443646017745,,False,True,False,True
PAPER:WUSDT:1790926499999:SHORT,WUSDT,fresh,Fresh_2026-10-02,3,0.142199,BAD_A_LT_0P30,False,True,-1.0977652709197068,,True,False,False,True
PAPER:POLYXUSDT:1790861099999:SHORT,POLYXUSDT,fresh,Fresh_2026-10-01,3,0.216338,BAD_A_LT_0P30,False,True,-5.2093975164685205,,False,True,False,True
PAPER:1000XECUSDT:1790864099999:SHORT,1000XECUSDT,fresh,Fresh_2026-10-01,2,0.301604,BAD_B_0P30_0P50,False,True,-0.1465993402435834,,True,True,False,True
PAPER:MAGMAUSDT:1790868899999:SHORT,MAGMAUSDT,fresh,Fresh_2026-10-01,1,0.154621,BAD_A_LT_0P30,False,True,-4.5419398693630155,,False,True,False,True
PAPER:EULUSDT:1790838899999:SHORT,EULUSDT,fresh,Fresh_2026-10-01,2,1.509156,TARGET_GE_1P00,True,True,1.2077716951638546,,False,True,False,True
PAPER:FLUIDUSDT:1790976599999:SHORT,FLUIDUSDT,fresh,Fresh_2026-10-02,0,0.04407,BAD_A_LT_0P30,False,True,-1.5915419791197134,,True,False,False,True
PAPER:CFGUSDT:1790908499999:SHORT,CFGUSDT,fresh,Fresh_2026-10-02,0,0.182602,BAD_A_LT_0P30,False,True,-2.6401805513026693,,False,True,True,True
PAPER:PLAYUSDT:1790975099999:SHORT,PLAYUSDT,fresh,Fresh_2026-10-02,0,0.269257,BAD_A_LT_0P30,False,True,-3.0412817701715165,,False,True,False,True
PAPER:MIRAUSDT:1790976599999:SHORT,MIRAUSDT,fresh,Fresh_2026-10-02,2,0.059204,BAD_A_LT_0P30,False,True,-2.5342887406594916,,False,True,False,True
PAPER:TAKEUSDT:1790931899999:SHORT,TAKEUSDT,fresh,Fresh_2026-10-02,0,0.324595,BAD_B_0P30_0P50,False,True,-3.0197515472087013,,True,True,False,True
PAPER:OPUSDT:1790839499999:SHORT,OPUSDT,fresh,Fresh_2026-10-01,2,0.584019,GRAY_0P50_1P00,False,True,-3.4045629053432203,,False,False,True,True
PAPER:AVAAIUSDT:1790882699999:SHORT,AVAAIUSDT,fresh,Fresh_2026-10-01,3,0.337466,BAD_B_0P30_0P50,False,True,-4.075582729135412,,False,True,False,True
PAPER:BSVUSDT:1790923199999:SHORT,BSVUSDT,fresh,Fresh_2026-10-02,3,0.228308,BAD_A_LT_0P30,False,True,-3.6882940113631597,,False,False,True,True
PAPER:MELANIAUSDT:1791036599999:SHORT,MELANIAUSDT,fresh,Fresh_2026-10-03,3,0.114393,BAD_A_LT_0P30,False,True,-3.257431167431875,,False,False,True,True
PAPER:STXUSDT:1790880599999:SHORT,STXUSDT,fresh,Fresh_2026-10-01,2,0.216761,BAD_A_LT_0P30,False,True,-1.6091884451139509,,True,False,False,True
PAPER:NOMUSDT:1790903399999:SHORT,NOMUSDT,fresh,Fresh_2026-10-02,0,0.310459,BAD_B_0P30_0P50,False,True,-0.215131021799066,,True,False,False,True
PAPER:HYPEUSDT:1790951699999:SHORT,HYPEUSDT,fresh,Fresh_2026-10-02,3,0.536751,GRAY_0P50_1P00,False,True,1.0933603718340255,,True,False,False,True
PAPER:CHILLGUYUSDT:1790864099999:SHORT,CHILLGUYUSDT,fresh,Fresh_2026-10-01,1,0.220187,BAD_A_LT_0P30,False,True,-3.278627234866254,,True,False,False,True
PAPER:AUCTIONUSDT:1790866199999:SHORT,AUCTIONUSDT,fresh,Fresh_2026-10-01,1,0.533051,GRAY_0P50_1P00,False,False,,,False,True,False,True
PAPER:ARXUSDT:1790882999999:SHORT,ARXUSDT,fresh,Fresh_2026-10-01,0,0.051618,BAD_A_LT_0P30,False,True,-1.4878647856317206,,True,False,False,True
PAPER:LISTAUSDT:1790946599999:SHORT,LISTAUSDT,fresh,Fresh_2026-10-02,1,0.619905,GRAY_0P50_1P00,False,True,-1.2358738583694429,,True,True,False,True
PAPER:BERAUSDT:1790839499999:SHORT,BERAUSDT,fresh,Fresh_2026-10-01,2,0.267056,BAD_A_LT_0P30,False,True,-3.622665385233037,,False,False,True,True
PAPER:FETUSDT:1790919599999:SHORT,FETUSDT,fresh,Fresh_2026-10-02,0,0.192533,BAD_A_LT_0P30,False,True,-2.864842273597039,,True,False,False,True
PAPER:CCUSDT:1790919299999:SHORT,CCUSDT,fresh,Fresh_2026-10-02,0,0.69603,GRAY_0P50_1P00,False,True,1.0499439103670498,,True,False,False,True
PAPER:ZKUSDT:1790924699999:SHORT,ZKUSDT,fresh,Fresh_2026-10-02,2,0.621537,GRAY_0P50_1P00,False,False,,,True,False,False,True
PAPER:NEOUSDT:1790873699999:SHORT,NEOUSDT,fresh,Fresh_2026-10-01,2,0.259716,BAD_A_LT_0P30,False,True,-0.14990995801085288,,True,False,False,True
PAPER:AEROUSDT:1790961299999:SHORT,AEROUSDT,fresh,Fresh_2026-10-02,1,0.212481,BAD_A_LT_0P30,False,True,-0.1108404352094638,,False,False,True,True
PAPER:MITOUSDT:1790864099999:SHORT,MITOUSDT,fresh,Fresh_2026-10-01,2,0.368927,BAD_B_0P30_0P50,False,True,-3.5438438724014416,,True,False,False,True
PAPER:1000PEPEUSDT:1790839499999:SHORT,1000PEPEUSDT,fresh,Fresh_2026-10-01,1,0.318803,BAD_B_0P30_0P50,False,True,-1.9153840345033457,,False,False,True,True
PAPER:ERAUSDT:1790860199999:SHORT,ERAUSDT,fresh,Fresh_2026-10-01,2,0.505685,GRAY_0P50_1P00,False,False,,,False,True,False,True
PAPER:XPINUSDT:1790860199999:SHORT,XPINUSDT,fresh,Fresh_2026-10-01,1,0.42902,BAD_B_0P30_0P50,False,True,-0.38900708953446006,,False,True,False,True
PAPER:PHAUSDT:1790975399999:SHORT,PHAUSDT,fresh,Fresh_2026-10-02,1,5.147994,TARGET_GE_1P00,True,True,5.18633777375308,,True,False,False,True
PAPER:DATAIPUSDT:1790982899999:SHORT,DATAIPUSDT,fresh,Fresh_2026-10-02,1,0.821286,GRAY_0P50_1P00,False,True,1.1579881137669492,,False,False,True,True
PAPER:GENIUSUSDT:1790864099999:SHORT,GENIUSUSDT,fresh,Fresh_2026-10-01,0,0.170995,BAD_A_LT_0P30,False,True,-3.021315903855524,,False,True,False,True
PAPER:HANAUSDT:1790882999999:SHORT,HANAUSDT,fresh,Fresh_2026-10-01,2,0.467106,BAD_B_0P30_0P50,False,True,-5.430521275125589,,True,False,False,True
PAPER:COAIUSDT:1790953499999:SHORT,COAIUSDT,fresh,Fresh_2026-10-02,3,0.824971,GRAY_0P50_1P00,False,True,-5.213764211832833,,True,True,False,True
PAPER:BERAUSDT:1790973899999:SHORT,BERAUSDT,fresh,Fresh_2026-10-02,3,0.024608,BAD_A_LT_0P30,False,True,-2.736363775877332,,False,False,True,True
PAPER:KERNELUSDT:1790962799999:SHORT,KERNELUSDT,fresh,Fresh_2026-10-02,0,0.168891,BAD_A_LT_0P30,False,True,-2.935474077818361,,True,True,False,True
PAPER:SPXUSDT:1790839199999:SHORT,SPXUSDT,fresh,Fresh_2026-10-01,1,3.49259,TARGET_GE_1P00,True,True,2.9501064115316473,,True,False,False,True
PAPER:ROSEUSDT:1790965199999:SHORT,ROSEUSDT,fresh,Fresh_2026-10-02,1,0.291996,BAD_A_LT_0P30,False,True,-0.048252758659721506,,False,False,True,True
PAPER:PENDLEUSDT:1790929499999:SHORT,PENDLEUSDT,fresh,Fresh_2026-10-02,1,0.326552,BAD_B_0P30_0P50,False,True,-0.011445745873896407,,True,False,False,True
PAPER:WALUSDT:1790914199999:SHORT,WALUSDT,fresh,Fresh_2026-10-02,2,0.215545,BAD_A_LT_0P30,False,True,-5.970708168182231,,False,False,True,True
PAPER:PIPPINUSDT:1790882699999:SHORT,PIPPINUSDT,fresh,Fresh_2026-10-01,3,0.843168,GRAY_0P50_1P00,False,True,-0.13668756232277357,,False,True,False,True
PAPER:1000SATSUSDT:1790840399999:SHORT,1000SATSUSDT,fresh,Fresh_2026-10-01,1,0.462408,BAD_B_0P30_0P50,False,True,1.0601520906591284,,True,True,False,True
PAPER:RAVEUSDT:1790872799999:SHORT,RAVEUSDT,fresh,Fresh_2026-10-01,1,0.232827,BAD_A_LT_0P30,False,True,-1.4563327984100372,,True,False,True,True
PAPER:LUMIAUSDT:1790919599999:SHORT,LUMIAUSDT,fresh,Fresh_2026-10-02,0,0.1193,BAD_A_LT_0P30,False,True,-3.2160248118564407,,True,True,False,True
PAPER:JUPUSDT:1790858699999:SHORT,JUPUSDT,fresh,Fresh_2026-10-01,2,1.441277,TARGET_GE_1P00,True,True,2.3246009248578114,,False,False,True,True
PAPER:STBLUSDT:1790931899999:SHORT,STBLUSDT,fresh,Fresh_2026-10-02,0,0.399287,BAD_B_0P30_0P50,False,True,-0.5686540699907927,,True,True,False,True
PAPER:RIFUSDT:1790914499999:SHORT,RIFUSDT,fresh,Fresh_2026-10-02,0,0.253989,BAD_A_LT_0P30,False,True,-0.015234509359754955,,False,True,False,True
PAPER:CROSSUSDT:1790944199999:SHORT,CROSSUSDT,fresh,Fresh_2026-10-02,0,0.44112,BAD_B_0P30_0P50,False,True,-2.159043405827064,,False,True,True,True
PAPER:CHILLGUYUSDT:1791036299999:SHORT,CHILLGUYUSDT,fresh,Fresh_2026-10-03,0,0.296711,BAD_A_LT_0P30,False,True,-0.09966067587942107,,True,False,False,True
PAPER:AEROUSDT:1790914199999:SHORT,AEROUSDT,fresh,Fresh_2026-10-02,2,0.29409,BAD_A_LT_0P30,False,True,-6.680044414543266,,False,False,True,True
PAPER:CVXUSDT:1790866199999:SHORT,CVXUSDT,fresh,Fresh_2026-10-01,2,0.544284,GRAY_0P50_1P00,False,True,-1.6572171425809599,,True,True,False,True
PAPER:HUSDT:1790916299999:SHORT,HUSDT,fresh,Fresh_2026-10-02,0,0.335585,BAD_B_0P30_0P50,False,True,-0.02478084140716763,,True,False,False,True
PAPER:B2USDT:1790951399999:SHORT,B2USDT,fresh,Fresh_2026-10-02,3,0.468395,BAD_B_0P30_0P50,False,True,-0.13309117648872998,,False,True,False,True
PAPER:TAOUSDT:1790962799999:SHORT,TAOUSDT,fresh,Fresh_2026-10-02,3,0.687824,GRAY_0P50_1P00,False,True,-0.012043597810178774,,True,False,False,True
PAPER:PEOPLEUSDT:1791019199999:SHORT,PEOPLEUSDT,fresh,Fresh_2026-10-03,2,0.148664,BAD_A_LT_0P30,False,True,-0.6127236177572708,,True,False,False,True