position_id,symbol,split,primary_meta_label,strong_win,router_probability_lane1,router_lane,anatomy_lane,t3_causal,t3_confirm_side_return_pct,selected,selection_reason,historical_realized_pnl_usdt,historical_realized_pnl_pct,historical_max_mfe_pct,historical_realized_positive,peak_mfe_equiv_usdt,s10d_fast_rules,s10d_t3_vwap_rescue
PAPER:AGTUSDT:1790659799999:SHORT,AGTUSDT,Discovery,META_LOSS,False,0.8894989711299541,1,1,True,0.02771772271189521,False,ROUTE1_T3_THRESHOLD_FAIL,-1.6300554493902397,-0.32601108987804794,0.340398,False,1.70199,,True
PAPER:MUBARAKUSDT:1790672399999:SHORT,MUBARAKUSDT,Discovery,META_WIN,True,0.8827783418850994,1,1,False,0.710594315245483,False,ROUTE1_T3_NOT_CAUSAL,0.5052054426392056,0.10104108852784112,1.078584,True,5.39292,R79_ACCEL,False
PAPER:EVAAUSDT:1790674499999:SHORT,EVAAUSDT,Discovery,META_WIN,True,0.6891351898608065,1,1,True,-0.044682752457547714,False,ROUTE1_T3_THRESHOLD_FAIL,2.4048715574214454,0.4809743114842891,1.67828,True,8.3914,,True
PAPER:FIGHTUSDT:1790683499999:SHORT,FIGHTUSDT,Discovery,META_WIN,True,0.8717669795449394,1,1,False,1.4702450408401346,False,ROUTE1_T3_NOT_CAUSAL,3.724805899774521,0.7449611799549042,2.035042,True,10.17521,R23_CURVATURE,False
PAPER:MITOUSDT:1790744399999:SHORT,MITOUSDT,Discovery,META_LOSS,False,0.9403741703943235,1,1,False,-0.6640106241699861,False,ROUTE1_T3_NOT_CAUSAL,-4.938836970581371,-0.9877673941162742,0.04641,False,0.23205,R107_OI_OVERHEAT|R119_CMM30,False
PAPER:SPACEUSDT:1790750099999:SHORT,SPACEUSDT,Discovery,META_LOSS,False,0.9598790319229407,1,1,True,-0.03855793329476942,False,ROUTE1_T3_THRESHOLD_FAIL,-2.3977758969954936,-0.47955517939909875,0.134259,False,0.671295,,True
PAPER:ATHUSDT:1790751599999:SHORT,ATHUSDT,Discovery,META_LOSS,False,0.8364171716280705,1,1,False,-0.5558362809499728,False,ROUTE1_T3_NOT_CAUSAL,-3.1002098032037346,-0.6200419606407469,0.451709,False,2.2585450000000002,R119_CMM30,False
PAPER:INITUSDT:1790754299999:SHORT,INITUSDT,Discovery,META_WIN,True,0.9665629067535321,1,1,False,5.586647029946001,False,ROUTE1_T3_NOT_CAUSAL,11.779213420003634,2.3558426840007267,6.107878,True,30.53939,R7_VOL_RANGE,False
PAPER:AEROUSDT:1790755799999:SHORT,AEROUSDT,Discovery,META_LOSS,False,0.8051045935610786,1,1,True,-0.10018785222292159,False,ROUTE1_T3_THRESHOLD_FAIL,-3.3004554225606313,-0.6600910845121263,0.030087,False,0.15043499999999999,R79_ACCEL,False
PAPER:WLDUSDT:1790757299999:SHORT,WLDUSDT,Discovery,META_LOSS,False,0.7992206524782692,1,1,False,-0.6455517450070669,False,ROUTE1_T3_NOT_CAUSAL,-3.2227771598508603,-0.6445554319701721,0.080904,False,0.40452,R119_CMM30,False
PAPER:NILUSDT:1790759999999:SHORT,NILUSDT,Discovery,META_LOSS,False,0.6774940329932395,1,1,False,-0.6407322654462089,False,ROUTE1_T3_NOT_CAUSAL,-1.808613251746011,-0.3617226503492022,0.5403,False,2.7015000000000002,R79_ACCEL,False
PAPER:HANAUSDT:1790762399999:SHORT,HANAUSDT,Discovery,META_LOSS,False,0.8029027429437323,1,1,False,-0.4854368932038833,False,ROUTE1_T3_NOT_CAUSAL,-2.166162159557387,-0.43323243191147737,0.22296,False,1.1148,R79_ACCEL,False
PAPER:BERAUSDT:1790767199999:SHORT,BERAUSDT,Discovery,META_LOSS,False,0.858346830225912,1,0,True,-0.08291873963515162,False,ROUTE1_T3_THRESHOLD_FAIL,-2.195401953525016,-0.43908039070500327,0.228802,False,1.14401,R79_ACCEL,False
PAPER:RAREUSDT:1790770499999:SHORT,RAREUSDT,Discovery,META_WIN,True,0.8482320096060628,1,1,True,-0.0,False,ROUTE1_T3_THRESHOLD_FAIL,-0.39306684375275647,-0.07861336875055129,1.482801,False,7.414005,R108_BREAKDOWN,False
PAPER:VTHOUSDT:1790775299999:SHORT,VTHOUSDT,Discovery,META_WIN,True,0.8430677593688763,1,1,False,1.1612523886520676,False,ROUTE1_T3_NOT_CAUSAL,8.843352220753065,1.7686704441506131,4.040826,True,20.20413,R7_VOL_RANGE,False
PAPER:INJUSDT:1790775599999:SHORT,INJUSDT,Discovery,META_LOSS,False,0.8822460940546829,1,1,False,-0.509861800617184,False,ROUTE1_T3_NOT_CAUSAL,-2.7621661917851115,-0.5524332383570223,1.267289,False,6.336445,R79_ACCEL,False
PAPER:KASUSDT:1790775599999:SHORT,KASUSDT,Discovery,META_LOSS,False,0.8665950981283349,1,1,False,-0.555684186154215,False,ROUTE1_T3_NOT_CAUSAL,-0.7763389648293231,-0.1552677929658646,1.855805,False,9.279024999999999,R7_VOL_RANGE|R119_CMM30,False
PAPER:MARSCOINUSDT:1790779199999:SHORT,MARSCOINUSDT,Discovery,META_WIN,True,0.7918362941724051,1,0,True,-0.25196383577887893,False,ROUTE1_T3_THRESHOLD_FAIL,-0.8389016453802545,-0.1677803290760509,1.506906,False,7.53453,R79_ACCEL,False
PAPER:ZESTUSDT:1790782499999:SHORT,ZESTUSDT,Discovery,META_LOSS,False,0.9704712622382954,1,1,True,-0.22424952856632263,False,ROUTE1_T3_THRESHOLD_FAIL,-3.0679198291873093,-0.6135839658374619,0.209411,False,1.047055,R107_OI_OVERHEAT,False
PAPER:龙虾USDT:1790784599999:SHORT,龙虾USDT,Discovery,META_WIN,True,0.9997424902052554,1,1,False,-0.6901991717610079,False,ROUTE1_T3_NOT_CAUSAL,2.2510483870681988,0.4502096774136397,1.338001,True,6.690005,R79_ACCEL,False
PAPER:RAREUSDT:1790788499999:SHORT,RAREUSDT,Validation,META_LOSS,False,0.5475957460612813,1,1,True,-0.11487650775416913,False,ROUTE1_T3_THRESHOLD_FAIL,-0.8065941716742636,-0.16131883433485272,0.668602,False,3.34301,,True
PAPER:TOWNSUSDT:1790790899999:SHORT,TOWNSUSDT,Validation,META_LOSS,False,0.9729203267041503,1,1,True,-0.047147571900052476,False,ROUTE1_T3_THRESHOLD_FAIL,0.3478597239958151,0.06957194479916302,1.158921,True,5.794605000000001,R7_VOL_RANGE,False
PAPER:GPSUSDT:1790792699999:SHORT,GPSUSDT,Validation,META_WIN,True,0.997979554663445,1,1,False,1.563832812055732,False,ROUTE1_T3_NOT_CAUSAL,-1.2822937561638366,-0.25645875123276735,1.553621,False,7.768104999999999,R23_CURVATURE|R79_ACCEL,False
PAPER:LUMIAUSDT:1790793299999:SHORT,LUMIAUSDT,Validation,META_WIN,True,0.9693639576679537,1,1,True,0.011771630370804864,False,ROUTE1_T3_THRESHOLD_FAIL,1.7603995725572383,0.35207991451144766,1.004333,True,5.021665,,True
PAPER:SKYAIUSDT:1790793599999:SHORT,SKYAIUSDT,Validation,META_LOSS,False,0.8352218291961436,1,1,True,-0.02370229912302957,False,ROUTE1_T3_THRESHOLD_FAIL,0.05783865550652742,0.011567731101305483,0.856741,True,4.283704999999999,R79_ACCEL,False
PAPER:ACTUSDT:1790793599999:SHORT,ACTUSDT,Validation,META_WIN,True,0.9407337601312918,1,1,True,-0.028047868361991135,False,ROUTE1_T3_THRESHOLD_FAIL,2.981028731924451,0.5962057463848902,1.513586,True,7.5679300000000005,R108_BREAKDOWN,False
PAPER:LTCUSDT:1790793899999:SHORT,LTCUSDT,Validation,META_LOSS,False,0.6882495895005485,1,1,True,-0.10635065329687166,False,ROUTE1_T3_THRESHOLD_FAIL,-2.775441414627564,-0.5550882829255128,0.329504,False,1.64752,R119_CMM30,False
PAPER:TACUSDT:1790794199999:SHORT,TACUSDT,Validation,META_WIN,True,0.9507841185287418,1,1,True,-0.1312335958005173,False,ROUTE1_T3_THRESHOLD_FAIL,0.20017973555316615,0.040035947110633234,1.490475,True,7.452375,R119_CMM30,False
PAPER:BROCCOLIF3BUSDT:1790799899999:SHORT,BROCCOLIF3BUSDT,Validation,META_LOSS,False,0.9999999998128895,1,0,False,-0.4270462633451988,False,ROUTE1_T3_NOT_CAUSAL,-5.510590345827085,-1.1021180691654169,0.70612,False,3.5305999999999997,R23_CURVATURE|R79_ACCEL,False
PAPER:SYNUSDT:1790801099999:SHORT,SYNUSDT,Validation,META_WIN,True,0.9015426884458391,1,1,True,-0.14357949934453718,False,ROUTE1_T3_THRESHOLD_FAIL,2.9715395549614643,0.5943079109922929,1.884366,True,9.42183,R107_OI_OVERHEAT,False
PAPER:GRASSUSDT:1790801699999:SHORT,GRASSUSDT,Reserve,META_WIN,True,0.9667812729173688,1,1,False,1.3197969543147225,False,ROUTE1_T3_NOT_CAUSAL,0.9382247822171118,0.18764495644342236,1.518319,True,7.591595,R79_ACCEL,False
PAPER:APRUSDT:1790812499999:SHORT,APRUSDT,Reserve,META_LOSS,False,0.6769223572397215,1,0,False,0.14164305949009304,False,ROUTE1_T3_NOT_CAUSAL,-1.6597225540076244,-0.3319445108015249,0.759741,False,3.798705,R23_CURVATURE|R79_ACCEL,False
PAPER:PHAUSDT:1790813399999:SHORT,PHAUSDT,Reserve,META_WIN,True,0.6159279917775935,1,1,False,0.36344755970924014,False,ROUTE1_T3_NOT_CAUSAL,2.005067668847218,0.4010135337694436,1.654134,True,8.270669999999999,R7_VOL_RANGE,False
PAPER:ZAMAUSDT:1790820299999:SHORT,ZAMAUSDT,Reserve,META_LOSS,False,0.8248570169958456,1,1,True,-0.07711091119391167,False,ROUTE1_T3_THRESHOLD_FAIL,-2.815847474211391,-0.5631694948422782,0.211375,False,1.056875,R7_VOL_RANGE,False
PAPER:NOMUSDT:1790824799999:SHORT,NOMUSDT,Reserve,META_LOSS,False,0.992328535361707,1,1,True,-0.2963590177815334,False,ROUTE1_T3_THRESHOLD_FAIL,-0.5268706383982853,-0.10537412767965706,0.149163,False,0.7458149999999999,R79_ACCEL,False