position_id,symbol,split,primary_meta_label,strong_win,router_probability_lane1,router_lane,anatomy_lane,t3_causal,t3_confirm_side_return_pct,selected,selection_reason,historical_realized_pnl_usdt,historical_realized_pnl_pct,historical_max_mfe_pct,historical_realized_positive,peak_mfe_equiv_usdt,s10e_overheat_pressure,protected_comp_usdt,protected_reason
PAPER:1000FLOKIUSDT:1790749499999:SHORT,1000FLOKIUSDT,Discovery,META_WIN,False,0.839409571761383,1,,True,0.40131338927398286,True,OPEN_ROUTE1_T3_PASS,-0.7675650142797656,-0.15351300285595312,0.527351,False,2.636755,4.071665867927843,-0.03706491936838818,BE0.10
PAPER:2ZUSDT:1790787899999:SHORT,2ZUSDT,Discovery,META_LOSS,False,0.9476278624766573,1,1,True,0.4296626352641497,True,OPEN_ROUTE1_T3_PASS,-0.9501900380076727,-0.19003800760153453,0.680327,False,3.401635,4.382522265439685,-2.3043877195236027,FULL_CLOSE_050
PAPER:AEROUSDT:1790755799999:SHORT,AEROUSDT,Discovery,META_LOSS,False,0.8051045935610786,1,1,True,-0.10018785222292159,False,ROUTE1_T3_THRESHOLD_FAIL,-3.3004554225606313,-0.6600910845121263,0.030087,False,0.15043499999999999,4.397629280635007,-3.64516101229511,NO_ACTION
PAPER:ASTERUSDT:1790793599999:SHORT,ASTERUSDT,Validation,META_LOSS,False,0.813880357342446,1,1,True,0.04004271222637357,True,OPEN_ROUTE1_T3_PASS,-3.522553200909784,-0.7045106401819569,0.433904,False,2.16952,4.404476834488983,-0.014785251497705376,BE0.10
PAPER:AUCTIONUSDT:1790660099999:SHORT,AUCTIONUSDT,Discovery,META_LOSS,False,0.9517788440332061,1,1,True,0.13747594171019673,True,OPEN_ROUTE1_T3_PASS,-4.597493457311149,-0.9194986914622297,0.172501,False,0.862505,4.029695229649271,-0.3996536728296774,BE0.10
PAPER:AVAAIUSDT:1790752199999:SHORT,AVAAIUSDT,Discovery,META_LOSS,False,0.6067141670036871,1,1,True,0.20397756246811616,True,OPEN_ROUTE1_T3_PASS,-0.7970308773636974,-0.15940617547273947,0.520645,False,2.603225,4.406233271372258,-0.7970308773636974,NO_ACTION
PAPER:B2USDT:1790665199999:SHORT,B2USDT,Discovery,META_LOSS,False,0.9485020218975472,1,1,True,-0.11983223487117556,False,ROUTE1_T3_THRESHOLD_FAIL,-3.0496665690237443,-0.6099333138047489,0.319589,False,1.5979450000000002,4.3653795011944565,-0.050414381857822044,BE0.10
PAPER:BIOUSDT:1790749799999:SHORT,BIOUSDT,Discovery,META_WIN,False,0.7230233622918951,1,,True,0.1299545159194282,True,OPEN_ROUTE1_T3_PASS,-0.543614997365955,-0.108722999473191,0.792374,False,3.9618700000000002,4.370704655313113,0.6761101245590062,FULL_CLOSE_050
PAPER:BROCCOLI714USDT:1790750999999:SHORT,BROCCOLI714USDT,Discovery,META_LOSS,False,0.20626720100831622,0,1,True,-0.07680491551458335,False,ROUTE0_NO_ACCEPTED_SELECTOR,-4.218154028271066,-0.8436308056542132,0.248867,False,1.244335,4.31018290258482,-4.218154028271066,NO_ACTION
PAPER:BRUSDT:1790801399999:SHORT,BRUSDT,Validation,META_LOSS,False,0.6993538007662586,1,1,True,0.2968883813873835,True,OPEN_ROUTE1_T3_PASS,-4.0023034453960165,-0.8004606890792033,0.339903,False,1.699515,4.16255710267331,-0.006679570149750513,BE0.10
PAPER:DOTUSDT:1790805899999:SHORT,DOTUSDT,Reserve,META_LOSS,False,0.9589995726762474,1,1,True,0.13186088676446772,True,OPEN_ROUTE1_T3_PASS,-2.229061876739893,-0.4458123753479786,0.177827,False,0.889135,4.313569637717551,-2.847870830965178,NO_ACTION
PAPER:DUSKUSDT:1790660099999:SHORT,DUSKUSDT,Discovery,META_LOSS,False,0.9066936496931537,1,1,True,0.0978114683946707,True,OPEN_ROUTE1_T3_PASS,-4.255124658627688,-0.8510249317255376,0.200116,False,1.00058,4.041028082444116,-4.255124658627688,NO_ACTION
PAPER:EIGENUSDT:1790778299999:SHORT,EIGENUSDT,Discovery,META_WIN,False,0.8713380964467845,1,,True,0.6080259424402157,True,OPEN_ROUTE1_T3_PASS,0.8759861721027309,0.1751972344205462,0.912489,True,4.562445,4.247219149272794,1.6876200432628226,FULL_CLOSE_050
PAPER:FILUSDT:1790805899999:SHORT,FILUSDT,Reserve,META_LOSS,False,0.957890877224856,1,1,True,-0.11687932209993868,False,ROUTE1_T3_THRESHOLD_FAIL,-3.1200318416985575,-0.6240063683397115,0.048196,False,0.24098000000000003,4.405241625335833,-3.144412086683817,NO_ACTION
PAPER:FLUXUSDT:1790678399999:SHORT,FLUXUSDT,Discovery,META_LOSS,False,0.7986407374322475,1,1,True,0.24752475247526995,True,OPEN_ROUTE1_T3_PASS,-3.428285038195707,-0.6856570076391414,0.22757,False,1.13785,4.123246508878325,-0.1241583712782175,BE0.10
PAPER:GMTUSDT:1790660099999:SHORT,GMTUSDT,Discovery,META_LOSS,False,0.9152268421948742,1,1,True,0.2563789525088511,True,OPEN_ROUTE1_T3_PASS,-6.81917125975257,-1.363834251950514,0.23652,False,1.1826,4.470349182901625,-0.033161722109836145,BE0.10
PAPER:HBARUSDT:1790685299999:SHORT,HBARUSDT,Discovery,META_WIN,True,0.6889019622085614,1,1,True,0.2503020887277718,True,OPEN_ROUTE1_T3_PASS,1.4911132194069379,0.2982226438813876,1.067827,True,5.339135000000001,4.170255744560334,1.426299858590625,FULL_CLOSE_050
PAPER:JUPUSDT:1790747699999:SHORT,JUPUSDT,Discovery,META_WIN,True,0.04229436151433541,0,0,True,0.09165902841429263,False,ROUTE0_NO_ACCEPTED_SELECTOR,6.39096765274226,1.278193530548452,2.63864,True,13.193200000000001,4.370151115237183,6.238026867518253,RUNNER_CLOSE
PAPER:LSKUSDT:1790755499999:SHORT,LSKUSDT,Discovery,META_LOSS,False,0.784108001272545,1,1,True,-0.020365907470898392,False,ROUTE1_T3_THRESHOLD_FAIL,-0.6953665855345776,-0.13907331710691553,0.540075,False,2.7003749999999997,4.345957607837225,-0.015837378939900004,BE0.10
PAPER:METISUSDT:1790660099999:SHORT,METISUSDT,Discovery,META_LOSS,False,0.8320483359844654,1,1,True,0.3903903903903827,True,OPEN_ROUTE1_T3_PASS,-5.384714994800708,-1.0769429989601418,0.370464,False,1.8523200000000002,4.438546086792493,-0.04825275865978407,BE0.10
PAPER:NILUSDT:1790759999999:SHORT,NILUSDT,Discovery,META_LOSS,False,0.6774940329932395,1,1,False,-0.6407322654462089,False,ROUTE1_T3_NOT_CAUSAL,-1.808613251746011,-0.3617226503492022,0.5403,False,2.7015000000000002,4.3807200236398485,-1.808613251746011,NO_ACTION
PAPER:NOMUSDT:1790790599999:SHORT,NOMUSDT,Validation,META_WIN,False,0.6201063593246041,1,,True,0.46160302140160203,True,OPEN_ROUTE1_T3_PASS,-0.8451154809046504,-0.1690230961809301,0.945764,False,4.728820000000001,4.055015750294002,-0.9501900380075279,NO_ACTION
PAPER:PLAYUSDT:1790766599999:SHORT,PLAYUSDT,Discovery,META_LOSS,False,0.9398148500552753,1,1,True,0.030969340353037556,False,ROUTE1_T3_THRESHOLD_FAIL,0.05747138511011202,0.011494277022022404,0.971213,True,4.856065,4.174940287146599,-0.020041032052857233,BE0.10
PAPER:PONSUSDT:1790810999999:SHORT,PONSUSDT,Reserve,META_LOSS,False,0.8846161240050038,1,1,True,0.11344299489507437,True,OPEN_ROUTE1_T3_PASS,-1.4234129440748158,-0.28468258881496317,0.188016,False,0.9400799999999999,4.30947180685525,-1.4234129440748158,NO_ACTION
PAPER:POWERUSDT:1790821199999:SHORT,POWERUSDT,Reserve,META_LOSS,False,0.9167913528867802,1,1,True,0.3876453670126345,True,OPEN_ROUTE1_T3_PASS,-7.09144800292046,-1.4182896005840921,0.418241,False,2.091205,4.224313643742489,-0.010201573990263946,BE0.10
PAPER:SAGAUSDT:1790789699999:SHORT,SAGAUSDT,Validation,META_LOSS,False,0.35059750624302966,0,1,True,0.07739938080495445,False,ROUTE0_NO_ACCEPTED_SELECTOR,-2.78982806716074,-0.557965613432148,0.289536,False,1.44768,4.071277357922678,-0.17560560467986203,BE0.10
PAPER:SKYUSDT:1790813099999:SHORT,SKYUSDT,Reserve,META_LOSS,False,0.9349744225310089,1,1,True,-0.09057971014492239,False,ROUTE1_T3_THRESHOLD_FAIL,-2.7962553739396,-0.55925107478792,0.174134,False,0.87067,4.16781278619275,-2.8934167074097075,NO_ACTION
PAPER:SPACEUSDT:1790750099999:SHORT,SPACEUSDT,Discovery,META_LOSS,False,0.9598790319229407,1,1,True,-0.03855793329476942,False,ROUTE1_T3_THRESHOLD_FAIL,-2.3977758969954936,-0.47955517939909875,0.134259,False,0.671295,4.0018436068809455,-2.783798792725588,NO_ACTION
PAPER:VELVETUSDT:1790660099999:SHORT,VELVETUSDT,Discovery,META_LOSS,False,0.8374620563450661,1,1,True,0.12984603969579123,True,OPEN_ROUTE1_T3_PASS,-6.711404402655136,-1.3422808805310271,0.091398,False,0.45698999999999995,4.089595773625947,-6.711404402655136,NO_ACTION
PAPER:XMRUSDT:1790778899999:SHORT,XMRUSDT,Discovery,META_LOSS,False,0.04669488316931313,0,0,True,-0.081828494913605,False,ROUTE0_NO_ACCEPTED_SELECTOR,-2.812067964912364,-0.5624135929824727,0.314816,False,1.57408,4.33482341976923,-2.7655210167397555,NO_ACTION
PAPER:XVSUSDT:1790791499999:SHORT,XVSUSDT,Validation,META_LOSS,False,0.8176362239833054,1,1,True,-0.05486968449930352,False,ROUTE1_T3_THRESHOLD_FAIL,-2.184146956753729,-0.4368293913507458,0.774458,False,3.87229,4.301529852509594,1.2435111508743926,FULL_CLOSE_050
PAPER:龙虾USDT:1790750999999:SHORT,龙虾USDT,Discovery,META_WIN,False,0.8860473954471099,1,,True,0.39551746868820015,True,OPEN_ROUTE1_T3_PASS,-1.4449110296445518,-0.28898220592891033,0.671948,False,3.35974,4.213936473071143,1.1936009257526372,FULL_CLOSE_050
PAPER:龙虾USDT:1790774099999:SHORT,龙虾USDT,Discovery,META_LOSS,False,0.49258757455046154,0,1,True,0.3531696980399013,False,ROUTE0_NO_ACCEPTED_SELECTOR,-1.1269780267195508,-0.22539560534391018,0.516921,False,2.584605,4.0080887787564405,-0.06625009444756502,BE0.10