meta_position_id,meta_signal_id,meta_symbol,meta_opened_at_ms,primary_meta_label,primary_label_end_ms,fresh_max_mfe_pct,strong_win,router_probability_lane1,router_lane,entry_lane,s10g_selected
PAPER:NILUSDT:1790828399999:SHORT,NILUSDT:1790828399999:SHORT,NILUSDT,1790828418307,META_LOSS,1790829059999,0.293757,False,0.9026127359306915,1,3,True
PAPER:牛来USDT:1790828399999:SHORT,牛来USDT:1790828399999:SHORT,牛来USDT,1790828449570,META_LOSS,1790828699999,0.096524,False,0.991364663715869,1,3,True
PAPER:ONUSDT:1790831999999:SHORT,ONUSDT:1790831999999:SHORT,ONUSDT,1790832018047,META_WIN,1790832779999,5.381616,True,0.0020069960438129633,0,2,True
PAPER:PLUMEUSDT:1790833799999:SHORT,PLUMEUSDT:1790833799999:SHORT,PLUMEUSDT,1790833823778,META_LOSS,1790834039999,1.666005,False,0.914893468442792,1,3,True
PAPER:ROSEUSDT:1790834099999:SHORT,ROSEUSDT:1790834099999:SHORT,ROSEUSDT,1790834120020,META_LOSS,1790834579999,0.292489,False,0.7774200248970716,1,0,True
PAPER:ILVUSDT:1790836499999:SHORT,ILVUSDT:1790836499999:SHORT,ILVUSDT,1790836527984,META_WIN,1790837039999,0.952057,False,0.9837104412088508,1,2,True
PAPER:STARUSDT:1790836499999:SHORT,STARUSDT:1790836499999:SHORT,STARUSDT,1790836567397,META_LOSS,1790838239999,0.39849,False,0.8071142657265161,1,3,True
PAPER:ORCAUSDT:1790838299999:SHORT,ORCAUSDT:1790838299999:SHORT,ORCAUSDT,1790838326661,META_WIN,1790838719999,1.696316,True,0.007096975223684414,0,2,True
PAPER:CGPTUSDT:1790838599999:SHORT,CGPTUSDT:1790838599999:SHORT,CGPTUSDT,1790838625424,META_WIN,1790839619999,0.558661,False,0.955533956514082,1,3,True
PAPER:RAYSOLUSDT:1790838899999:SHORT,RAYSOLUSDT:1790838899999:SHORT,RAYSOLUSDT,1790838927443,META_WIN,1790839259999,1.728597,True,0.9720282476717934,1,0,True
PAPER:ENAUSDT:1790838899999:SHORT,ENAUSDT:1790838899999:SHORT,ENAUSDT,1790838948910,META_WIN,1790839259999,2.366976,True,0.8863294606816816,1,3,True
PAPER:FILUSDT:1790838899999:SHORT,FILUSDT:1790838899999:SHORT,FILUSDT,1790838957986,META_WIN,1790839259999,2.491039,True,0.8540623986883387,1,3,True
PAPER:TOSHIUSDT:1790838899999:SHORT,TOSHIUSDT:1790838899999:SHORT,TOSHIUSDT,1790838958916,META_WIN,1790839499999,2.063746,True,0.7675090783160715,1,3,True
PAPER:EULUSDT:1790838899999:SHORT,EULUSDT:1790838899999:SHORT,EULUSDT,1790838961568,META_WIN,1790839499999,1.509156,True,0.823859278133219,1,2,True
PAPER:VELODROMEUSDT:1790838899999:SHORT,VELODROMEUSDT:1790838899999:SHORT,VELODROMEUSDT,1790838973420,META_WIN,1790839379999,1.572493,True,0.9100052049193084,1,0,True
PAPER:GRIFFAINUSDT:1790838899999:SHORT,GRIFFAINUSDT:1790838899999:SHORT,GRIFFAINUSDT,1790838993461,META_WIN,1790839499999,1.38087,True,0.06611702181127826,0,2,True
PAPER:PENGUUSDT:1790839199999:SHORT,PENGUUSDT:1790839199999:SHORT,PENGUUSDT,1790839221600,META_WIN,1790839499999,1.337454,True,0.9268757097138428,1,1,True
PAPER:ARUSDT:1790839199999:SHORT,ARUSDT:1790839199999:SHORT,ARUSDT,1790839229937,META_WIN,1790839619999,0.956039,False,0.962407036688524,1,2,True
PAPER:ZAMAUSDT:1790839199999:SHORT,ZAMAUSDT:1790839199999:SHORT,ZAMAUSDT,1790839233908,META_WIN,1790839439999,1.516162,True,0.9544706080200586,1,1,True
PAPER:JUPUSDT:1790839199999:SHORT,JUPUSDT:1790839199999:SHORT,JUPUSDT,1790839248766,META_WIN,1790839499999,1.486599,True,0.9371302044689102,1,0,True
PAPER:USELESSUSDT:1790839199999:SHORT,USELESSUSDT:1790839199999:SHORT,USELESSUSDT,1790839250099,META_WIN,1790839499999,1.963774,True,0.8696919384579962,1,1,True
PAPER:SPXUSDT:1790839199999:SHORT,SPXUSDT:1790839199999:SHORT,SPXUSDT,1790839251362,META_WIN,1790839499999,3.49259,True,0.9118096376193445,1,1,True
PAPER:RUNEUSDT:1790839499999:SHORT,RUNEUSDT:1790839499999:SHORT,RUNEUSDT,1790839568747,META_LOSS,1790840099999,0.580986,False,0.033990042856341766,0,2,True
PAPER:SUIUSDT:1790839499999:SHORT,SUIUSDT:1790839499999:SHORT,SUIUSDT,1790839575158,META_LOSS,1790840039999,0.631734,False,0.2250055111919827,0,2,True
PAPER:BERAUSDT:1790839499999:SHORT,BERAUSDT:1790839499999:SHORT,BERAUSDT,1790839582328,META_LOSS,1790839859999,0.267056,False,0.4151564868127848,0,2,True
PAPER:NEARUSDT:1790839499999:SHORT,NEARUSDT:1790839499999:SHORT,NEARUSDT,1790839584111,META_LOSS,1790839919999,0.576574,False,0.2620600320568344,0,2,True
PAPER:PYTHUSDT:1790839499999:SHORT,PYTHUSDT:1790839499999:SHORT,PYTHUSDT,1790839589395,META_LOSS,1790839919999,0.252424,False,0.6791950084363845,1,1,True
PAPER:BBUSDT:1790839499999:SHORT,BBUSDT:1790839499999:SHORT,BBUSDT,1790839593456,META_LOSS,1790840039999,0.643479,False,0.9323498718880867,1,1,True
PAPER:METUSDT:1790839499999:SHORT,METUSDT:1790839499999:SHORT,METUSDT,1790839595667,META_LOSS,1790840039999,1.053731,False,0.9461692455932483,1,1,True
PAPER:FARTCOINUSDT:1790839499999:SHORT,FARTCOINUSDT:1790839499999:SHORT,FARTCOINUSDT,1790839597855,META_WIN,1790839739999,0.773356,False,0.8551636110611857,1,1,True
PAPER:OPUSDT:1790839499999:SHORT,OPUSDT:1790839499999:SHORT,OPUSDT,1790839599613,META_LOSS,1790839979999,0.584019,False,0.050630730326583946,0,2,True
PAPER:HUMAUSDT:1790840099999:SHORT,HUMAUSDT:1790840099999:SHORT,HUMAUSDT,1790840161389,META_WIN,1790840279999,1.116696,True,0.6059084093230618,1,0,True
PAPER:1000SATSUSDT:1790840399999:SHORT,1000SATSUSDT:1790840399999:SHORT,1000SATSUSDT,1790840427932,META_LOSS,1790840939999,0.462408,False,0.9538387099973462,1,1,True
PAPER:GUNUSDT:1790840399999:SHORT,GUNUSDT:1790840399999:SHORT,GUNUSDT,1790840430169,META_LOSS,1790840699999,0.247787,False,0.9714703893491878,1,1,True
PAPER:LPTUSDT:1790840399999:SHORT,LPTUSDT:1790840399999:SHORT,LPTUSDT,1790840434024,META_LOSS,1790840519999,0.037512,False,0.9559260970651834,1,1,True
PAPER:TRUSTUSDT:1790840399999:SHORT,TRUSTUSDT:1790840399999:SHORT,TRUSTUSDT,1790840436308,META_LOSS,1790841839999,0.178284,False,0.9621974822474637,1,0,True
PAPER:BICOUSDT:1790840699999:SHORT,BICOUSDT:1790840699999:SHORT,BICOUSDT,1790840720764,META_LOSS,1790840819999,0.212601,False,0.8642505279796366,1,0,True
PAPER:INITUSDT:1790840999999:SHORT,INITUSDT:1790840999999:SHORT,INITUSDT,1790841020278,META_LOSS,1790841419999,0.7535,False,0.7873044386750797,1,3,True
PAPER:GRASSUSDT:1790841899999:SHORT,GRASSUSDT:1790841899999:SHORT,GRASSUSDT,1790841921105,META_WIN,1790842319999,1.916145,True,0.8979164826090202,1,0,True
PAPER:ARBUSDT:1790842199999:SHORT,ARBUSDT:1790842199999:SHORT,ARBUSDT,1790842245478,META_LOSS,1790843039999,0.352154,False,0.21181319191294043,0,3,True
PAPER:STRKUSDT:1790842199999:SHORT,STRKUSDT:1790842199999:SHORT,STRKUSDT,1790842252124,META_WIN,1790842499999,0.803018,False,0.9107672954046321,1,2,True
PAPER:APRUSDT:1790842199999:SHORT,APRUSDT:1790842199999:SHORT,APRUSDT,1790842259406,META_LOSS,1790843099999,0.341601,False,0.9344460232634476,1,0,True
PAPER:API3USDT:1790842499999:SHORT,API3USDT:1790842499999:SHORT,API3USDT,1790842528847,META_LOSS,1790843099999,1.519867,False,0.438629605865402,0,3,True
PAPER:USUALUSDT:1790842499999:SHORT,USUALUSDT:1790842499999:SHORT,USUALUSDT,1790842531386,META_LOSS,1790842739999,0.712052,False,0.9688321065828023,1,3,True
PAPER:ZKPUSDT:1790842499999:SHORT,ZKPUSDT:1790842499999:SHORT,ZKPUSDT,1790842538946,META_LOSS,1790842979999,0.165256,False,0.8783803871122513,1,1,True
PAPER:RAVEUSDT:1790842799999:SHORT,RAVEUSDT:1790842799999:SHORT,RAVEUSDT,1790842832255,META_LOSS,1790843219999,0.27738,False,0.21317214001870147,0,2,True
PAPER:PUMPUSDT:1790843699999:SHORT,PUMPUSDT:1790843699999:SHORT,PUMPUSDT,1790843725661,META_LOSS,1790843939999,0.501683,False,0.9538384728030097,1,2,True
PAPER:IOTAUSDT:1790846399999:SHORT,IOTAUSDT:1790846399999:SHORT,IOTAUSDT,1790846468525,META_LOSS,1790846519999,0.164059,False,0.9611070436894534,1,0,True
PAPER:XNYUSDT:1790847299999:SHORT,XNYUSDT:1790847299999:SHORT,XNYUSDT,1790847372522,META_WIN,1790849099999,1.593678,True,0.9572568510552909,1,2,True
PAPER:KMNOUSDT:1790847899999:SHORT,KMNOUSDT:1790847899999:SHORT,KMNOUSDT,1790848013601,META_WIN,1790848319999,0.58169,False,0.004872593259322552,0,3,True
PAPER:PROMPTUSDT:1790848199999:SHORT,PROMPTUSDT:1790848199999:SHORT,PROMPTUSDT,1790848226399,META_WIN,1790848679999,0.560102,False,0.08319865212118607,0,2,True
PAPER:HEIUSDT:1790848199999:SHORT,HEIUSDT:1790848199999:SHORT,HEIUSDT,1790848227391,META_LOSS,1790848259999,0.377799,False,0.932263444901815,1,0,True
PAPER:FORMUSDT:1790848499999:SHORT,FORMUSDT:1790848499999:SHORT,FORMUSDT,1790848548337,META_WIN,1790849099999,1.694225,True,0.924829159140234,1,0,True
PAPER:IMXUSDT:1790848799999:SHORT,IMXUSDT:1790848799999:SHORT,IMXUSDT,1790848880859,META_WIN,1790849159999,0.999996,False,0.03549515181244386,0,2,True
PAPER:TWTUSDT:1790849099999:SHORT,TWTUSDT:1790849099999:SHORT,TWTUSDT,1790849239176,META_LOSS,1790850719999,0.618275,False,0.006213325997207278,0,2,True
PAPER:EDGEUSDT:1790849399999:SHORT,EDGEUSDT:1790849399999:SHORT,EDGEUSDT,1790849468544,META_LOSS,1790849519999,0.01899,False,0.8435189345407013,1,0,True
PAPER:AKEUSDT:1790849699999:SHORT,AKEUSDT:1790849699999:SHORT,AKEUSDT,1790849727178,META_LOSS,1790850479999,1.355693,False,0.8595654545974453,1,1,True
PAPER:JSTUSDT:1790849999999:SHORT,JSTUSDT:1790849999999:SHORT,JSTUSDT,1790850063050,META_LOSS,1790850779999,0.349352,False,0.014266568569302831,0,3,True
PAPER:PENDLEUSDT:1790849999999:SHORT,PENDLEUSDT:1790849999999:SHORT,PENDLEUSDT,1790850063366,META_WIN,1790850479999,1.533359,True,0.012060963697575805,0,2,True
PAPER:QUSDT:1790849999999:SHORT,QUSDT:1790849999999:SHORT,QUSDT,1790850130104,META_WIN,1790850539999,0.607337,False,0.7878971511016277,1,3,True
PAPER:POLUSDT:1790850899999:SHORT,POLUSDT:1790850899999:SHORT,POLUSDT,1790850941172,META_LOSS,1790851439999,0.290164,False,0.19088979734789527,0,2,True
PAPER:QUSDT:1790852699999:SHORT,QUSDT:1790852699999:SHORT,QUSDT,1790852718718,META_LOSS,1790853119999,0.819325,False,0.9749456929669719,1,1,True
PAPER:NMRUSDT:1790852699999:SHORT,NMRUSDT:1790852699999:SHORT,NMRUSDT,1790852720933,META_WIN,1790853119999,1.377249,True,0.9180427704932872,1,2,True
PAPER:ACEUSDT:1790852699999:SHORT,ACEUSDT:1790852699999:SHORT,ACEUSDT,1790852732373,META_LOSS,1790853119999,0.250437,False,0.8313242811354089,1,1,True
PAPER:APRUSDT:1790852999999:SHORT,APRUSDT:1790852999999:SHORT,APRUSDT,1790853132383,META_LOSS,1790853359999,0.566624,False,0.009110847973286288,0,2,True
PAPER:BSBUSDT:1790853299999:SHORT,BSBUSDT:1790853299999:SHORT,BSBUSDT,1790853315833,META_LOSS,1790854679999,0.334467,False,0.957321851110588,1,1,True
PAPER:COLLECTUSDT:1790853899999:SHORT,COLLECTUSDT:1790853899999:SHORT,COLLECTUSDT,1790853915472,META_LOSS,1790854079999,0.03377,False,0.9639522304693944,1,1,True
PAPER:HAEDALUSDT:1790853899999:SHORT,HAEDALUSDT:1790853899999:SHORT,HAEDALUSDT,1790853969652,META_LOSS,1790854619999,0.701046,False,0.09961971377126251,0,3,True
PAPER:XPINUSDT:1790854199999:SHORT,XPINUSDT:1790854199999:SHORT,XPINUSDT,1790854227059,META_LOSS,1790854739999,0.646056,False,0.8978471028624091,1,0,True
PAPER:HUMAUSDT:1790855099999:SHORT,HUMAUSDT:1790855099999:SHORT,HUMAUSDT,1790855116562,META_WIN,1790855159999,3.169341,True,0.949568485633967,1,0,True
PAPER:YBUSDT:1790857199999:SHORT,YBUSDT:1790857199999:SHORT,YBUSDT,1790857217271,META_LOSS,1790857319999,0.20476,False,0.6355373566344849,1,0,True
PAPER:CATIUSDT:1790857799999:SHORT,CATIUSDT:1790857799999:SHORT,CATIUSDT,1790857821999,META_WIN,1790858279999,0.786479,False,0.869763939314451,1,2,True
PAPER:BRUSDT:1790858399999:SHORT,BRUSDT:1790858399999:SHORT,BRUSDT,1790858415792,META_LOSS,1790859059999,1.20985,False,0.9563555574606276,1,0,True
PAPER:USTCUSDT:1790858699999:SHORT,USTCUSDT:1790858699999:SHORT,USTCUSDT,1790858728168,META_WIN,1790859899999,1.869736,True,0.8179869168740005,1,0,True
PAPER:PENDLEUSDT:1790858699999:SHORT,PENDLEUSDT:1790858699999:SHORT,PENDLEUSDT,1790858739860,META_WIN,1790860259999,1.455417,True,0.7022425010864607,1,3,True
PAPER:PROMPTUSDT:1790858999999:SHORT,PROMPTUSDT:1790858999999:SHORT,PROMPTUSDT,1790859018930,META_WIN,1790859239999,3.250048,True,0.7210670029885846,1,0,True
PAPER:ATOMUSDT:1790858999999:SHORT,ATOMUSDT:1790858999999:SHORT,ATOMUSDT,1790859026803,META_WIN,1790859839999,1.250458,True,0.01871668408814632,0,2,True
PAPER:BLUAIUSDT:1790859599999:SHORT,BLUAIUSDT:1790859599999:SHORT,BLUAIUSDT,1790859619504,META_WIN,1790860319999,0.838946,False,0.007037871688660317,0,3,True
PAPER:GRASSUSDT:1790859899999:SHORT,GRASSUSDT:1790859899999:SHORT,GRASSUSDT,1790859935684,META_LOSS,1790861399999,0.591329,False,0.7427215619241816,1,3,True
PAPER:TIAUSDT:1790859899999:SHORT,TIAUSDT:1790859899999:SHORT,TIAUSDT,1790859941369,META_WIN,1790860259999,1.025501,True,0.9211621813254655,1,0,True
PAPER:KAITOUSDT:1790859899999:SHORT,KAITOUSDT:1790859899999:SHORT,KAITOUSDT,1790859965515,META_LOSS,1790861579999,0.664046,False,0.22361163492316172,0,2,True
PAPER:SKLUSDT:1790859899999:SHORT,SKLUSDT:1790859899999:SHORT,SKLUSDT,1790859976219,META_LOSS,1790861579999,0.800559,False,0.8484820590904969,1,3,True
PAPER:NEIROUSDT:1790859899999:SHORT,NEIROUSDT:1790859899999:SHORT,NEIROUSDT,1790859979193,META_LOSS,1790861639999,0.728665,False,0.8982793764689778,1,0,True
PAPER:ERAUSDT:1790860199999:SHORT,ERAUSDT:1790860199999:SHORT,ERAUSDT,1790860265858,META_LOSS,1790860859999,0.505685,False,0.01884905787463913,0,2,True
PAPER:IOSTUSDT:1790860199999:SHORT,IOSTUSDT:1790860199999:SHORT,IOSTUSDT,1790860327572,META_LOSS,1790861579999,0.334799,False,0.034242161604075415,0,3,True
PAPER:IRYSUSDT:1790860499999:SHORT,IRYSUSDT:1790860499999:SHORT,IRYSUSDT,1790860592945,META_LOSS,1790861579999,0.358621,False,0.02770305038552513,0,2,True
PAPER:AWEUSDT:1790860799999:SHORT,AWEUSDT:1790860799999:SHORT,AWEUSDT,1790860835065,META_LOSS,1790861879999,0.31298,False,0.9473781038604212,1,0,True
PAPER:FLOWUSDT:1790861099999:SHORT,FLOWUSDT:1790861099999:SHORT,FLOWUSDT,1790861120481,META_LOSS,1790861579999,0.563392,False,0.9362048627521286,1,2,True
PAPER:HEIUSDT:1790861099999:SHORT,HEIUSDT:1790861099999:SHORT,HEIUSDT,1790861121954,META_LOSS,1790861519999,2.016308,False,0.023582948397304113,0,2,True
PAPER:LITUSDT:1790861099999:SHORT,LITUSDT:1790861099999:SHORT,LITUSDT,1790861124499,META_LOSS,1790861459999,0.412467,False,0.8224705885266573,1,0,True
PAPER:POLYXUSDT:1790861099999:SHORT,POLYXUSDT:1790861099999:SHORT,POLYXUSDT,1790861131052,META_LOSS,1790861579999,0.216338,False,0.30204876859433916,0,3,True
PAPER:APRUSDT:1790861399999:SHORT,APRUSDT:1790861399999:SHORT,APRUSDT,1790861445848,META_WIN,1790862179999,0.553999,False,0.9862943023292466,1,0,True
PAPER:ARXUSDT:1790861699999:SHORT,ARXUSDT:1790861699999:SHORT,ARXUSDT,1790861723888,META_LOSS,1790861759999,1.02337,False,0.9932520278345043,1,0,True
PAPER:PHAUSDT:1790861999999:SHORT,PHAUSDT:1790861999999:SHORT,PHAUSDT,1790862018638,META_WIN,1790862179999,1.66044,True,0.09244083727267545,0,2,True
PAPER:WLDUSDT:1790863499999:SHORT,WLDUSDT:1790863499999:SHORT,WLDUSDT,1790863523800,META_LOSS,1790863799999,0.31817,False,0.8448118576055402,1,3,True
PAPER:API3USDT:1790863499999:SHORT,API3USDT:1790863499999:SHORT,API3USDT,1790863540925,META_LOSS,1790863799999,0.08899,False,0.9409710819748228,1,0,True
PAPER:POLUSDT:1790863499999:SHORT,POLUSDT:1790863499999:SHORT,POLUSDT,1790863541419,META_LOSS,1790863739999,0.081249,False,0.8629559611286765,1,0,True
PAPER:VELVETUSDT:1790863499999:SHORT,VELVETUSDT:1790863499999:SHORT,VELVETUSDT,1790863545506,META_WIN,1790864459999,0.642043,False,0.7465833513068182,1,2,True
PAPER:COMPUSDT:1790863499999:SHORT,COMPUSDT:1790863499999:SHORT,COMPUSDT,1790863562862,META_LOSS,1790863799999,0.273925,False,0.7902422348667126,1,0,True
PAPER:XPLUSDT:1790863499999:SHORT,XPLUSDT:1790863499999:SHORT,XPLUSDT,1790863600282,META_LOSS,1790863799999,1.154089,False,0.045340052156079697,0,2,True
PAPER:PROVEUSDT:1790863799999:SHORT,PROVEUSDT:1790863799999:SHORT,PROVEUSDT,1790863832422,META_WIN,1790864519999,0.8441,False,0.12472859548631993,0,3,True
PAPER:XPLUSDT:1790864099999:SHORT,XPLUSDT:1790864099999:SHORT,XPLUSDT,1790864127661,META_LOSS,1790864279999,0.723639,False,0.8642347062943282,1,1,True
PAPER:BIOUSDT:1790864099999:SHORT,BIOUSDT:1790864099999:SHORT,BIOUSDT,1790864132690,META_LOSS,1790864279999,0.248506,False,0.8692199534376963,1,0,True
PAPER:MITOUSDT:1790864099999:SHORT,MITOUSDT:1790864099999:SHORT,MITOUSDT,1790864139383,META_LOSS,1790864459999,0.368927,False,0.8992428386183653,1,2,True
PAPER:PENGUUSDT:1790864099999:SHORT,PENGUUSDT:1790864099999:SHORT,PENGUUSDT,1790864146099,META_LOSS,1790864819999,0.72729,False,0.8758374108185848,1,1,True
PAPER:LISTAUSDT:1790864099999:SHORT,LISTAUSDT:1790864099999:SHORT,LISTAUSDT,1790864149612,META_LOSS,1790864759999,0.410415,False,0.9171211668907249,1,0,True
PAPER:1000XECUSDT:1790864099999:SHORT,1000XECUSDT:1790864099999:SHORT,1000XECUSDT,1790864152000,META_LOSS,1790864819999,0.301604,False,0.9432243606653057,1,2,True
PAPER:WETUSDT:1790864099999:SHORT,WETUSDT:1790864099999:SHORT,WETUSDT,1790864164082,META_LOSS,1790865419999,0.239115,False,0.046497851200566154,0,3,True
PAPER:ARPAUSDT:1790864099999:SHORT,ARPAUSDT:1790864099999:SHORT,ARPAUSDT,1790864181803,META_LOSS,1790864759999,0.108203,False,0.009098585114105362,0,2,True
PAPER:ICNTUSDT:1790865299999:SHORT,ICNTUSDT:1790865299999:SHORT,ICNTUSDT,1790865363664,META_LOSS,1790867159999,0.397616,False,0.008178208780942444,0,3,True
PAPER:ATHUSDT:1790865899999:SHORT,ATHUSDT:1790865899999:SHORT,ATHUSDT,1790865922155,META_LOSS,1790867099999,0.60242,False,0.9797921652872079,1,2,True
PAPER:PLUMEUSDT:1790866199999:SHORT,PLUMEUSDT:1790866199999:SHORT,PLUMEUSDT,1790866222076,META_WIN,1790867279999,0.837157,False,0.9795555895374213,1,2,True
PAPER:2ZUSDT:1790866199999:SHORT,2ZUSDT:1790866199999:SHORT,2ZUSDT,1790866228950,META_LOSS,1790866439999,0.560179,False,0.9827665902938281,1,0,True
PAPER:BRETTUSDT:1790866199999:SHORT,BRETTUSDT:1790866199999:SHORT,BRETTUSDT,1790866238575,META_LOSS,1790867099999,0.354803,False,0.6491037246636006,1,0,True
PAPER:AUCTIONUSDT:1790866199999:SHORT,AUCTIONUSDT:1790866199999:SHORT,AUCTIONUSDT,1790866242117,META_LOSS,1790867039999,0.533051,False,0.9604963541353899,1,1,True
PAPER:CYBERUSDT:1790866199999:SHORT,CYBERUSDT:1790866199999:SHORT,CYBERUSDT,1790866247914,META_LOSS,1790866799999,0.651915,False,0.9205412528841161,1,3,True
PAPER:PONSUSDT:1790866199999:SHORT,PONSUSDT:1790866199999:SHORT,PONSUSDT,1790866250501,META_WIN,1790866919999,1.061396,True,0.9570525227118402,1,2,True
PAPER:APEUSDT:1790866199999:SHORT,APEUSDT:1790866199999:SHORT,APEUSDT,1790866319702,META_LOSS,1790866559999,0.393017,False,0.30825331488421576,0,2,True
PAPER:ONEUSDT:1790866499999:SHORT,ONEUSDT:1790866499999:SHORT,ONEUSDT,1790866524010,META_LOSS,1790866739999,0.608504,False,0.03010542466767972,0,3,True
PAPER:ENAUSDT:1790866499999:SHORT,ENAUSDT:1790866499999:SHORT,ENAUSDT,1790866528877,META_WIN,1790866859999,1.790816,True,0.08736824762691736,0,2,True
PAPER:SYNUSDT:1790866499999:SHORT,SYNUSDT:1790866499999:SHORT,SYNUSDT,1790866550183,META_LOSS,1790866619999,2.000913,False,0.7728876453732316,1,0,True
PAPER:CTRUSDT:1790866499999:SHORT,CTRUSDT:1790866499999:SHORT,CTRUSDT,1790866562389,META_LOSS,1790867159999,0.131421,False,0.8861449310903432,1,1,True
PAPER:NMRUSDT:1790867399999:SHORT,NMRUSDT:1790867399999:SHORT,NMRUSDT,1790867425937,META_LOSS,1790867879999,0.776786,False,0.3948615920006535,0,2,True
PAPER:SKYUSDT:1790867399999:SHORT,SKYUSDT:1790867399999:SHORT,SKYUSDT,1790867501640,META_LOSS,1790867759999,0.42374,False,0.6874143530059482,1,2,True
PAPER:PROMPTUSDT:1790867699999:SHORT,PROMPTUSDT:1790867699999:SHORT,PROMPTUSDT,1790867724155,META_LOSS,1790867819999,1.56318,False,0.8433512370257356,1,0,True
PAPER:HEIUSDT:1790867999999:SHORT,HEIUSDT:1790867999999:SHORT,HEIUSDT,1790868018686,META_LOSS,1790868059999,0.687685,False,0.9682522118631585,1,0,True
PAPER:ONEUSDT:1790868599999:SHORT,ONEUSDT:1790868599999:SHORT,ONEUSDT,1790868617632,META_LOSS,1790868659999,0.625516,False,0.8490723494933887,1,0,True
PAPER:TRBUSDT:1790868899999:SHORT,TRBUSDT:1790868899999:SHORT,TRBUSDT,1790868926557,META_LOSS,1790869619999,0.100097,False,0.8943212297532293,1,0,True
PAPER:1000000MOGUSDT:1790868899999:SHORT,1000000MOGUSDT:1790868899999:SHORT,1000000MOGUSDT,1790868967824,META_LOSS,1790869739999,0.328194,False,0.9263676929888394,1,1,True
PAPER:ONUSDT:1790868899999:SHORT,ONUSDT:1790868899999:SHORT,ONUSDT,1790868968649,META_LOSS,1790869259999,0.946373,False,0.7587065823850182,1,0,True
PAPER:SOONUSDT:1790869199999:SHORT,SOONUSDT:1790869199999:SHORT,SOONUSDT,1790869215109,META_LOSS,1790869259999,1.036884,False,0.9999792701510348,1,0,True
PAPER:WLDUSDT:1790869499999:SHORT,WLDUSDT:1790869499999:SHORT,WLDUSDT,1790869528153,META_LOSS,1790869739999,0.847938,False,0.9750273309302744,1,1,True
PAPER:FIGHTUSDT:1790871299999:SHORT,FIGHTUSDT:1790871299999:SHORT,FIGHTUSDT,1790871329495,META_LOSS,1790871779999,0.566555,False,0.9355224032699275,1,0,True
PAPER:KASUSDT:1790871599999:SHORT,KASUSDT:1790871599999:SHORT,KASUSDT,1790871615940,META_LOSS,1790872259999,0.625286,False,0.9712533407249445,1,3,True
PAPER:PUMPBTCUSDT:1790871899999:SHORT,PUMPBTCUSDT:1790871899999:SHORT,PUMPBTCUSDT,1790871915930,META_WIN,1790872199999,1.202734,True,0.0011411001425025464,0,2,True
PAPER:PUMPBTCUSDT:1790872199999:SHORT,PUMPBTCUSDT:1790872199999:SHORT,PUMPBTCUSDT,1790872216789,META_LOSS,1790872379999,0.596642,False,0.9905522461179058,1,0,True
PAPER:RAVEUSDT:1790872799999:SHORT,RAVEUSDT:1790872799999:SHORT,RAVEUSDT,1790872821248,META_LOSS,1790873459999,0.232827,False,0.604899232744754,1,1,True
PAPER:ZENUSDT:1790872799999:SHORT,ZENUSDT:1790872799999:SHORT,ZENUSDT,1790872830102,META_LOSS,1790874179999,0.219818,False,0.5204811367360498,1,0,True
PAPER:牛来USDT:1790872799999:SHORT,牛来USDT:1790872799999:SHORT,牛来USDT,1790872862235,META_WIN,1790873099999,0.214068,False,0.6405863683025255,1,3,True
PAPER:NOMUSDT:1790873099999:SHORT,NOMUSDT:1790873099999:SHORT,NOMUSDT,1790873125534,META_WIN,1790873639999,0.980911,False,0.9971057873059256,1,0,True
PAPER:NEOUSDT:1790873699999:SHORT,NEOUSDT:1790873699999:SHORT,NEOUSDT,1790873726400,META_LOSS,1790874179999,0.259716,False,0.9756335927788188,1,1,True
PAPER:PROMPTUSDT:1790873699999:SHORT,PROMPTUSDT:1790873699999:SHORT,PROMPTUSDT,1790873729528,META_WIN,1790874119999,0.89014,False,0.27202586831144066,0,2,True
PAPER:FIGHTUSDT:1790873999999:SHORT,FIGHTUSDT:1790873999999:SHORT,FIGHTUSDT,1790874014558,META_LOSS,1790874179999,0.857364,False,0.5556890202711953,1,0,True
PAPER:APRUSDT:1790876399999:SHORT,APRUSDT:1790876399999:SHORT,APRUSDT,1790876419695,META_WIN,1790876879999,1.512031,True,0.9163413467452827,1,0,True
PAPER:1000XECUSDT:1790877899999:SHORT,1000XECUSDT:1790877899999:SHORT,1000XECUSDT,1790877915955,META_WIN,1790878019999,1.620477,True,0.7010430031508802,1,1,True
PAPER:KASUSDT:1790878199999:SHORT,KASUSDT:1790878199999:SHORT,KASUSDT,1790878228697,META_WIN,1790878799999,0.77457,False,0.3874635870664026,0,2,True
PAPER:SKRUSDT:1790878499999:SHORT,SKRUSDT:1790878499999:SHORT,SKRUSDT,1790878516162,META_WIN,1790878679999,0.89907,False,0.9921659332704584,1,0,True
PAPER:1000XECUSDT:1790879399999:SHORT,1000XECUSDT:1790879399999:SHORT,1000XECUSDT,1790879415447,META_LOSS,1790879759999,0.066884,False,0.8111870419851864,1,3,True
PAPER:ARPAUSDT:1790879699999:SHORT,ARPAUSDT:1790879699999:SHORT,ARPAUSDT,1790879731417,META_LOSS,1790880959999,0.249205,False,0.5628962415604305,1,2,True
PAPER:ATUSDT:1790879699999:SHORT,ATUSDT:1790879699999:SHORT,ATUSDT,1790879732021,META_WIN,1790879999999,0.938654,False,0.9999397057765541,1,0,True
PAPER:STXUSDT:1790880599999:SHORT,STXUSDT:1790880599999:SHORT,STXUSDT,1790880617591,META_WIN,1790882099999,0.216761,False,0.5871603340166003,1,2,True
PAPER:ZECUSDT:1790880599999:SHORT,ZECUSDT:1790880599999:SHORT,ZECUSDT,1790880618091,META_WIN,1790881319999,1.279297,True,0.20123311130098132,0,2,True
PAPER:GRAMUSDT:1790880599999:SHORT,GRAMUSDT:1790880599999:SHORT,GRAMUSDT,1790880624178,META_LOSS,1790881619999,0.434043,False,0.8984856802978199,1,0,True
PAPER:BLUAIUSDT:1790881799999:SHORT,BLUAIUSDT:1790881799999:SHORT,BLUAIUSDT,1790881819023,META_WIN,1790882219999,0.706934,False,0.73006256745685,1,0,True
PAPER:ZAMAUSDT:1790882099999:SHORT,ZAMAUSDT:1790882099999:SHORT,ZAMAUSDT,1790882116500,META_LOSS,1790882219999,2.100561,False,0.7607929935774723,1,0,True
PAPER:RECALLUSDT:1790882099999:SHORT,RECALLUSDT:1790882099999:SHORT,RECALLUSDT,1790882118040,META_WIN,1790883479999,0.726259,False,0.8767442753009608,1,3,True
PAPER:PONSUSDT:1790882399999:SHORT,PONSUSDT:1790882399999:SHORT,PONSUSDT,1790882424007,META_WIN,1790883359999,1.360521,True,0.9541349889379133,1,3,True
PAPER:THETAUSDT:1790882399999:SHORT,THETAUSDT:1790882399999:SHORT,THETAUSDT,1790882436158,META_WIN,1790882879999,1.938493,True,0.7169012806501605,1,1,True
PAPER:GPSUSDT:1790882399999:SHORT,GPSUSDT:1790882399999:SHORT,GPSUSDT,1790882436889,META_LOSS,1790883179999,0.077959,False,0.9700217961466099,1,0,True
PAPER:XMRUSDT:1790882399999:SHORT,XMRUSDT:1790882399999:SHORT,XMRUSDT,1790882464568,META_LOSS,1790883959999,0.314849,False,0.8498601852680988,1,1,True
PAPER:TACUSDT:1790882699999:SHORT,TACUSDT:1790882699999:SHORT,TACUSDT,1790882723032,META_WIN,1790883299999,1.062326,True,0.9542437824136447,1,0,True
PAPER:ALCHUSDT:1790882699999:SHORT,ALCHUSDT:1790882699999:SHORT,ALCHUSDT,1790882732826,META_LOSS,1790884319999,0.46412,False,0.9746441615257071,1,0,True
PAPER:CHILLGUYUSDT:1790882699999:SHORT,CHILLGUYUSDT:1790882699999:SHORT,CHILLGUYUSDT,1790882735179,META_LOSS,1790884199999,0.183304,False,0.8980301928984566,1,3,True
PAPER:RIVERUSDT:1790882699999:SHORT,RIVERUSDT:1790882699999:SHORT,RIVERUSDT,1790882744756,META_LOSS,1790883659999,0.986065,False,0.9095436353260988,1,0,True
PAPER:PIPPINUSDT:1790882699999:SHORT,PIPPINUSDT:1790882699999:SHORT,PIPPINUSDT,1790882747614,META_WIN,1790882999999,0.843168,False,0.9835722518343605,1,1,True
PAPER:哈基米USDT:1790882699999:SHORT,哈基米USDT:1790882699999:SHORT,哈基米USDT,1790882777581,META_LOSS,1790883599999,0.410322,False,0.8874885246949087,1,2,True
PAPER:ESPORTSUSDT:1790882699999:SHORT,ESPORTSUSDT:1790882699999:SHORT,ESPORTSUSDT,1790882777770,META_WIN,1790883539999,0.628875,False,0.014859500031201763,0,3,True
PAPER:NOMUSDT:1790882999999:SHORT,NOMUSDT:1790882999999:SHORT,NOMUSDT,1790883020896,META_LOSS,1790883119999,0.618022,False,0.5355086955627681,1,0,True
PAPER:FLOCKUSDT:1790882999999:SHORT,FLOCKUSDT:1790882999999:SHORT,FLOCKUSDT,1790883034913,META_WIN,1790884139999,1.481022,True,0.7452453858705762,1,0,True
PAPER:ARXUSDT:1790882999999:SHORT,ARXUSDT:1790882999999:SHORT,ARXUSDT,1790883040553,META_LOSS,1790883719999,0.051618,False,0.9484517903029787,1,0,True
PAPER:TAKEUSDT:1790882999999:SHORT,TAKEUSDT:1790882999999:SHORT,TAKEUSDT,1790883054955,META_LOSS,1790883299999,0.029667,False,0.8108854959179482,1,1,True
PAPER:USUALUSDT:1790882999999:SHORT,USUALUSDT:1790882999999:SHORT,USUALUSDT,1790883091421,META_LOSS,1790884019999,0.241065,False,0.20198107504360174,0,3,True
PAPER:PLAYUSDT:1790882999999:SHORT,PLAYUSDT:1790882999999:SHORT,PLAYUSDT,1790883135025,META_LOSS,1790883539999,0.205993,False,0.013367372674964576,0,3,True
PAPER:EDGEUSDT:1790883299999:SHORT,EDGEUSDT:1790883299999:SHORT,EDGEUSDT,1790883321656,META_LOSS,1790883839999,0.5226,False,0.018866007188531975,0,3,True
PAPER:AEROUSDT:1790883599999:SHORT,AEROUSDT:1790883599999:SHORT,AEROUSDT,1790883616858,META_LOSS,1790884319999,0.405284,False,0.790077322155219,1,1,True
PAPER:SYNUSDT:1790885099999:SHORT,SYNUSDT:1790885099999:SHORT,SYNUSDT,1790885115614,META_WIN,1790886659999,1.179788,True,0.9938443146624576,1,0,True
PAPER:STARUSDT:1790885399999:SHORT,STARUSDT:1790885399999:SHORT,STARUSDT,1790885416202,META_WIN,1790885579999,1.299373,True,0.7081183915528964,1,2,True
PAPER:BLUAIUSDT:1790885399999:SHORT,BLUAIUSDT:1790885399999:SHORT,BLUAIUSDT,1790885419809,META_WIN,1790885819999,1.084098,True,0.0023853388765161126,0,3,True
PAPER:MONUSDT:1790887199999:SHORT,MONUSDT:1790887199999:SHORT,MONUSDT,1790887217226,META_LOSS,1790887619999,0.30618,False,0.8972082801530717,1,2,True
PAPER:PROMPTUSDT:1790887499999:SHORT,PROMPTUSDT:1790887499999:SHORT,PROMPTUSDT,1790887513934,META_LOSS,1790888099999,0.031053,False,0.7936919065629807,1,1,True
PAPER:1000000BOBUSDT:1790887499999:SHORT,1000000BOBUSDT:1790887499999:SHORT,1000000BOBUSDT,1790887519954,META_LOSS,1790888819999,1.007347,False,0.9338825044159753,1,3,True
PAPER:GRASSUSDT:1790888699999:SHORT,GRASSUSDT:1790888699999:SHORT,GRASSUSDT,1790888727434,META_WIN,1790888879999,0.503069,False,0.7356283007907146,1,1,True
PAPER:GRASSUSDT:1790888999999:SHORT,GRASSUSDT:1790888999999:SHORT,GRASSUSDT,1790889014063,META_WIN,1790889179999,1.02635,True,0.6616938634005785,1,1,True
PAPER:MINAUSDT:1790889299999:SHORT,MINAUSDT:1790889299999:SHORT,MINAUSDT,1790889323326,META_WIN,1790890259999,0.52032,False,0.917769362776424,1,0,True
PAPER:CVXUSDT:1790889599999:SHORT,CVXUSDT:1790889599999:SHORT,CVXUSDT,1790889616482,META_WIN,1790890859999,1.637524,True,0.9328473071196853,1,3,True
PAPER:DRIFTUSDT:1790890199999:SHORT,DRIFTUSDT:1790890199999:SHORT,DRIFTUSDT,1790890217279,META_WIN,1790890979999,0.663393,False,0.8323323486090504,1,0,True
PAPER:DYDXUSDT:1790890199999:SHORT,DYDXUSDT:1790890199999:SHORT,DYDXUSDT,1790890219616,META_LOSS,1790890439999,0.926131,False,0.8250602600748389,1,1,True
PAPER:JCTUSDT:1790890199999:SHORT,JCTUSDT:1790890199999:SHORT,JCTUSDT,1790890220365,META_LOSS,1790891519999,0.455998,False,0.821152320645638,1,2,True
PAPER:TAUSDT:1790890499999:SHORT,TAUSDT:1790890499999:SHORT,TAUSDT,1790890518746,META_LOSS,1790890559999,1.196682,False,0.6730532995986277,1,0,True
PAPER:JTOUSDT:1790890499999:SHORT,JTOUSDT:1790890499999:SHORT,JTOUSDT,1790890519692,META_LOSS,1790892119999,0.54296,False,0.93700342560474,1,3,True
PAPER:SAGAUSDT:1790890499999:SHORT,SAGAUSDT:1790890499999:SHORT,SAGAUSDT,1790890525241,META_LOSS,1790891639999,0.753451,False,0.0292775875116748,0,2,True
PAPER:XPLUSDT:1790890499999:SHORT,XPLUSDT:1790890499999:SHORT,XPLUSDT,1790890527790,META_LOSS,1790892059999,0.603075,False,0.9162667723085957,1,3,True
PAPER:SQDUSDT:1790890799999:SHORT,SQDUSDT:1790890799999:SHORT,SQDUSDT,1790890822974,META_LOSS,1790892119999,0.318817,False,0.9817091595478544,1,0,True
PAPER:POWERUSDT:1790890799999:SHORT,POWERUSDT:1790890799999:SHORT,POWERUSDT,1790890834657,META_LOSS,1790891399999,0.141239,False,0.8557854795229509,1,0,True
PAPER:TAUSDT:1790890799999:SHORT,TAUSDT:1790890799999:SHORT,TAUSDT,1790890839054,META_WIN,1790890919999,1.747283,True,0.7118834962838572,1,0,True
PAPER:2ZUSDT:1790890799999:SHORT,2ZUSDT:1790890799999:SHORT,2ZUSDT,1790890875933,META_LOSS,1790891399999,0.416844,False,0.9470531208812125,1,2,True
PAPER:PUMPUSDT:1790891099999:SHORT,PUMPUSDT:1790891099999:SHORT,PUMPUSDT,1790891123661,META_WIN,1790891459999,1.53925,True,0.91423169458297,1,3,True
PAPER:SPACEUSDT:1790891099999:SHORT,SPACEUSDT:1790891099999:SHORT,SPACEUSDT,1790891129980,META_LOSS,1790891819999,0.074479,False,0.030307984088175907,0,2,True
PAPER:MAGMAUSDT:1790893499999:SHORT,MAGMAUSDT:1790893499999:SHORT,MAGMAUSDT,1790893517495,META_LOSS,1790893679999,0.164424,False,0.9953090257621133,1,0,True
PAPER:FFUSDT:1790893799999:SHORT,FFUSDT:1790893799999:SHORT,FFUSDT,1790893820488,META_WIN,1790894879999,0.803307,False,0.9078001081309677,1,0,True
PAPER:BRUSDT:1790894099999:SHORT,BRUSDT:1790894099999:SHORT,BRUSDT,1790894117021,META_WIN,1790894939999,0.979891,False,0.011638736844705153,0,3,True
PAPER:MOVEUSDT:1790894099999:SHORT,MOVEUSDT:1790894099999:SHORT,MOVEUSDT,1790894117546,META_LOSS,1790894279999,0.651675,False,0.9444150887054517,1,0,True
PAPER:ENAUSDT:1790894999999:SHORT,ENAUSDT:1790894999999:SHORT,ENAUSDT,1790895014634,META_LOSS,1790895299999,0.526531,False,0.09836524720870807,0,2,True
PAPER:ACUUSDT:1790894999999:SHORT,ACUUSDT:1790894999999:SHORT,ACUUSDT,1790895020914,META_LOSS,1790895359999,0.056271,False,0.9427210037960205,1,0,True
PAPER:PONSUSDT:1790895899999:SHORT,PONSUSDT:1790895899999:SHORT,PONSUSDT,1790895918465,META_LOSS,1790897219999,0.395921,False,0.7970363578434015,1,1,True
PAPER:HUSDT:1790897399999:SHORT,HUSDT:1790897399999:SHORT,HUSDT,1790897416406,META_LOSS,1790897579999,0.23719,False,0.7960777046028692,1,0,True
PAPER:DATAIPUSDT:1790897699999:SHORT,DATAIPUSDT:1790897699999:SHORT,DATAIPUSDT,1790897727541,META_WIN,1790898419999,1.971135,True,0.044549713043722516,0,2,True
PAPER:PUMPBTCUSDT:1790901299999:SHORT,PUMPBTCUSDT:1790901299999:SHORT,PUMPBTCUSDT,1790901316237,META_LOSS,1790901479999,0.103937,False,0.016923869636539437,0,2,True
PAPER:PLAYUSDT:1790901599999:SHORT,PLAYUSDT:1790901599999:SHORT,PLAYUSDT,1790901638343,META_LOSS,1790902499999,0.619101,False,0.013644203973930789,0,3,True
PAPER:ARIAUSDT:1790903099999:SHORT,ARIAUSDT:1790903099999:SHORT,ARIAUSDT,1790903116026,META_LOSS,1790904119999,0.39721,False,0.8836957353696456,1,0,True
PAPER:PROMPTUSDT:1790903399999:SHORT,PROMPTUSDT:1790903399999:SHORT,PROMPTUSDT,1790903419243,META_LOSS,1790904119999,0.535943,False,0.24513753453885997,0,3,True
PAPER:NOMUSDT:1790903399999:SHORT,NOMUSDT:1790903399999:SHORT,NOMUSDT,1790903419919,META_LOSS,1790903819999,0.310459,False,0.9293617200174835,1,0,True
PAPER:FFUSDT:1790903399999:SHORT,FFUSDT:1790903399999:SHORT,FFUSDT,1790903430343,META_WIN,1790903759999,1.066544,True,0.9226436595574934,1,2,True
PAPER:TRIAUSDT:1790903399999:SHORT,TRIAUSDT:1790903399999:SHORT,TRIAUSDT,1790903464288,META_WIN,1790904239999,0.942884,False,0.005681311747965929,0,3,True
PAPER:ZKCUSDT:1790903699999:SHORT,ZKCUSDT:1790903699999:SHORT,ZKCUSDT,1790903720870,META_WIN,1790904539999,0.652984,False,0.8247841777506021,1,0,True
PAPER:ANIMEUSDT:1790903699999:SHORT,ANIMEUSDT:1790903699999:SHORT,ANIMEUSDT,1790903736896,META_LOSS,1790904299999,0.280808,False,0.011406387356799863,0,2,True
PAPER:NILUSDT:1790903699999:SHORT,NILUSDT:1790903699999:SHORT,NILUSDT,1790903773338,META_WIN,1790904959999,0.671269,False,0.7316952761982204,1,3,True
PAPER:SKYUSDT:1790903999999:SHORT,SKYUSDT:1790903999999:SHORT,SKYUSDT,1790904027023,META_LOSS,1790904779999,0.416077,False,0.7945721148844711,1,1,True
PAPER:PUMPBTCUSDT:1790908799999:SHORT,PUMPBTCUSDT:1790908799999:SHORT,PUMPBTCUSDT,1790908816014,META_LOSS,1790909219999,0.948713,False,0.6132640710338538,1,0,True
PAPER:REDUSDT:1790911799999:SHORT,REDUSDT:1790911799999:SHORT,REDUSDT,1790911822030,META_LOSS,1790912039999,1.187828,False,0.021961987867450638,0,2,True
PAPER:LITUSDT:1790912399999:SHORT,LITUSDT:1790912399999:SHORT,LITUSDT,1790912468012,META_LOSS,1790913239999,0.682619,False,0.07292398324151052,0,3,True
PAPER:NOMUSDT:1790912699999:SHORT,NOMUSDT:1790912699999:SHORT,NOMUSDT,1790912714678,META_LOSS,1790912819999,1.972876,False,0.93441733629351,1,0,True
PAPER:AEROUSDT:1790914199999:SHORT,AEROUSDT:1790914199999:SHORT,AEROUSDT,1790914220162,META_LOSS,1790914859999,0.29409,False,0.9228934402272985,1,1,True
PAPER:DRIFTUSDT:1790914199999:SHORT,DRIFTUSDT:1790914199999:SHORT,DRIFTUSDT,1790914264254,META_LOSS,1790914859999,0.079026,False,0.02764690229796589,0,2,True
PAPER:IOSTUSDT:1790914199999:SHORT,IOSTUSDT:1790914199999:SHORT,IOSTUSDT,1790914264426,META_LOSS,1790914859999,0.10542,False,0.912699290481736,1,2,True
PAPER:HUMAUSDT:1790914499999:SHORT,HUMAUSDT:1790914499999:SHORT,HUMAUSDT,1790914521811,META_LOSS,1790914859999,0.735529,False,0.8218590359167981,1,1,True
PAPER:BSVUSDT:1790914499999:SHORT,BSVUSDT:1790914499999:SHORT,BSVUSDT,1790914537903,META_LOSS,1790914859999,0.178744,False,0.24818906714066283,0,2,True
PAPER:RIFUSDT:1790914499999:SHORT,RIFUSDT:1790914499999:SHORT,RIFUSDT,1790914543182,META_LOSS,1790914859999,0.253989,False,0.9556396932034719,1,0,True
PAPER:HUSDT:1790916299999:SHORT,HUSDT:1790916299999:SHORT,HUSDT,1790916316647,META_LOSS,1790916539999,0.335585,False,0.9192072794195828,1,0,True
PAPER:ZKUSDT:1790916899999:SHORT,ZKUSDT:1790916899999:SHORT,ZKUSDT,1790916927233,META_LOSS,1790917439999,0.868382,False,0.5108839278933603,1,0,True
PAPER:1000000BOBUSDT:1790917499999:SHORT,1000000BOBUSDT:1790917499999:SHORT,1000000BOBUSDT,1790917533441,META_WIN,1790917979999,4.159936,True,0.07998284337423561,0,2,True
PAPER:LSKUSDT:1790917499999:SHORT,LSKUSDT:1790917499999:SHORT,LSKUSDT,1790917597116,META_WIN,1790918519999,0.527626,False,0.026420049395797427,0,2,True
PAPER:CCUSDT:1790919299999:SHORT,CCUSDT:1790919299999:SHORT,CCUSDT,1790919316917,META_LOSS,1790920919999,0.69603,False,0.8534225091681032,1,0,True
PAPER:LUMIAUSDT:1790919599999:SHORT,LUMIAUSDT:1790919599999:SHORT,LUMIAUSDT,1790919636791,META_LOSS,1790921399999,0.1193,False,0.9807325077561441,1,0,True
PAPER:ONEUSDT:1790919599999:SHORT,ONEUSDT:1790919599999:SHORT,ONEUSDT,1790919645914,META_LOSS,1790919839999,0.627601,False,0.9369891055160904,1,1,True
PAPER:ARBUSDT:1790919599999:SHORT,ARBUSDT:1790919599999:SHORT,ARBUSDT,1790919653630,META_LOSS,1790919719999,0.029011,False,0.9588649143180152,1,0,True
PAPER:REUSDT:1790920199999:SHORT,REUSDT:1790920199999:SHORT,REUSDT,1790920221102,META_LOSS,1790920499999,0.098973,False,0.9163316870420513,1,1,True
PAPER:NAORISUSDT:1790922599999:SHORT,NAORISUSDT:1790922599999:SHORT,NAORISUSDT,1790922626560,META_LOSS,1790923139999,0.673977,False,0.9602537830359096,1,1,True
PAPER:CAPUSDT:1790922599999:SHORT,CAPUSDT:1790922599999:SHORT,CAPUSDT,1790922630363,META_LOSS,1790923079999,0.675337,False,0.8844780024710082,1,1,True
PAPER:EPICUSDT:1790922899999:SHORT,EPICUSDT:1790922899999:SHORT,EPICUSDT,1790922968018,META_WIN,1790924579999,2.26261,True,0.8366912463040186,1,0,True
PAPER:PUMPBTCUSDT:1790923199999:SHORT,PUMPBTCUSDT:1790923199999:SHORT,PUMPBTCUSDT,1790923226766,META_LOSS,1790923619999,0.598932,False,0.018707964052756754,0,2,True
PAPER:BSVUSDT:1790923199999:SHORT,BSVUSDT:1790923199999:SHORT,BSVUSDT,1790923269871,META_LOSS,1790924099999,0.228308,False,0.9611625163905196,1,3,True
PAPER:VELVETUSDT:1790923499999:SHORT,VELVETUSDT:1790923499999:SHORT,VELVETUSDT,1790923524493,META_LOSS,1790923799999,0.61324,False,0.9162067140898902,1,0,True
PAPER:SYNUSDT:1790923799999:SHORT,SYNUSDT:1790923799999:SHORT,SYNUSDT,1790923822384,META_WIN,1790925419999,0.928878,False,0.5966153199347719,1,3,True
PAPER:MARSCOINUSDT:1790924399999:SHORT,MARSCOINUSDT:1790924399999:SHORT,MARSCOINUSDT,1790924427197,META_WIN,1790924519999,1.024232,True,0.9073704722951259,1,1,True
PAPER:CAPUSDT:1790924699999:SHORT,CAPUSDT:1790924699999:SHORT,CAPUSDT,1790924721810,META_WIN,1790925719999,0.274833,False,0.6278955405893534,1,2,True
PAPER:GTCUSDT:1790924699999:SHORT,GTCUSDT:1790924699999:SHORT,GTCUSDT,1790924722290,META_WIN,1790924999999,1.924607,True,0.0009850998374589792,0,2,True
PAPER:SKYAIUSDT:1790924699999:SHORT,SKYAIUSDT:1790924699999:SHORT,SKYAIUSDT,1790924738847,META_LOSS,1790926379999,0.655807,False,0.8768043477179972,1,3,True
PAPER:ZKUSDT:1790924699999:SHORT,ZKUSDT:1790924699999:SHORT,ZKUSDT,1790924743788,META_WIN,1790925479999,0.621537,False,0.8261741890169779,1,2,True
PAPER:ARXUSDT:1790924699999:SHORT,ARXUSDT:1790924699999:SHORT,ARXUSDT,1790924758406,META_WIN,1790924999999,0.942755,False,0.9369361628215085,1,3,True
PAPER:SOONUSDT:1790924999999:SHORT,SOONUSDT:1790924999999:SHORT,SOONUSDT,1790925022137,META_LOSS,1790925059999,0.129503,False,0.8497789183942078,1,0,True
PAPER:TWTUSDT:1790924999999:SHORT,TWTUSDT:1790924999999:SHORT,TWTUSDT,1790925037162,META_WIN,1790925179999,1.22939,True,0.9030402928330212,1,2,True
PAPER:STXUSDT:1790924999999:SHORT,STXUSDT:1790924999999:SHORT,STXUSDT,1790925061205,META_WIN,1790925479999,1.001157,True,0.956703759556405,1,2,True
PAPER:PUMPBTCUSDT:1790925299999:SHORT,PUMPBTCUSDT:1790925299999:SHORT,PUMPBTCUSDT,1790925362377,META_WIN,1790925539999,0.850817,False,0.0007822793636244081,0,2,True
PAPER:ONEUSDT:1790925599999:SHORT,ONEUSDT:1790925599999:SHORT,ONEUSDT,1790925645687,META_WIN,1790927159999,0.0,False,0.34144690330706795,0,2,True
PAPER:SYNUSDT:1790925599999:SHORT,SYNUSDT:1790925599999:SHORT,SYNUSDT,1790925670619,META_WIN,1790926259999,1.500195,True,0.9139515403724214,1,2,True
PAPER:TWTUSDT:1790926199999:SHORT,TWTUSDT:1790926199999:SHORT,TWTUSDT,1790926260433,META_LOSS,1790927339999,0.55144,False,0.8388361421266306,1,1,True
PAPER:WUSDT:1790926499999:SHORT,WUSDT:1790926499999:SHORT,WUSDT,1790926526819,META_LOSS,1790926979999,0.142199,False,0.8288566384426228,1,3,True
PAPER:TOSHIUSDT:1790926499999:SHORT,TOSHIUSDT:1790926499999:SHORT,TOSHIUSDT,1790926542805,META_LOSS,1790927219999,0.219661,False,0.9511279595512476,1,3,True
PAPER:LUNA2USDT:1790926499999:SHORT,LUNA2USDT:1790926499999:SHORT,LUNA2USDT,1790926549311,META_LOSS,1790926919999,0.365652,False,0.01845022064302015,0,3,True
PAPER:TUSDT:1790926499999:SHORT,TUSDT:1790926499999:SHORT,TUSDT,1790926630429,META_LOSS,1790927879999,0.311982,False,0.8712017437388023,1,1,True
PAPER:BTWUSDT:1790927399999:SHORT,BTWUSDT:1790927399999:SHORT,BTWUSDT,1790927422590,META_LOSS,1790927579999,0.685287,False,0.974147216041627,1,0,True
PAPER:SQDUSDT:1790927399999:SHORT,SQDUSDT:1790927399999:SHORT,SQDUSDT,1790927506819,META_LOSS,1790928599999,0.149867,False,0.05872234424855586,0,3,True
PAPER:POWERUSDT:1790929499999:SHORT,POWERUSDT:1790929499999:SHORT,POWERUSDT,1790929542549,META_WIN,1790929799999,1.634408,True,0.03858693380279047,0,2,True
PAPER:CAPUSDT:1790930399999:SHORT,CAPUSDT:1790930399999:SHORT,CAPUSDT,1790930418819,META_WIN,1790930819999,1.643348,True,0.3426257334947444,0,2,True
PAPER:PUMPBTCUSDT:1790931899999:SHORT,PUMPBTCUSDT:1790931899999:SHORT,PUMPBTCUSDT,1790931920210,META_WIN,1790932019999,1.244471,True,0.5100830861378529,1,0,True
PAPER:STBLUSDT:1790931899999:SHORT,STBLUSDT:1790931899999:SHORT,STBLUSDT,1790931925095,META_LOSS,1790932379999,0.399287,False,0.9464215923561339,1,0,True
PAPER:TAKEUSDT:1790931899999:SHORT,TAKEUSDT:1790931899999:SHORT,TAKEUSDT,1790931943070,META_LOSS,1790932139999,0.324595,False,0.9531533011899032,1,0,True
PAPER:SOONUSDT:1790932799999:SHORT,SOONUSDT:1790932799999:SHORT,SOONUSDT,1790932819760,META_WIN,1790933219999,0.851901,False,0.8669440332998609,1,1,True
PAPER:TAKEUSDT:1790933099999:SHORT,TAKEUSDT:1790933099999:SHORT,TAKEUSDT,1790933132117,META_WIN,1790933399999,1.018625,True,0.9107165654881425,1,2,True
PAPER:BROCCOLI714USDT:1790935499999:SHORT,BROCCOLI714USDT:1790935499999:SHORT,BROCCOLI714USDT,1790935516574,META_WIN,1790936339999,0.589874,False,0.6692057683439474,1,2,True
PAPER:NEOUSDT:1790935499999:SHORT,NEOUSDT:1790935499999:SHORT,NEOUSDT,1790935569284,META_WIN,1790936219999,0.132002,False,0.9299396670574108,1,0,True
PAPER:APRUSDT:1790935799999:SHORT,APRUSDT:1790935799999:SHORT,APRUSDT,1790935860585,META_LOSS,1790937419999,0.436708,False,0.8949542614531839,1,3,True
PAPER:SLPUSDT:1790936099999:SHORT,SLPUSDT:1790936099999:SHORT,SLPUSDT,1790936129529,META_WIN,1790936279999,2.838109,True,0.9622835950467155,1,0,True
PAPER:AZTECUSDT:1790936399999:SHORT,AZTECUSDT:1790936399999:SHORT,AZTECUSDT,1790936420110,META_LOSS,1790937719999,0.432831,False,0.9753611258200113,1,2,True
PAPER:DEEPUSDT:1790938199999:SHORT,DEEPUSDT:1790938199999:SHORT,DEEPUSDT,1790938221174,META_LOSS,1790939279999,0.233854,False,0.7246947990480096,1,0,True
PAPER:SUPERUSDT:1790938799999:SHORT,SUPERUSDT:1790938799999:SHORT,SUPERUSDT,1790938816539,META_WIN,1790939339999,0.775259,False,0.5604555244810748,1,2,True
PAPER:ARXUSDT:1790939399999:SHORT,ARXUSDT:1790939399999:SHORT,ARXUSDT,1790939423312,META_WIN,1790939579999,1.699966,True,0.7371204136821862,1,2,True
PAPER:PUMPBTCUSDT:1790939399999:SHORT,PUMPBTCUSDT:1790939399999:SHORT,PUMPBTCUSDT,1790939522427,META_LOSS,1790939999999,1.250898,False,0.0026286121283679385,0,2,True
PAPER:BTWUSDT:1790939699999:SHORT,BTWUSDT:1790939699999:SHORT,BTWUSDT,1790939716346,META_WIN,1790939819999,1.774077,True,0.7197061822114086,1,0,True
PAPER:BATUSDT:1790939699999:SHORT,BATUSDT:1790939699999:SHORT,BATUSDT,1790939723300,META_WIN,1790939879999,1.974756,True,0.9547770078465853,1,0,True
PAPER:XVSUSDT:1790939999999:SHORT,XVSUSDT:1790939999999:SHORT,XVSUSDT,1790940016108,META_LOSS,1790940119999,0.634465,False,0.9995453812157915,1,0,True
PAPER:USELESSUSDT:1790942699999:SHORT,USELESSUSDT:1790942699999:SHORT,USELESSUSDT,1790942718980,META_LOSS,1790942939999,0.630395,False,0.5880702882139346,1,0,True
PAPER:NILUSDT:1790942699999:SHORT,NILUSDT:1790942699999:SHORT,NILUSDT,1790942740015,META_LOSS,1790942999999,0.165539,False,0.037315379254310534,0,2,True
PAPER:DEXEUSDT:1790942999999:SHORT,DEXEUSDT:1790942999999:SHORT,DEXEUSDT,1790943044156,META_WIN,1790944139999,0.131008,False,0.811403426951377,1,1,True
PAPER:CROSSUSDT:1790944199999:SHORT,CROSSUSDT:1790944199999:SHORT,CROSSUSDT,1790944226380,META_LOSS,1790944619999,0.44112,False,0.9562968166703694,1,0,True
PAPER:JUPUSDT:1790945099999:SHORT,JUPUSDT:1790945099999:SHORT,JUPUSDT,1790945163940,META_LOSS,1790945399999,0.374492,False,0.8151377047238807,1,0,True
PAPER:CHRUSDT:1790945099999:SHORT,CHRUSDT:1790945099999:SHORT,CHRUSDT,1790945181495,META_LOSS,1790946299999,0.715437,False,0.0062467206253819406,0,3,True
PAPER:POWERUSDT:1790945399999:SHORT,POWERUSDT:1790945399999:SHORT,POWERUSDT,1790945442387,META_LOSS,1790946239999,0.239371,False,0.9901256965068241,1,0,True
PAPER:LISTAUSDT:1790946599999:SHORT,LISTAUSDT:1790946599999:SHORT,LISTAUSDT,1790946629798,META_LOSS,1790946779999,0.619905,False,0.9902951651757994,1,1,True
PAPER:BELUSDT:1790947199999:SHORT,BELUSDT:1790947199999:SHORT,BELUSDT,1790947215431,META_LOSS,1790947439999,0.605365,False,0.9809420268135972,1,2,True
PAPER:PUMPBTCUSDT:1790949599999:SHORT,PUMPBTCUSDT:1790949599999:SHORT,PUMPBTCUSDT,1790949617146,META_LOSS,1790949959999,1.207235,False,0.23669250195081398,0,2,True
PAPER:2ZUSDT:1790950199999:SHORT,2ZUSDT:1790950199999:SHORT,2ZUSDT,1790950224427,META_LOSS,1790950679999,0.101527,False,0.013454548161298253,0,2,True
PAPER:PONSUSDT:1790950199999:SHORT,PONSUSDT:1790950199999:SHORT,PONSUSDT,1790950244855,META_WIN,1790951399999,0.64973,False,0.8938047212044092,1,1,True
PAPER:JASMYUSDT:1790950199999:SHORT,JASMYUSDT:1790950199999:SHORT,JASMYUSDT,1790950245830,META_LOSS,1790950859999,0.543848,False,0.029848276821389765,0,2,True
PAPER:COMPUSDT:1790950199999:SHORT,COMPUSDT:1790950199999:SHORT,COMPUSDT,1790950258119,META_LOSS,1790950919999,0.183041,False,0.7774553165689083,1,2,True
PAPER:IOTAUSDT:1790950199999:SHORT,IOTAUSDT:1790950199999:SHORT,IOTAUSDT,1790950272113,META_LOSS,1790950919999,0.324705,False,0.9129564443205063,1,1,True
PAPER:VELODROMEUSDT:1790950199999:SHORT,VELODROMEUSDT:1790950199999:SHORT,VELODROMEUSDT,1790950326845,META_LOSS,1790950919999,0.538111,False,0.03547511258297046,0,3,True
PAPER:DIAUSDT:1790951399999:SHORT,DIAUSDT:1790951399999:SHORT,DIAUSDT,1790951418012,META_LOSS,1790952539999,0.661669,False,0.9769491157602106,1,1,True
PAPER:PROMPTUSDT:1790951399999:SHORT,PROMPTUSDT:1790951399999:SHORT,PROMPTUSDT,1790951465459,META_LOSS,1790952179999,0.225866,False,0.027096631165938037,0,3,True
PAPER:SUSHIUSDT:1790951699999:SHORT,SUSHIUSDT:1790951699999:SHORT,SUSHIUSDT,1790951739890,META_WIN,1790952899999,1.504691,True,0.9248540725178898,1,3,True
PAPER:PHAUSDT:1790951699999:SHORT,PHAUSDT:1790951699999:SHORT,PHAUSDT,1790951742804,META_WIN,1790951879999,4.727612,True,0.8010047017600099,1,1,True
PAPER:GWEIUSDT:1790951699999:SHORT,GWEIUSDT:1790951699999:SHORT,GWEIUSDT,1790951747264,META_LOSS,1790952119999,0.723985,False,0.9720550251125729,1,0,True
PAPER:PENGUUSDT:1790951699999:SHORT,PENGUUSDT:1790951699999:SHORT,PENGUUSDT,1790951748391,META_LOSS,1790952419999,0.818438,False,0.9505751897973319,1,2,True
PAPER:XPLUSDT:1790952899999:SHORT,XPLUSDT:1790952899999:SHORT,XPLUSDT,1790952927065,META_LOSS,1790952959999,1.788566,False,0.9995846931817617,1,0,True
PAPER:BRETTUSDT:1790952899999:SHORT,BRETTUSDT:1790952899999:SHORT,BRETTUSDT,1790952934236,META_LOSS,1790953019999,0.328498,False,0.9792394612558348,1,0,True
PAPER:FILUSDT:1790952899999:SHORT,FILUSDT:1790952899999:SHORT,FILUSDT,1790952995590,META_LOSS,1790953919999,0.742991,False,0.08157642122798134,0,2,True
PAPER:ETHFIUSDT:1790952899999:SHORT,ETHFIUSDT:1790952899999:SHORT,ETHFIUSDT,1790953006872,META_WIN,1790953559999,0.945595,False,0.007076786751018405,0,2,True
PAPER:2ZUSDT:1790953199999:SHORT,2ZUSDT:1790953199999:SHORT,2ZUSDT,1790953217831,META_WIN,1790953559999,0.751674,False,0.6341265152203291,1,3,True
PAPER:FFUSDT:1790953499999:SHORT,FFUSDT:1790953499999:SHORT,FFUSDT,1790953517832,META_LOSS,1790953679999,0.298038,False,0.9051403119342246,1,0,True
PAPER:GRASSUSDT:1790953499999:SHORT,GRASSUSDT:1790953499999:SHORT,GRASSUSDT,1790953523479,META_LOSS,1790953739999,0.41721,False,0.9786699980930493,1,2,True
PAPER:COAIUSDT:1790953499999:SHORT,COAIUSDT:1790953499999:SHORT,COAIUSDT,1790953540971,META_WIN,1790953739999,0.824971,False,0.9821982821658092,1,3,True
PAPER:USUSDT:1790954999999:SHORT,USUSDT:1790954999999:SHORT,USUSDT,1790955060303,META_WIN,1790955299999,1.684433,True,0.24351095594715294,0,3,True
PAPER:POLUSDT:1790955599999:SHORT,POLUSDT:1790955599999:SHORT,POLUSDT,1790955616554,META_LOSS,1790955779999,0.208833,False,0.6531643187676751,1,0,True
PAPER:1000000BOBUSDT:1790958299999:SHORT,1000000BOBUSDT:1790958299999:SHORT,1000000BOBUSDT,1790958320090,META_WIN,1790958719999,1.747134,True,0.744966381235219,1,0,True
PAPER:STARUSDT:1790958599999:SHORT,STARUSDT:1790958599999:SHORT,STARUSDT,1790958616115,META_LOSS,1790958899999,0.959761,False,0.8931386548316835,1,0,True
PAPER:BANUSDT:1790958899999:SHORT,BANUSDT:1790958899999:SHORT,BANUSDT,1790958934570,META_LOSS,1790959979999,0.07194,False,0.8847470594682981,1,2,True
PAPER:COOKIEUSDT:1790959199999:SHORT,COOKIEUSDT:1790959199999:SHORT,COOKIEUSDT,1790959223730,META_LOSS,1790959559999,0.753741,False,0.12118246377174816,0,2,True
PAPER:MONUSDT:1790959199999:SHORT,MONUSDT:1790959199999:SHORT,MONUSDT,1790959228016,META_LOSS,1790959619999,0.746207,False,0.004402931872012694,0,2,True
PAPER:PUMPUSDT:1790960099999:SHORT,PUMPUSDT:1790960099999:SHORT,PUMPUSDT,1790960122293,META_LOSS,1790960519999,1.048187,False,0.7461641925554622,1,3,True
PAPER:MOVEUSDT:1790960699999:SHORT,MOVEUSDT:1790960699999:SHORT,MOVEUSDT,1790960714850,META_WIN,1790961239999,1.037353,True,0.973293412945931,1,2,True
PAPER:AEROUSDT:1790961299999:SHORT,AEROUSDT:1790961299999:SHORT,AEROUSDT,1790961323411,META_LOSS,1790962259999,0.212481,False,0.9555067204022129,1,1,True
PAPER:BILLUSDT:1790961299999:SHORT,BILLUSDT:1790961299999:SHORT,BILLUSDT,1790961326496,META_WIN,1790961779999,8.967559,True,0.9709568910283747,1,0,True
PAPER:牛来USDT:1790961599999:SHORT,牛来USDT:1790961599999:SHORT,牛来USDT,1790961620130,META_WIN,1790961839999,0.751385,False,0.01050212746756667,0,2,True
PAPER:XANUSDT:1790961899999:SHORT,XANUSDT:1790961899999:SHORT,XANUSDT,1790961926686,META_LOSS,1790963339999,4.047213,False,0.8989712989945273,1,0,True
PAPER:PENGUUSDT:1790961899999:SHORT,PENGUUSDT:1790961899999:SHORT,PENGUUSDT,1790961928862,META_WIN,1790962739999,9.40179,True,0.9309124564056794,1,0,True
PAPER:BANANAS31USDT:1790961899999:SHORT,BANANAS31USDT:1790961899999:SHORT,BANANAS31USDT,1790961939254,META_LOSS,1790962499999,1.363067,False,0.5112113215971207,1,0,True
PAPER:SPXUSDT:1790961899999:SHORT,SPXUSDT:1790961899999:SHORT,SPXUSDT,1790961951889,META_WIN,1790962799999,1.372969,True,0.9363366136522472,1,0,True
PAPER:TRIAUSDT:1790961899999:SHORT,TRIAUSDT:1790961899999:SHORT,TRIAUSDT,1790961954674,META_LOSS,1790962259999,0.148949,False,0.9327061716660473,1,3,True
PAPER:牛来USDT:1790962199999:SHORT,牛来USDT:1790962199999:SHORT,牛来USDT,1790962214007,META_WIN,1790962259999,6.705991,True,0.9616946321762058,1,0,True
PAPER:ETHFIUSDT:1790962799999:SHORT,ETHFIUSDT:1790962799999:SHORT,ETHFIUSDT,1790962821277,META_LOSS,1790963399999,0.814793,False,0.9209695846405912,1,3,True
PAPER:PLUMEUSDT:1790962799999:SHORT,PLUMEUSDT:1790962799999:SHORT,PLUMEUSDT,1790962829321,META_LOSS,1790963399999,0.534738,False,0.8643646866526584,1,0,True
PAPER:BABYUSDT:1790962799999:SHORT,BABYUSDT:1790962799999:SHORT,BABYUSDT,1790962835028,META_LOSS,1790963399999,0.3445,False,0.9890352468862598,1,0,True
PAPER:RSRUSDT:1790962799999:SHORT,RSRUSDT:1790962799999:SHORT,RSRUSDT,1790962836923,META_LOSS,1790963579999,0.334467,False,0.9170057512415504,1,2,True
PAPER:JASMYUSDT:1790962799999:SHORT,JASMYUSDT:1790962799999:SHORT,JASMYUSDT,1790962843170,META_LOSS,1790963339999,0.285751,False,0.8435683699598662,1,3,True
PAPER:TAOUSDT:1790962799999:SHORT,TAOUSDT:1790962799999:SHORT,TAOUSDT,1790962854290,META_WIN,1790964599999,0.687824,False,0.9440306619671158,1,3,True
PAPER:0GUSDT:1790962799999:SHORT,0GUSDT:1790962799999:SHORT,0GUSDT,1790962857263,META_LOSS,1790963399999,3.249946,False,0.9685284679083811,1,0,True
PAPER:TRUMPUSDT:1790962799999:SHORT,TRUMPUSDT:1790962799999:SHORT,TRUMPUSDT,1790962858674,META_WIN,1790963159999,0.987875,False,0.810018943672873,1,2,True
PAPER:哈基米USDT:1790962799999:SHORT,哈基米USDT:1790962799999:SHORT,哈基米USDT,1790962919235,META_WIN,1790963159999,1.656669,True,0.0008198550443719292,0,2,True
PAPER:NILUSDT:1790963099999:SHORT,NILUSDT:1790963099999:SHORT,NILUSDT,1790963115623,META_LOSS,1790963399999,1.064812,False,0.36595505396656836,0,2,True
PAPER:GWEIUSDT:1790963099999:SHORT,GWEIUSDT:1790963099999:SHORT,GWEIUSDT,1790963118508,META_LOSS,1790963399999,0.456963,False,0.028404931169335568,0,2,True
PAPER:DASHUSDT:1790963099999:SHORT,DASHUSDT:1790963099999:SHORT,DASHUSDT,1790963128145,META_LOSS,1790963399999,0.320838,False,0.24932686658637887,0,2,True
PAPER:HANAUSDT:1790963099999:SHORT,HANAUSDT:1790963099999:SHORT,HANAUSDT,1790963171895,META_LOSS,1790963819999,1.084318,False,0.8956155493792968,1,0,True
PAPER:OPENUSDT:1790964299999:SHORT,OPENUSDT:1790964299999:SHORT,OPENUSDT,1790964316439,META_WIN,1790965139999,6.464893,True,0.9499394792226319,1,2,True
PAPER:THETAUSDT:1790964299999:SHORT,THETAUSDT:1790964299999:SHORT,THETAUSDT,1790964321308,META_WIN,1790965019999,5.52688,True,0.02199839515282028,0,2,True
PAPER:LYNUSDT:1790964599999:SHORT,LYNUSDT:1790964599999:SHORT,LYNUSDT,1790964635322,META_LOSS,1790964659999,1.999402,False,0.9669353685934492,1,0,True
PAPER:BEAMXUSDT:1790964599999:SHORT,BEAMXUSDT:1790964599999:SHORT,BEAMXUSDT,1790964638081,META_WIN,1790965079999,3.338877,True,0.9787074852867219,1,0,True
PAPER:GENIUSUSDT:1790964599999:SHORT,GENIUSUSDT:1790964599999:SHORT,GENIUSUSDT,1790964667893,META_WIN,1790965139999,0.625683,False,0.023692221363132433,0,3,True
PAPER:QNTUSDT:1790964899999:SHORT,QNTUSDT:1790964899999:SHORT,QNTUSDT,1790964915668,META_WIN,1790965139999,0.542796,False,0.031145344233348995,0,2,True
PAPER:XPLUSDT:1790965199999:SHORT,XPLUSDT:1790965199999:SHORT,XPLUSDT,1790965238331,META_WIN,1790966039999,0.297553,False,0.18743643406758406,0,2,True
PAPER:ONDOUSDT:1790965199999:SHORT,ONDOUSDT:1790965199999:SHORT,ONDOUSDT,1790965250107,META_WIN,1790965919999,0.264317,False,0.8901891846411981,1,2,True
PAPER:STRKUSDT:1790965199999:SHORT,STRKUSDT:1790965199999:SHORT,STRKUSDT,1790965251913,META_WIN,1790965979999,0.258992,False,0.7709471828067007,1,0,True
PAPER:DYDXUSDT:1790965199999:SHORT,DYDXUSDT:1790965199999:SHORT,DYDXUSDT,1790965260829,META_WIN,1790965859999,4.223269,True,0.8434307619350532,1,3,True
PAPER:OPNUSDT:1790965199999:SHORT,OPNUSDT:1790965199999:SHORT,OPNUSDT,1790965261302,META_WIN,1790965979999,4.612501,True,0.5075380117713161,1,1,True
PAPER:SPXUSDT:1790965499999:SHORT,SPXUSDT:1790965499999:SHORT,SPXUSDT,1790965519229,META_WIN,1790966159999,3.988297,True,0.046528882693420724,0,2,True
PAPER:ILVUSDT:1790965499999:SHORT,ILVUSDT:1790965499999:SHORT,ILVUSDT,1790965534098,META_WIN,1790965919999,1.212637,True,0.8243547525873236,1,3,True
PAPER:ROBOUSDT:1790965499999:SHORT,ROBOUSDT:1790965499999:SHORT,ROBOUSDT,1790965537863,META_WIN,1790965919999,8.52674,True,0.036970179140144686,0,2,True
PAPER:PTBUSDT:1790965799999:SHORT,PTBUSDT:1790965799999:SHORT,PTBUSDT,1790965824441,META_WIN,1790966279999,0.62115,False,0.0009997144828219299,0,2,True
PAPER:RONINUSDT:1790965799999:SHORT,RONINUSDT:1790965799999:SHORT,RONINUSDT,1790965824917,META_WIN,1790966219999,1.090822,True,0.6205038953454617,1,0,True
PAPER:1000SATSUSDT:1790965799999:SHORT,1000SATSUSDT:1790965799999:SHORT,1000SATSUSDT,1790965839779,META_WIN,1790966279999,4.103699,True,0.26616616010162986,0,3,True
PAPER:EDUUSDT:1790965799999:SHORT,EDUUSDT:1790965799999:SHORT,EDUUSDT,1790965845447,META_WIN,1790966159999,4.961307,True,0.20109069563217288,0,3,True
PAPER:PONSUSDT:1790966099999:SHORT,PONSUSDT:1790966099999:SHORT,PONSUSDT,1790966124740,META_WIN,1790966399999,6.845128,True,0.048982261827201085,0,2,True
PAPER:KAITOUSDT:1790966099999:SHORT,KAITOUSDT:1790966099999:SHORT,KAITOUSDT,1790966127059,META_WIN,1790966399999,0.0,False,0.034227496549883725,0,3,True
PAPER:CRVUSDT:1790966099999:SHORT,CRVUSDT:1790966099999:SHORT,CRVUSDT,1790966131036,META_WIN,1790966399999,0.280849,False,0.05685031872089636,0,2,True
PAPER:1000BONKUSDT:1790966099999:SHORT,1000BONKUSDT:1790966099999:SHORT,1000BONKUSDT,1790966132314,META_WIN,1790966339999,3.72801,True,0.7120779532943555,1,3,True
PAPER:ONDOUSDT:1790966099999:SHORT,ONDOUSDT:1790966099999:SHORT,ONDOUSDT,1790966137230,META_WIN,1790966399999,0.228236,False,0.02564314533179129,0,2,True
PAPER:HMSTRUSDT:1790966099999:SHORT,HMSTRUSDT:1790966099999:SHORT,HMSTRUSDT,1790966140214,META_WIN,1790966399999,2.402217,True,0.9730572402061417,1,3,True
PAPER:SXTUSDT:1790966099999:SHORT,SXTUSDT:1790966099999:SHORT,SXTUSDT,1790966144202,META_WIN,1790966399999,2.620326,True,0.9041810727566673,1,2,True
PAPER:FOGOUSDT:1790966099999:SHORT,FOGOUSDT:1790966099999:SHORT,FOGOUSDT,1790966145870,META_WIN,1790966339999,4.278251,True,0.9459613099926681,1,2,True
PAPER:STRKUSDT:1790966099999:SHORT,STRKUSDT:1790966099999:SHORT,STRKUSDT,1790966152367,META_WIN,1790966399999,0.638641,False,0.021211799737023317,0,2,True
PAPER:FRAXUSDT:1790966099999:SHORT,FRAXUSDT:1790966099999:SHORT,FRAXUSDT,1790966166339,META_WIN,1790966399999,1.149625,True,0.28455406167869285,0,2,True
PAPER:WUSDT:1790966099999:SHORT,WUSDT:1790966099999:SHORT,WUSDT,1790966231904,META_WIN,1790966399999,1.116672,True,0.22338799804417675,0,2,True
PAPER:ARBUSDT:1790966399999:SHORT,ARBUSDT:1790966399999:SHORT,ARBUSDT,1790966427846,META_WIN,1790966879999,1.308515,True,0.9992072200349463,1,0,True
PAPER:CFGUSDT:1790966399999:SHORT,CFGUSDT:1790966399999:SHORT,CFGUSDT,1790966430651,META_LOSS,1790966459999,0.542301,False,0.999717199541723,1,0,True
PAPER:ONEUSDT:1790966399999:SHORT,ONEUSDT:1790966399999:SHORT,ONEUSDT,1790966432975,META_LOSS,1790966459999,1.142338,False,0.9929950121636194,1,0,True
PAPER:MYXUSDT:1790966399999:SHORT,MYXUSDT:1790966399999:SHORT,MYXUSDT,1790966433434,META_LOSS,1790966459999,1.606933,False,0.9959533195328405,1,0,True
PAPER:ATOMUSDT:1790966399999:SHORT,ATOMUSDT:1790966399999:SHORT,ATOMUSDT,1790966461800,META_LOSS,1790967119999,0.906107,False,0.0003217044056519134,0,3,True
PAPER:GRTUSDT:1790966399999:SHORT,GRTUSDT:1790966399999:SHORT,GRTUSDT,1790966474895,META_LOSS,1790967059999,0.927017,False,0.0005499030958734854,0,2,True
PAPER:JUPUSDT:1790966399999:SHORT,JUPUSDT:1790966399999:SHORT,JUPUSDT,1790966481860,META_WIN,1790966879999,1.182316,True,0.018385032179075535,0,2,True
PAPER:DOODUSDT:1790966399999:SHORT,DOODUSDT:1790966399999:SHORT,DOODUSDT,1790966522410,META_LOSS,1790966819999,0.800793,False,0.668453578777205,1,2,True
PAPER:CAKEUSDT:1790966699999:SHORT,CAKEUSDT:1790966699999:SHORT,CAKEUSDT,1790966720566,META_LOSS,1790967659999,0.789875,False,0.535164291781936,1,3,True
PAPER:CTKUSDT:1790966699999:SHORT,CTKUSDT:1790966699999:SHORT,CTKUSDT,1790966723840,META_WIN,1790968379999,0.956595,False,0.12849522394916654,0,3,True
PAPER:WCTUSDT:1790966699999:SHORT,WCTUSDT:1790966699999:SHORT,WCTUSDT,1790966731403,META_LOSS,1790967179999,1.186837,False,0.8883645634219759,1,3,True
PAPER:BROCCOLIF3BUSDT:1790966699999:SHORT,BROCCOLIF3BUSDT:1790966699999:SHORT,BROCCOLIF3BUSDT,1790966734761,META_LOSS,1790967959999,1.673182,False,0.9204377478074469,1,3,True
PAPER:STBLUSDT:1790966699999:SHORT,STBLUSDT:1790966699999:SHORT,STBLUSDT,1790966737160,META_LOSS,1790967479999,0.724367,False,0.025693422874024673,0,3,True
PAPER:XPINUSDT:1790968199999:SHORT,XPINUSDT:1790968199999:SHORT,XPINUSDT,1790968226961,META_LOSS,1790969279999,0.713639,False,0.8813114195977841,1,0,True
PAPER:THEUSDT:1790968199999:SHORT,THEUSDT:1790968199999:SHORT,THEUSDT,1790968270932,META_WIN,1790968799999,0.812908,False,0.8034453419499246,1,0,True
PAPER:ELSAUSDT:1790968199999:SHORT,ELSAUSDT:1790968199999:SHORT,ELSAUSDT,1790968281578,META_WIN,1790968739999,2.27293,True,0.39296714928605103,0,3,True
PAPER:WAXPUSDT:1790968499999:SHORT,WAXPUSDT:1790968499999:SHORT,WAXPUSDT,1790968523104,META_LOSS,1790969879999,0.607636,False,0.8033260570805298,1,2,True
PAPER:ZETAUSDT:1790971799999:SHORT,ZETAUSDT:1790971799999:SHORT,ZETAUSDT,1790971820910,META_LOSS,1790972159999,0.147815,False,0.05042196845233134,0,2,True
PAPER:OUSDT:1790971799999:SHORT,OUSDT:1790971799999:SHORT,OUSDT,1790971859441,META_LOSS,1790972459999,0.058644,False,0.03373326191342644,0,2,True
PAPER:CAPUSDT:1790973599999:SHORT,CAPUSDT:1790973599999:SHORT,CAPUSDT,1790973616919,META_WIN,1790974079999,3.655307,True,0.7997549214662143,1,1,True
PAPER:FOLKSUSDT:1790973899999:SHORT,FOLKSUSDT:1790973899999:SHORT,FOLKSUSDT,1790973916993,META_LOSS,1790974919999,0.553881,False,0.03492037027110124,0,3,True
PAPER:SYNUSDT:1790973899999:SHORT,SYNUSDT:1790973899999:SHORT,SYNUSDT,1790973925096,META_LOSS,1790974259999,0.600698,False,0.842945123229592,1,0,True
PAPER:FOGOUSDT:1790975099999:SHORT,FOGOUSDT:1790975099999:SHORT,FOGOUSDT,1790975117873,META_LOSS,1790975279999,0.136859,False,0.23047380168246817,0,2,True
PAPER:PLAYUSDT:1790975099999:SHORT,PLAYUSDT:1790975099999:SHORT,PLAYUSDT,1790975125820,META_LOSS,1790975639999,0.269257,False,0.867719676441278,1,0,True
PAPER:GTCUSDT:1790976599999:SHORT,GTCUSDT:1790976599999:SHORT,GTCUSDT,1790976618760,META_LOSS,1790976659999,1.123727,False,0.9978817150619645,1,0,True
PAPER:FLUIDUSDT:1790976599999:SHORT,FLUIDUSDT:1790976599999:SHORT,FLUIDUSDT,1790976622931,META_LOSS,1790976959999,0.04407,False,0.9564045068364164,1,0,True
PAPER:MIRAUSDT:1790976599999:SHORT,MIRAUSDT:1790976599999:SHORT,MIRAUSDT,1790976629518,META_LOSS,1790977019999,0.059204,False,0.01827889317704149,0,2,True
PAPER:PONSUSDT:1790976599999:SHORT,PONSUSDT:1790976599999:SHORT,PONSUSDT,1790976632142,META_WIN,1790976779999,1.571123,True,0.8325236379229937,1,2,True
PAPER:ALCHUSDT:1790978099999:SHORT,ALCHUSDT:1790978099999:SHORT,ALCHUSDT,1790978222585,META_LOSS,1790979119999,0.701873,False,0.8533291634227739,1,2,True
PAPER:LSKUSDT:1790979299999:SHORT,LSKUSDT:1790979299999:SHORT,LSKUSDT,1790979317386,META_LOSS,1790979419999,0.581171,False,0.8453537795140769,1,0,True
PAPER:ENAUSDT:1790979299999:SHORT,ENAUSDT:1790979299999:SHORT,ENAUSDT,1790979360345,META_LOSS,1790979719999,0.842538,False,0.8547893920137476,1,1,True
PAPER:SPORTFUNUSDT:1790979599999:SHORT,SPORTFUNUSDT:1790979599999:SHORT,SPORTFUNUSDT,1790979660828,META_LOSS,1790980259999,0.559486,False,0.908133995356308,1,2,True
PAPER:PROMUSDT:1790982599999:SHORT,PROMUSDT:1790982599999:SHORT,PROMUSDT,1790982619553,META_LOSS,1790983259999,0.05864,False,0.9664183413255356,1,3,True
PAPER:QUSDT:1790984099999:SHORT,QUSDT:1790984099999:SHORT,QUSDT,1790984118640,META_WIN,1790984639999,1.161317,True,0.6507707746236698,1,0,True
PAPER:POWERUSDT:1790985899999:SHORT,POWERUSDT:1790985899999:SHORT,POWERUSDT,1790985927642,META_LOSS,1790986259999,0.178777,False,0.9333164320357733,1,3,True
PAPER:BRUSDT:1790986199999:SHORT,BRUSDT:1790986199999:SHORT,BRUSDT,1790986219845,META_LOSS,1790986379999,0.204198,False,0.8519497045907553,1,0,True
PAPER:ARKUSDT:1790986199999:SHORT,ARKUSDT:1790986199999:SHORT,ARKUSDT,1790986220701,META_WIN,1790986379999,2.802762,True,0.9192586180518489,1,2,True
PAPER:BTWUSDT:1790986499999:SHORT,BTWUSDT:1790986499999:SHORT,BTWUSDT,1790986521563,META_WIN,1790987099999,1.020871,True,0.8195201790133724,1,3,True
PAPER:POWERUSDT:1790987699999:SHORT,POWERUSDT:1790987699999:SHORT,POWERUSDT,1790987770472,META_WIN,1790988419999,0.754059,False,0.026762642001887743,0,2,True
PAPER:ATHUSDT:1790987999999:SHORT,ATHUSDT:1790987999999:SHORT,ATHUSDT,1790988025377,META_LOSS,1790988299999,1.932731,False,0.8831290030565601,1,0,True
PAPER:BRUSDT:1790987999999:SHORT,BRUSDT:1790987999999:SHORT,BRUSDT,1790988025856,META_LOSS,1790988659999,1.43867,False,0.034468713289796726,0,2,True
PAPER:1000000BOBUSDT:1790988599999:SHORT,1000000BOBUSDT:1790988599999:SHORT,1000000BOBUSDT,1790988620689,META_LOSS,1790989259999,0.647909,False,0.6134805370522285,1,0,True
PAPER:TUSDT:1790988899999:SHORT,TUSDT:1790988899999:SHORT,TUSDT,1790988926197,META_LOSS,1790989499999,0.599202,False,0.01235365509302797,0,2,True
PAPER:CGPTUSDT:1790989199999:SHORT,CGPTUSDT:1790989199999:SHORT,CGPTUSDT,1790989215234,META_LOSS,1790989499999,0.296086,False,0.7441096368020109,1,1,True
PAPER:SOONUSDT:1790989199999:SHORT,SOONUSDT:1790989199999:SHORT,SOONUSDT,1790989220302,META_WIN,1790989379999,1.283896,True,0.9813106977085264,1,0,True
PAPER:MAGICUSDT:1790990699999:SHORT,MAGICUSDT:1790990699999:SHORT,MAGICUSDT,1790990746859,META_LOSS,1790990939999,0.549075,False,0.05186685111411976,0,2,True
PAPER:EPICUSDT:1790990699999:SHORT,EPICUSDT:1790990699999:SHORT,EPICUSDT,1790990768771,META_LOSS,1790991179999,1.393841,False,0.029369134262917672,0,3,True
PAPER:VELODROMEUSDT:1790991299999:SHORT,VELODROMEUSDT:1790991299999:SHORT,VELODROMEUSDT,1790991315334,META_WIN,1790991719999,1.724198,True,0.9435676060244341,1,3,True
PAPER:INITUSDT:1790991299999:SHORT,INITUSDT:1790991299999:SHORT,INITUSDT,1790991316450,META_LOSS,1790991959999,0.308546,False,0.03984161249160784,0,2,True
PAPER:ARKUSDT:1790991299999:SHORT,ARKUSDT:1790991299999:SHORT,ARKUSDT,1790991317614,META_WIN,1790992439999,1.24116,True,0.9038643948763259,1,0,True
PAPER:RONINUSDT:1790992499999:SHORT,RONINUSDT:1790992499999:SHORT,RONINUSDT,1790992523634,META_LOSS,1790993339999,0.313953,False,0.9574937272198915,1,3,True
PAPER:KOMAUSDT:1790992499999:SHORT,KOMAUSDT:1790992499999:SHORT,KOMAUSDT,1790992527372,META_LOSS,1790992919999,0.517874,False,0.9201613383288227,1,2,True
PAPER:ELSAUSDT:1790993099999:SHORT,ELSAUSDT:1790993099999:SHORT,ELSAUSDT,1790993128497,META_LOSS,1790993699999,0.522465,False,0.9290653112155073,1,3,True
PAPER:THEUSDT:1790994599999:SHORT,THEUSDT:1790994599999:SHORT,THEUSDT,1790994614296,META_LOSS,1790995199999,0.131104,False,0.9555009254933136,1,1,True
PAPER:MARSCOINUSDT:1790995199999:SHORT,MARSCOINUSDT:1790995199999:SHORT,MARSCOINUSDT,1790995228537,META_WIN,1790995439999,3.205844,True,0.18915427103854326,0,3,True
PAPER:JASMYUSDT:1790996099999:SHORT,JASMYUSDT:1790996099999:SHORT,JASMYUSDT,1790996115182,META_LOSS,1790996579999,0.439242,False,0.8348966034860648,1,3,True
PAPER:BTRUSDT:1790996699999:SHORT,BTRUSDT:1790996699999:SHORT,BTRUSDT,1790996720900,META_LOSS,1790996999999,0.202893,False,0.9559682438091955,1,2,True
PAPER:VVVUSDT:1790996699999:SHORT,VVVUSDT:1790996699999:SHORT,VVVUSDT,1790996726001,META_LOSS,1790996879999,0.260797,False,0.887939507028108,1,0,True
PAPER:ALGOUSDT:1790996699999:SHORT,ALGOUSDT:1790996699999:SHORT,ALGOUSDT,1790996733549,META_LOSS,1790996999999,0.074787,False,0.21604771732684258,0,2,True
PAPER:LPTUSDT:1790997599999:SHORT,LPTUSDT:1790997599999:SHORT,LPTUSDT,1790997659924,META_WIN,1790997899999,0.812109,False,0.6882398729675399,1,2,True
PAPER:OUSDT:1790998499999:SHORT,OUSDT:1790998499999:SHORT,OUSDT,1790998598369,META_LOSS,1790999519999,0.252371,False,0.02656810595257335,0,3,True
PAPER:BBUSDT:1790998799999:SHORT,BBUSDT:1790998799999:SHORT,BBUSDT,1790998846039,META_LOSS,1790999339999,0.891937,False,0.007286295701923942,0,2,True
PAPER:MARSCOINUSDT:1790999399999:SHORT,MARSCOINUSDT:1790999399999:SHORT,MARSCOINUSDT,1790999454399,META_LOSS,1790999879999,0.839685,False,0.8149373235801382,1,3,True
PAPER:2ZUSDT:1791000299999:SHORT,2ZUSDT:1791000299999:SHORT,2ZUSDT,1791000331096,META_LOSS,1791000899999,0.940224,False,0.8857088450188593,1,1,True
PAPER:SEIUSDT:1791000299999:SHORT,SEIUSDT:1791000299999:SHORT,SEIUSDT,1791000350583,META_WIN,1791001259999,1.177081,True,0.8998663493309895,1,2,True
PAPER:IOUSDT:1791001199999:SHORT,IOUSDT:1791001199999:SHORT,IOUSDT,1791001235313,META_LOSS,1791002939999,0.304736,False,0.8662645721714026,1,3,True
PAPER:哈基米USDT:1791001499999:SHORT,哈基米USDT:1791001499999:SHORT,哈基米USDT,1791001566195,META_LOSS,1791002939999,0.634577,False,0.8806402111836432,1,2,True
PAPER:SPKUSDT:1791003899999:SHORT,SPKUSDT:1791003899999:SHORT,SPKUSDT,1791003965601,META_LOSS,1791004139999,0.177977,False,0.8719495336508029,1,1,True
PAPER:FHEUSDT:1791005699999:SHORT,FHEUSDT:1791005699999:SHORT,FHEUSDT,1791005728858,META_LOSS,1791006479999,0.716453,False,0.9798942320303619,1,0,True
PAPER:1000000BOBUSDT:1791006599999:SHORT,1000000BOBUSDT:1791006599999:SHORT,1000000BOBUSDT,1791006724941,META_WIN,1791007199999,1.045783,True,0.7739298243389788,1,0,True
PAPER:SENTUSDT:1791008399999:SHORT,SENTUSDT:1791008399999:SHORT,SENTUSDT,1791008460759,META_LOSS,1791009419999,0.541906,False,0.7824785173352011,1,1,True
PAPER:MOVRUSDT:1791008699999:SHORT,MOVRUSDT:1791008699999:SHORT,MOVRUSDT,1791008726049,META_LOSS,1791009119999,1.676588,False,0.07960935610428038,0,2,True
PAPER:NOMUSDT:1791008699999:SHORT,NOMUSDT:1791008699999:SHORT,NOMUSDT,1791008763126,META_LOSS,1791009779999,0.765277,False,0.0027511010545330974,0,2,True
PAPER:ATUSDT:1791009899999:SHORT,ATUSDT:1791009899999:SHORT,ATUSDT,1791009931322,META_WIN,1791010079999,4.019134,True,0.9706103731732738,1,2,True
PAPER:CROSSUSDT:1791010199999:SHORT,CROSSUSDT:1791010199999:SHORT,CROSSUSDT,1791010241936,META_LOSS,1791010379999,0.268633,False,0.9591717146604762,1,0,True
PAPER:YGGUSDT:1791011699999:SHORT,YGGUSDT:1791011699999:SHORT,YGGUSDT,1791011732815,META_LOSS,1791011999999,0.33991,False,0.028146973039110984,0,2,True
PAPER:EVAAUSDT:1791011999999:SHORT,EVAAUSDT:1791011999999:SHORT,EVAAUSDT,1791012015261,META_LOSS,1791012059999,0.773485,False,0.8565428846817827,1,0,True
PAPER:NOMUSDT:1791012299999:SHORT,NOMUSDT:1791012299999:SHORT,NOMUSDT,1791012333863,META_WIN,1791012779999,0.646518,False,0.05257333087894351,0,2,True
PAPER:TNSRUSDT:1791012899999:SHORT,TNSRUSDT:1791012899999:SHORT,TNSRUSDT,1791012964361,META_WIN,1791014099999,1.622153,True,0.7676011851796508,1,1,True
PAPER:LYNUSDT:1791013499999:SHORT,LYNUSDT:1791013499999:SHORT,LYNUSDT,1791013518658,META_WIN,1791013919999,0.777725,False,0.8933463537424636,1,2,True
PAPER:STRKUSDT:1791013499999:SHORT,STRKUSDT:1791013499999:SHORT,STRKUSDT,1791013524200,META_LOSS,1791015119999,0.704948,False,0.9494237892993526,1,2,True
PAPER:MARSCOINUSDT:1791014699999:SHORT,MARSCOINUSDT:1791014699999:SHORT,MARSCOINUSDT,1791014747857,META_LOSS,1791014939999,0.366245,False,0.894519085396578,1,1,True
PAPER:RONINUSDT:1791014699999:SHORT,RONINUSDT:1791014699999:SHORT,RONINUSDT,1791014770016,META_WIN,1791015119999,1.205036,True,0.8311872640645454,1,0,True
PAPER:ENJUSDT:1791014999999:SHORT,ENJUSDT:1791014999999:SHORT,ENJUSDT,1791015027216,META_LOSS,1791015239999,0.335307,False,0.9836212719718629,1,0,True
PAPER:FLUIDUSDT:1791014999999:SHORT,FLUIDUSDT:1791014999999:SHORT,FLUIDUSDT,1791015046533,META_WIN,1791015419999,1.491786,True,0.012524137467677289,0,2,True
PAPER:PHAUSDT:1791015299999:SHORT,PHAUSDT:1791015299999:SHORT,PHAUSDT,1791015335431,META_LOSS,1791015779999,0.276875,False,0.8702027348412453,1,2,True
PAPER:PLAYUSDT:1791015599999:SHORT,PLAYUSDT:1791015599999:SHORT,PLAYUSDT,1791015666501,META_LOSS,1791016739999,0.144448,False,0.015714267235868308,0,2,True
PAPER:MIRAUSDT:1791016199999:SHORT,MIRAUSDT:1791016199999:SHORT,MIRAUSDT,1791016239827,META_WIN,1791017519999,0.761253,False,0.6686558972662249,1,0,True
PAPER:INITUSDT:1791016499999:SHORT,INITUSDT:1791016499999:SHORT,INITUSDT,1791016529984,META_LOSS,1791016979999,0.760756,False,0.5364017741858668,1,1,True
PAPER:CROSSUSDT:1791017099999:SHORT,CROSSUSDT:1791017099999:SHORT,CROSSUSDT,1791017169453,META_LOSS,1791017879999,0.639843,False,0.007678164039058583,0,2,True
PAPER:USUSDT:1791017699999:SHORT,USUSDT:1791017699999:SHORT,USUSDT,1791017725366,META_LOSS,1791017939999,0.50974,False,0.0011438268524476298,0,2,True
PAPER:HANAUSDT:1791018899999:SHORT,HANAUSDT:1791018899999:SHORT,HANAUSDT,1791018928091,META_LOSS,1791019259999,1.345457,False,0.8776226920241765,1,2,True
PAPER:HANAUSDT:1791020099999:SHORT,HANAUSDT:1791020099999:SHORT,HANAUSDT,1791020118662,META_WIN,1791020879999,0.579431,False,0.00455105965207196,0,2,True
PAPER:1000000BOBUSDT:1791023099999:SHORT,1000000BOBUSDT:1791023099999:SHORT,1000000BOBUSDT,1791023117067,META_LOSS,1791023279999,0.218707,False,0.8472305203513085,1,0,True
PAPER:CAPUSDT:1791023099999:SHORT,CAPUSDT:1791023099999:SHORT,CAPUSDT,1791023165338,META_WIN,1791024719999,0.348394,False,0.7133519659484245,1,1,True
PAPER:TURTLEUSDT:1791023999999:SHORT,TURTLEUSDT:1791023999999:SHORT,TURTLEUSDT,1791024036076,META_LOSS,1791024179999,0.330288,False,0.9853262188062551,1,1,True
PAPER:PTBUSDT:1791029399999:SHORT,PTBUSDT:1791029399999:SHORT,PTBUSDT,1791029421405,META_WIN,1791030599999,0.537031,False,0.9506123112289496,1,2,True
PAPER:ZAMAUSDT:1791029999999:SHORT,ZAMAUSDT:1791029999999:SHORT,ZAMAUSDT,1791030019217,META_LOSS,1791030779999,0.245973,False,0.8936190457633426,1,2,True
PAPER:PROMUSDT:1791030299999:SHORT,PROMUSDT:1791030299999:SHORT,PROMUSDT,1791030387672,META_WIN,1791031499999,1.521761,True,0.8090726020493093,1,1,True
PAPER:ALCHUSDT:1791030599999:SHORT,ALCHUSDT:1791030599999:SHORT,ALCHUSDT,1791030647073,META_LOSS,1791030959999,0.040602,False,0.6561106543048448,1,0,True
PAPER:ARUSDT:1791030899999:SHORT,ARUSDT:1791030899999:SHORT,ARUSDT,1791030957511,META_LOSS,1791032519999,0.760555,False,0.2782440018697307,0,2,True
PAPER:EDGEUSDT:1791031199999:SHORT,EDGEUSDT:1791031199999:SHORT,EDGEUSDT,1791031246685,META_WIN,1791031619999,0.738841,False,0.7290568992871828,1,2,True
PAPER:XVGUSDT:1791031199999:SHORT,XVGUSDT:1791031199999:SHORT,XVGUSDT,1791031268718,META_LOSS,1791032279999,0.296315,False,0.9572094917736984,1,1,True
PAPER:ONUSDT:1791031499999:SHORT,ONUSDT:1791031499999:SHORT,ONUSDT,1791031539636,META_LOSS,1791031739999,0.259642,False,0.022086209474230213,0,2,True
PAPER:BULLAUSDT:1791031499999:SHORT,BULLAUSDT:1791031499999:SHORT,BULLAUSDT,1791031543515,META_LOSS,1791032279999,0.0,False,0.8113529540118367,1,0,True
PAPER:CVCUSDT:1791031499999:SHORT,CVCUSDT:1791031499999:SHORT,CVCUSDT,1791031553308,META_LOSS,1791032639999,0.150446,False,0.9660010583039639,1,0,True
PAPER:TRUTHUSDT:1791031799999:SHORT,TRUTHUSDT:1791031799999:SHORT,TRUTHUSDT,1791031822911,META_LOSS,1791032879999,0.11216,False,0.9156760888108819,1,3,True
PAPER:BRUSDT:1791032399999:SHORT,BRUSDT:1791032399999:SHORT,BRUSDT,1791032415454,META_WIN,1791032759999,0.887684,False,0.00829342647506006,0,2,True
PAPER:BRUSDT:1791032999999:SHORT,BRUSDT:1791032999999:SHORT,BRUSDT,1791033013333,META_WIN,1791033419999,0.612402,False,0.09614683480894311,0,3,True
PAPER:POWERUSDT:1791033599999:SHORT,POWERUSDT:1791033599999:SHORT,POWERUSDT,1791033623214,META_LOSS,1791034499999,0.168691,False,0.9381510990656082,1,1,True
PAPER:TRADOORUSDT:1791033899999:SHORT,TRADOORUSDT:1791033899999:SHORT,TRADOORUSDT,1791033926965,META_LOSS,1791034319999,0.457384,False,0.01318163219381003,0,3,True
PAPER:MAGMAUSDT:1791033899999:SHORT,MAGMAUSDT:1791033899999:SHORT,MAGMAUSDT,1791033968918,META_LOSS,1791034079999,0.517022,False,0.7624119566373236,1,0,True
PAPER:RIVERUSDT:1791034799999:SHORT,RIVERUSDT:1791034799999:SHORT,RIVERUSDT,1791034816115,META_WIN,1791034919999,1.339656,True,0.9918655048024191,1,0,True
PAPER:CHILLGUYUSDT:1791036299999:SHORT,CHILLGUYUSDT:1791036299999:SHORT,CHILLGUYUSDT,1791036322990,META_LOSS,1791037379999,0.296711,False,0.9309763930385218,1,0,True
PAPER:MELANIAUSDT:1791036599999:SHORT,MELANIAUSDT:1791036599999:SHORT,MELANIAUSDT,1791036624645,META_LOSS,1791037379999,0.114393,False,0.8129085248559336,1,2,True
PAPER:ZECUSDT:1791036899999:SHORT,ZECUSDT:1791036899999:SHORT,ZECUSDT,1791036961886,META_LOSS,1791038099999,0.347432,False,0.2594463380353744,0,3,True
PAPER:ATUSDT:1791039899999:SHORT,ATUSDT:1791039899999:SHORT,ATUSDT,1791039928875,META_WIN,1791039959999,2.707144,True,0.8265846343080646,1,0,True
PAPER:BANUSDT:1791040499999:SHORT,BANUSDT:1791040499999:SHORT,BANUSDT,1791040551828,META_LOSS,1791040859999,0.056289,False,0.9500823896208548,1,3,True
PAPER:USUSDT:1791040799999:SHORT,USUSDT:1791040799999:SHORT,USUSDT,1791040867961,META_WIN,1791040979999,7.663194,True,0.8610485514971004,1,1,True
PAPER:龙虾USDT:1791041099999:SHORT,龙虾USDT:1791041099999:SHORT,龙虾USDT,1791041125180,META_LOSS,1791041219999,0.916391,False,0.9995535311488467,1,0,True
PAPER:ATUSDT:1791041099999:SHORT,ATUSDT:1791041099999:SHORT,ATUSDT,1791041174771,META_LOSS,1791041759999,1.932338,False,0.7717863013309769,1,0,True
PAPER:CYSUSDT:1791042299999:SHORT,CYSUSDT:1791042299999:SHORT,CYSUSDT,1791042369220,META_LOSS,1791043379999,0.041096,False,0.9530826984546955,1,3,True
PAPER:MUBARAKUSDT:1791043499999:SHORT,MUBARAKUSDT:1791043499999:SHORT,MUBARAKUSDT,1791043558469,META_LOSS,1791044699999,0.303738,False,0.8229180662115929,1,3,True
PAPER:ZROUSDT:1791044699999:SHORT,ZROUSDT:1791044699999:SHORT,ZROUSDT,1791044727998,META_LOSS,1791044999999,0.653515,False,0.68258626512152,1,0,True
PAPER:SKYUSDT:1791046199999:SHORT,SKYUSDT:1791046199999:SHORT,SKYUSDT,1791046239257,META_LOSS,1791047219999,0.240141,False,0.9632783543154734,1,0,True
PAPER:BIOUSDT:1791046799999:SHORT,BIOUSDT:1791046799999:SHORT,BIOUSDT,1791046826546,META_LOSS,1791047279999,0.428516,False,0.027247745334737335,0,2,True
PAPER:MOVRUSDT:1791047999999:SHORT,MOVRUSDT:1791047999999:SHORT,MOVRUSDT,1791048067006,META_LOSS,1791048239999,0.279725,False,0.7131193526794357,1,0,True
PAPER:2ZUSDT:1791048899999:SHORT,2ZUSDT:1791048899999:SHORT,2ZUSDT,1791048920860,META_WIN,1791049559999,0.240861,False,0.5390352627286872,1,3,True
PAPER:PARTIUSDT:1791050699999:SHORT,PARTIUSDT:1791050699999:SHORT,PARTIUSDT,1791050716568,META_LOSS,1791050879999,0.300345,False,0.04069422840393507,0,2,True
PAPER:LITUSDT:1791050999999:SHORT,LITUSDT:1791050999999:SHORT,LITUSDT,1791051032913,META_LOSS,1791051119999,0.340668,False,0.5983619464565567,1,0,True
PAPER:METUSDT:1791051599999:SHORT,METUSDT:1791051599999:SHORT,METUSDT,1791051625984,META_LOSS,1791052199999,0.149349,False,0.9048233710375925,1,0,True
PAPER:DYDXUSDT:1791053699999:SHORT,DYDXUSDT:1791053699999:SHORT,DYDXUSDT,1791053766442,META_LOSS,1791055019999,0.386031,False,0.012963619473766909,0,2,True
PAPER:PORTALUSDT:1791054299999:SHORT,PORTALUSDT:1791054299999:SHORT,PORTALUSDT,1791054368775,META_LOSS,1791056039999,0.599141,False,0.9393223783433364,1,3,True
PAPER:SAGAUSDT:1791054899999:SHORT,SAGAUSDT:1791054899999:SHORT,SAGAUSDT,1791054938980,META_LOSS,1791055559999,0.158523,False,0.017513056721148643,0,3,True
PAPER:WAXPUSDT:1791056099999:SHORT,WAXPUSDT:1791056099999:SHORT,WAXPUSDT,1791056115531,META_LOSS,1791057839999,0.355214,False,0.9208232581530673,1,3,True
PAPER:MUSDT:1791058199999:SHORT,MUSDT:1791058199999:SHORT,MUSDT,1791058235856,META_LOSS,1791058379999,0.106076,False,0.907530953607763,1,0,True
PAPER:MOVRUSDT:1791059399999:SHORT,MOVRUSDT:1791059399999:SHORT,MOVRUSDT,1791059428232,META_LOSS,1791059879999,0.777865,False,0.9360818377798881,1,0,True
PAPER:SPORTFUNUSDT:1791060899999:SHORT,SPORTFUNUSDT:1791060899999:SHORT,SPORTFUNUSDT,1791060915817,META_WIN,1791061499999,0.564908,False,0.05671186721814348,0,2,True
PAPER:龙虾USDT:1791061499999:SHORT,龙虾USDT:1791061499999:SHORT,龙虾USDT,1791061527868,META_LOSS,1791061619999,0.346133,False,0.9963539756376836,1,1,True
PAPER:MEGAUSDT:1791061799999:SHORT,MEGAUSDT:1791061799999:SHORT,MEGAUSDT,1791061825117,META_LOSS,1791061979999,0.0,False,0.8202078024237398,1,1,True
PAPER:RAYSOLUSDT:1791061799999:SHORT,RAYSOLUSDT:1791061799999:SHORT,RAYSOLUSDT,1791061827852,META_LOSS,1791062159999,0.129857,False,0.9802819480726519,1,0,True
PAPER:SONICUSDT:1791062699999:SHORT,SONICUSDT:1791062699999:SHORT,SONICUSDT,1791062738836,META_LOSS,1791063479999,1.013032,False,0.8984999489322207,1,2,True
PAPER:POWERUSDT:1791065399999:SHORT,POWERUSDT:1791065399999:SHORT,POWERUSDT,1791065415873,META_WIN,1791065819999,1.153216,True,0.7306434606051655,1,0,True
PAPER:PUMPBTCUSDT:1791065999999:SHORT,PUMPBTCUSDT:1791065999999:SHORT,PUMPBTCUSDT,1791066035537,META_WIN,1791066299999,0.213961,False,0.001663112592614808,0,2,True