position_id,symbol,source,block,mfe_bucket,strong,Q97_CONSERVATIVE,Q97_MAX,Q95_AGGRESSIVE
PAPER:ONUSDT:1790816699999:SHORT,ONUSDT,research,Research_Reserve,TARGET_GE_1P00,True,True,True,True
PAPER:WETUSDT:1790805899999:SHORT,WETUSDT,research,Research_Reserve,BAD_A_LT_0P30,False,True,True,True
PAPER:MOVEUSDT:1790660099999:SHORT,MOVEUSDT,research,Research_Discovery,BAD_A_LT_0P30,False,False,False,True
PAPER:XVSUSDT:1790803499999:SHORT,XVSUSDT,research,Research_Reserve,BAD_A_LT_0P30,False,False,False,True
PAPER:NEOUSDT:1790660099999:SHORT,NEOUSDT,research,Research_Discovery,BAD_B_0P30_0P50,False,True,False,True
PAPER:TACUSDT:1790794199999:SHORT,TACUSDT,research,Research_Validation,TARGET_GE_1P00,True,False,True,False
PAPER:ZKCUSDT:1790749499999:SHORT,ZKCUSDT,research,Research_Discovery,TARGET_GE_1P00,True,False,False,True
PAPER:4USDT:1790755499999:SHORT,4USDT,research,Research_Discovery,BAD_A_LT_0P30,False,False,False,True
PAPER:AIOTUSDT:1790750999999:SHORT,AIOTUSDT,research,Research_Discovery,TARGET_GE_1P00,True,True,False,True
PAPER:INUSDT:1790660099999:SHORT,INUSDT,research,Research_Discovery,BAD_B_0P30_0P50,False,False,True,False
PAPER:4USDT:1790809799999:SHORT,4USDT,research,Research_Reserve,BAD_A_LT_0P30,False,False,False,True
PAPER:XVSUSDT:1790818499999:SHORT,XVSUSDT,research,Research_Reserve,GRAY_0P50_1P00,False,False,True,True
PAPER:AUCTIONUSDT:1790660099999:SHORT,AUCTIONUSDT,research,Research_Discovery,BAD_A_LT_0P30,False,False,False,True
PAPER:HANAUSDT:1790816699999:SHORT,HANAUSDT,research,Research_Reserve,BAD_B_0P30_0P50,False,True,True,True
PAPER:DUSKUSDT:1790660099999:SHORT,DUSKUSDT,research,Research_Discovery,BAD_A_LT_0P30,False,False,False,True
PAPER:MEGAUSDT:1790770799999:SHORT,MEGAUSDT,research,Research_Discovery,GRAY_0P50_1P00,False,True,True,True
PAPER:SHELLUSDT:1790673899999:SHORT,SHELLUSDT,research,Research_Discovery,BAD_B_0P30_0P50,False,True,True,False
PAPER:AGTUSDT:1790684699999:SHORT,AGTUSDT,research,Research_Discovery,TARGET_GE_1P00,False,True,True,True
PAPER:SPACEUSDT:1790750099999:SHORT,SPACEUSDT,research,Research_Discovery,BAD_A_LT_0P30,False,True,True,True
PAPER:XPINUSDT:1790796299999:SHORT,XPINUSDT,research,Research_Validation,BAD_B_0P30_0P50,False,True,True,True
PAPER:CLOUSDT:1790801099999:SHORT,CLOUSDT,research,Research_Validation,TARGET_GE_1P00,True,False,False,True
PAPER:COAIUSDT:1790821499999:SHORT,COAIUSDT,research,Research_Reserve,BAD_A_LT_0P30,False,True,True,True
PAPER:GMTUSDT:1790660099999:SHORT,GMTUSDT,research,Research_Discovery,BAD_A_LT_0P30,False,False,False,True
PAPER:MITOUSDT:1790744399999:SHORT,MITOUSDT,research,Research_Discovery,BAD_A_LT_0P30,False,False,False,True
PAPER:POWERUSDT:1790765099999:SHORT,POWERUSDT,research,Research_Discovery,BAD_A_LT_0P30,False,False,False,True
PAPER:STOUSDT:1790803499999:SHORT,STOUSDT,research,Research_Reserve,BAD_A_LT_0P30,False,True,False,False
PAPER:MEUSDT:1790802599999:SHORT,MEUSDT,research,Research_Reserve,BAD_A_LT_0P30,False,True,True,False
PAPER:ACTUSDT:1790660099999:SHORT,ACTUSDT,research,Research_Discovery,BAD_A_LT_0P30,False,False,False,True
PAPER:BSBUSDT:1790770199999:SHORT,BSBUSDT,research,Research_Discovery,BAD_A_LT_0P30,False,False,True,True
PAPER:PIXELUSDT:1790802599999:SHORT,PIXELUSDT,research,Research_Reserve,BAD_A_LT_0P30,False,True,True,True
PAPER:CTSIUSDT:1790660099999:SHORT,CTSIUSDT,research,Research_Discovery,BAD_A_LT_0P30,False,False,False,True
PAPER:FLUXUSDT:1790678399999:SHORT,FLUXUSDT,research,Research_Discovery,BAD_A_LT_0P30,False,False,False,True
PAPER:AGTUSDT:1790659799999:SHORT,AGTUSDT,research,Research_Discovery,BAD_B_0P30_0P50,False,True,True,True
PAPER:SNXUSDT:1790660099999:SHORT,SNXUSDT,research,Research_Discovery,BAD_B_0P30_0P50,False,False,False,True
PAPER:HEIUSDT:1790755199999:SHORT,HEIUSDT,research,Research_Discovery,BAD_A_LT_0P30,False,False,False,True
PAPER:BANUSDT:1790802599999:SHORT,BANUSDT,research,Research_Reserve,BAD_A_LT_0P30,False,True,True,True
PAPER:1000000BOBUSDT:1791006599999:SHORT,1000000BOBUSDT,fresh,Fresh_2026-10-03,TARGET_GE_1P00,True,False,False,True
PAPER:ARIAUSDT:1790903099999:SHORT,ARIAUSDT,fresh,Fresh_2026-10-02,BAD_B_0P30_0P50,False,True,False,True
PAPER:SHELLUSDT:1790963099999:SHORT,SHELLUSDT,fresh,Fresh_2026-10-02,BAD_B_0P30_0P50,False,False,False,True
PAPER:ACUUSDT:1790894999999:SHORT,ACUUSDT,fresh,Fresh_2026-10-01,BAD_A_LT_0P30,False,True,True,True
PAPER:METISUSDT:1790958299999:SHORT,METISUSDT,fresh,Fresh_2026-10-02,TARGET_GE_1P00,True,False,False,True
PAPER:TOSHIUSDT:1790838899999:SHORT,TOSHIUSDT,fresh,Fresh_2026-10-01,TARGET_GE_1P00,True,True,True,True
PAPER:RECALLUSDT:1790882099999:SHORT,RECALLUSDT,fresh,Fresh_2026-10-01,GRAY_0P50_1P00,False,False,False,True
PAPER:CVXUSDT:1790889599999:SHORT,CVXUSDT,fresh,Fresh_2026-10-01,TARGET_GE_1P00,True,False,True,True
PAPER:DIAUSDT:1790951399999:SHORT,DIAUSDT,fresh,Fresh_2026-10-02,GRAY_0P50_1P00,False,False,True,True
PAPER:CETUSUSDT:1790839199999:SHORT,CETUSUSDT,fresh,Fresh_2026-10-01,TARGET_GE_1P00,True,True,True,True
PAPER:CHILLGUYUSDT:1790882699999:SHORT,CHILLGUYUSDT,fresh,Fresh_2026-10-01,BAD_A_LT_0P30,False,True,False,False
PAPER:BSBUSDT:1790950199999:SHORT,BSBUSDT,fresh,Fresh_2026-10-02,BAD_A_LT_0P30,False,True,True,True
PAPER:EPICUSDT:1790922899999:SHORT,EPICUSDT,fresh,Fresh_2026-10-02,TARGET_GE_1P00,True,True,True,False
PAPER:HAEDALUSDT:1790853899999:SHORT,HAEDALUSDT,fresh,Fresh_2026-10-01,GRAY_0P50_1P00,False,False,True,True
PAPER:ALCHUSDT:1790882699999:SHORT,ALCHUSDT,fresh,Fresh_2026-10-01,BAD_B_0P30_0P50,False,True,True,True
PAPER:1000000MOGUSDT:1790868899999:SHORT,1000000MOGUSDT,fresh,Fresh_2026-10-01,BAD_B_0P30_0P50,False,False,False,True
PAPER:IRYSUSDT:1790860499999:SHORT,IRYSUSDT,fresh,Fresh_2026-10-01,BAD_B_0P30_0P50,False,True,True,False
PAPER:ARPAUSDT:1790864099999:SHORT,ARPAUSDT,fresh,Fresh_2026-10-01,BAD_A_LT_0P30,False,False,True,True
PAPER:BSBUSDT:1790853299999:SHORT,BSBUSDT,fresh,Fresh_2026-10-01,BAD_B_0P30_0P50,False,True,False,True
PAPER:THETAUSDT:1790882399999:SHORT,THETAUSDT,fresh,Fresh_2026-10-01,TARGET_GE_1P00,True,False,False,True
PAPER:GPSUSDT:1790842199999:SHORT,GPSUSDT,fresh,Fresh_2026-10-01,BAD_A_LT_0P30,False,False,True,False
PAPER:PROMPTUSDT:1790994299999:SHORT,PROMPTUSDT,fresh,Fresh_2026-10-03,BAD_B_0P30_0P50,False,False,False,True
PAPER:XVGUSDT:1791031199999:SHORT,XVGUSDT,fresh,Fresh_2026-10-03,BAD_A_LT_0P30,False,False,True,True
PAPER:ICNTUSDT:1790856599999:SHORT,ICNTUSDT,fresh,Fresh_2026-10-01,GRAY_0P50_1P00,False,False,False,True
PAPER:PLAYUSDT:1791015599999:SHORT,PLAYUSDT,fresh,Fresh_2026-10-03,BAD_A_LT_0P30,False,True,True,False
PAPER:WAXPUSDT:1791056099999:SHORT,WAXPUSDT,fresh,Fresh_2026-10-03,BAD_B_0P30_0P50,False,False,True,True
PAPER:BANUSDT:1791040499999:SHORT,BANUSDT,fresh,Fresh_2026-10-03,BAD_A_LT_0P30,False,True,True,True
PAPER:IMXUSDT:1790848799999:SHORT,IMXUSDT,fresh,Fresh_2026-10-01,GRAY_0P50_1P00,False,True,True,True
PAPER:GUNUSDT:1790840399999:SHORT,GUNUSDT,fresh,Fresh_2026-10-01,BAD_A_LT_0P30,False,True,True,True
PAPER:CVCUSDT:1791031499999:SHORT,CVCUSDT,fresh,Fresh_2026-10-03,BAD_A_LT_0P30,False,False,True,True
PAPER:TUSDT:1790926499999:SHORT,TUSDT,fresh,Fresh_2026-10-02,BAD_B_0P30_0P50,False,True,True,True
PAPER:ARXUSDT:1791041099999:SHORT,ARXUSDT,fresh,Fresh_2026-10-03,GRAY_0P50_1P00,False,False,False,True
PAPER:LISTAUSDT:1790864099999:SHORT,LISTAUSDT,fresh,Fresh_2026-10-01,BAD_B_0P30_0P50,False,True,True,True
PAPER:SAFEUSDT:1790882699999:SHORT,SAFEUSDT,fresh,Fresh_2026-10-01,BAD_B_0P30_0P50,False,True,True,True
PAPER:TRUSTUSDT:1790840399999:SHORT,TRUSTUSDT,fresh,Fresh_2026-10-01,BAD_A_LT_0P30,False,True,True,False
PAPER:DEEPUSDT:1790938199999:SHORT,DEEPUSDT,fresh,Fresh_2026-10-02,BAD_A_LT_0P30,False,False,False,True
PAPER:TOSHIUSDT:1790926499999:SHORT,TOSHIUSDT,fresh,Fresh_2026-10-02,BAD_A_LT_0P30,False,True,True,True
PAPER:1000XECUSDT:1790864099999:SHORT,1000XECUSDT,fresh,Fresh_2026-10-01,BAD_B_0P30_0P50,False,True,True,True
PAPER:OUSDT:1790998499999:SHORT,OUSDT,fresh,Fresh_2026-10-03,BAD_A_LT_0P30,False,True,True,True
PAPER:BEAMXUSDT:1790964599999:SHORT,BEAMXUSDT,fresh,Fresh_2026-10-02,TARGET_GE_1P00,True,False,False,True
PAPER:THEUSDT:1790994599999:SHORT,THEUSDT,fresh,Fresh_2026-10-03,BAD_A_LT_0P30,False,True,True,True
PAPER:PLAYUSDT:1790975099999:SHORT,PLAYUSDT,fresh,Fresh_2026-10-02,BAD_A_LT_0P30,False,False,True,True
PAPER:APRUSDT:1790935799999:SHORT,APRUSDT,fresh,Fresh_2026-10-02,BAD_B_0P30_0P50,False,False,False,True
PAPER:MIRAUSDT:1790976599999:SHORT,MIRAUSDT,fresh,Fresh_2026-10-02,BAD_A_LT_0P30,False,False,False,True
PAPER:TAKEUSDT:1790931899999:SHORT,TAKEUSDT,fresh,Fresh_2026-10-02,BAD_B_0P30_0P50,False,True,False,False
PAPER:CLOUSDT:1790871599999:SHORT,CLOUSDT,fresh,Fresh_2026-10-01,BAD_A_LT_0P30,False,False,False,True
PAPER:ROSEUSDT:1790834099999:SHORT,ROSEUSDT,fresh,Fresh_2026-10-01,BAD_A_LT_0P30,False,True,True,True
PAPER:AVAAIUSDT:1790882699999:SHORT,AVAAIUSDT,fresh,Fresh_2026-10-01,BAD_B_0P30_0P50,False,True,True,False
PAPER:SPORTFUNUSDT:1790979599999:SHORT,SPORTFUNUSDT,fresh,Fresh_2026-10-02,GRAY_0P50_1P00,False,False,False,True
PAPER:NAORISUSDT:1790922599999:SHORT,NAORISUSDT,fresh,Fresh_2026-10-02,GRAY_0P50_1P00,False,True,True,True
PAPER:BSVUSDT:1790923199999:SHORT,BSVUSDT,fresh,Fresh_2026-10-02,BAD_A_LT_0P30,False,True,True,True
PAPER:MELANIAUSDT:1791036599999:SHORT,MELANIAUSDT,fresh,Fresh_2026-10-03,BAD_A_LT_0P30,False,True,True,True
PAPER:FHEUSDT:1791005699999:SHORT,FHEUSDT,fresh,Fresh_2026-10-03,GRAY_0P50_1P00,False,False,False,True
PAPER:ZETAUSDT:1790985899999:SHORT,ZETAUSDT,fresh,Fresh_2026-10-03,BAD_B_0P30_0P50,False,False,True,True
PAPER:MUSDT:1791058199999:SHORT,MUSDT,fresh,Fresh_2026-10-03,BAD_A_LT_0P30,False,True,True,True
PAPER:哈基米USDT:1791001499999:SHORT,哈基米USDT,fresh,Fresh_2026-10-03,GRAY_0P50_1P00,False,False,False,True
PAPER:LISTAUSDT:1790946599999:SHORT,LISTAUSDT,fresh,Fresh_2026-10-02,GRAY_0P50_1P00,False,False,False,True
PAPER:SPACEUSDT:1790891099999:SHORT,SPACEUSDT,fresh,Fresh_2026-10-01,BAD_A_LT_0P30,False,True,True,True
PAPER:KOMAUSDT:1790992499999:SHORT,KOMAUSDT,fresh,Fresh_2026-10-03,GRAY_0P50_1P00,False,True,False,True
PAPER:XPINUSDT:1790860199999:SHORT,XPINUSDT,fresh,Fresh_2026-10-01,BAD_B_0P30_0P50,False,False,False,True
PAPER:AWEUSDT:1790860799999:SHORT,AWEUSDT,fresh,Fresh_2026-10-01,BAD_B_0P30_0P50,False,True,True,False
PAPER:CTRUSDT:1790860799999:SHORT,CTRUSDT,fresh,Fresh_2026-10-01,BAD_B_0P30_0P50,False,True,True,True
PAPER:CUSDT:1790936099999:SHORT,CUSDT,fresh,Fresh_2026-10-02,BAD_A_LT_0P30,False,True,True,False
PAPER:COAIUSDT:1790953499999:SHORT,COAIUSDT,fresh,Fresh_2026-10-02,GRAY_0P50_1P00,False,True,False,False
PAPER:TRIAUSDT:1790961899999:SHORT,TRIAUSDT,fresh,Fresh_2026-10-02,BAD_A_LT_0P30,False,False,False,True
PAPER:FORMUSDT:1790848499999:SHORT,FORMUSDT,fresh,Fresh_2026-10-01,TARGET_GE_1P00,True,True,True,True
PAPER:TOSHIUSDT:1790961299999:SHORT,TOSHIUSDT,fresh,Fresh_2026-10-02,GRAY_0P50_1P00,False,True,True,True
PAPER:ANIMEUSDT:1790903699999:SHORT,ANIMEUSDT,fresh,Fresh_2026-10-02,BAD_A_LT_0P30,False,True,False,True
PAPER:PLAYUSDT:1790829599999:SHORT,PLAYUSDT,fresh,Fresh_2026-10-01,BAD_A_LT_0P30,False,False,False,True
PAPER:PIPPINUSDT:1790882699999:SHORT,PIPPINUSDT,fresh,Fresh_2026-10-01,GRAY_0P50_1P00,False,False,False,True
PAPER:ICNTUSDT:1790865299999:SHORT,ICNTUSDT,fresh,Fresh_2026-10-01,BAD_B_0P30_0P50,False,False,False,True
PAPER:GPSUSDT:1790882399999:SHORT,GPSUSDT,fresh,Fresh_2026-10-01,BAD_A_LT_0P30,False,False,True,False
PAPER:CGPTUSDT:1790989199999:SHORT,CGPTUSDT,fresh,Fresh_2026-10-03,BAD_A_LT_0P30,False,False,False,True
PAPER:LUMIAUSDT:1790919599999:SHORT,LUMIAUSDT,fresh,Fresh_2026-10-02,BAD_A_LT_0P30,False,True,False,True
PAPER:STBLUSDT:1790931899999:SHORT,STBLUSDT,fresh,Fresh_2026-10-02,BAD_B_0P30_0P50,False,True,True,True
PAPER:EDENUSDT:1790941499999:SHORT,EDENUSDT,fresh,Fresh_2026-10-02,BAD_B_0P30_0P50,False,True,True,True
PAPER:RIFUSDT:1790914499999:SHORT,RIFUSDT,fresh,Fresh_2026-10-02,BAD_A_LT_0P30,False,True,True,True
PAPER:TAGUSDT:1790838299999:SHORT,TAGUSDT,fresh,Fresh_2026-10-01,TARGET_GE_1P00,True,False,False,True
PAPER:CROSSUSDT:1790944199999:SHORT,CROSSUSDT,fresh,Fresh_2026-10-02,BAD_B_0P30_0P50,False,False,False,True
PAPER:DRIFTUSDT:1790914199999:SHORT,DRIFTUSDT,fresh,Fresh_2026-10-02,BAD_A_LT_0P30,False,True,True,True
PAPER:CHILLGUYUSDT:1791036299999:SHORT,CHILLGUYUSDT,fresh,Fresh_2026-10-03,BAD_A_LT_0P30,False,True,True,True
PAPER:PUMPBTCUSDT:1790949599999:SHORT,PUMPBTCUSDT,fresh,Fresh_2026-10-02,TARGET_GE_1P00,False,False,False,True
PAPER:PUMPBTCUSDT:1790923199999:SHORT,PUMPBTCUSDT,fresh,Fresh_2026-10-02,GRAY_0P50_1P00,False,True,True,True
PAPER:XVSUSDT:1790837699999:SHORT,XVSUSDT,fresh,Fresh_2026-10-01,BAD_A_LT_0P30,False,False,True,True
PAPER:SNXUSDT:1790899499999:SHORT,SNXUSDT,fresh,Fresh_2026-10-02,BAD_A_LT_0P30,False,False,True,True
PAPER:B2USDT:1790951399999:SHORT,B2USDT,fresh,Fresh_2026-10-02,BAD_B_0P30_0P50,False,True,True,True