position_id,symbol,source,block,lane,mfe_bucket,pnl,reason,rescued,group,A1_score,A2_score,A3_score,broad_archetypes
PAPER:1000000BOBUSDT:1791023099999:SHORT,1000000BOBUSDT,fresh,Fresh_2026-10-03,0,BAD_A_LT_0P30,-0.5519599743337846,BE0.10,False,OUTSIDE_ALL,,,,OUTSIDE_ALL
PAPER:1000000MOGUSDT:1790766599999:SHORT,1000000MOGUSDT,research,Research_Discovery,1,BAD_B_0P30_0P50,-0.10031704982756012,BE0.10,True,RESCUE_COLLATERAL,2,,1,A1+A3
PAPER:1000XECUSDT:1790879399999:SHORT,1000XECUSDT,fresh,Fresh_2026-10-01,3,BAD_A_LT_0P30,-3.122556020813501,HIST_TIME_FALLBACK,False,OUTSIDE_ALL,,,,OUTSIDE_ALL
PAPER:2ZUSDT:1790890799999:SHORT,2ZUSDT,fresh,Fresh_2026-10-01,2,BAD_B_0P30_0P50,-14.281816770139868,HIST_TIME_FALLBACK,False,OUTSIDE_ALL,,,,OUTSIDE_ALL
PAPER:2ZUSDT:1790998499999:SHORT,2ZUSDT,fresh,Fresh_2026-10-03,3,BAD_B_0P30_0P50,-1.9600929096377473,HIST_TIME_FALLBACK,False,ZERO_K_SIGNAL,,0,,A2
PAPER:4USDT:1790962799999:SHORT,4USDT,fresh,Fresh_2026-10-02,0,BAD_A_LT_0P30,-0.9501900380076589,BE0.10,False,OUTSIDE_ALL,,,,OUTSIDE_ALL
PAPER:ADAUSDT:1790749499999:SHORT,ADAUSDT,research,Research_Discovery,1,BAD_A_LT_0P30,-2.39395861248885,HIST_TIME_FALLBACK,False,ONE_CONDITION_SHORT,1,0,1,A1+A2+A3
PAPER:AEROUSDT:1790670899999:SHORT,AEROUSDT,research,Research_Discovery,2,BAD_A_LT_0P30,-3.339570420050535,HIST_TIME_FALLBACK,False,ONE_CONDITION_SHORT,1,,0,A1+A3
PAPER:AEROUSDT:1790755799999:SHORT,AEROUSDT,research,Research_Discovery,0,BAD_A_LT_0P30,-3.4571397815308362,HIST_TIME_FALLBACK,False,ZERO_K_SIGNAL,0,,,A1
PAPER:AEROUSDT:1790866499999:SHORT,AEROUSDT,fresh,Fresh_2026-10-01,1,BAD_B_0P30_0P50,-2.2669981290508407,HIST_TIME_FALLBACK,False,ONE_CONDITION_SHORT,1,,,A1
PAPER:AEROUSDT:1790883599999:SHORT,AEROUSDT,fresh,Fresh_2026-10-01,1,BAD_B_0P30_0P50,1.1747110774097087,FULL_CLOSE_050,False,OUTSIDE_ALL,,,,OUTSIDE_ALL
PAPER:AEROUSDT:1790914199999:SHORT,AEROUSDT,fresh,Fresh_2026-10-02,2,BAD_A_LT_0P30,-6.680044414543266,HIST_TIME_FALLBACK,True,RESCUE_COLLATERAL,1,1,2,A1+A2+A3
PAPER:AEROUSDT:1791025799999:SHORT,AEROUSDT,fresh,Fresh_2026-10-03,2,BAD_B_0P30_0P50,-0.13235951513537036,BE0.10,False,ZERO_K_SIGNAL,0,,,A1
PAPER:AINUSDT:1790820899999:SHORT,AINUSDT,research,Research_Reserve,3,BAD_A_LT_0P30,-3.369490165607828,HIST_TIME_FALLBACK,False,OUTSIDE_ALL,,,,OUTSIDE_ALL
PAPER:ALGOUSDT:1790996699999:SHORT,ALGOUSDT,fresh,Fresh_2026-10-03,2,BAD_A_LT_0P30,-2.3718298961149187,HIST_TIME_FALLBACK,False,ZERO_K_SIGNAL,0,0,0,A1+A2+A3
PAPER:ALLOUSDT:1790842499999:SHORT,ALLOUSDT,fresh,Fresh_2026-10-01,2,BAD_A_LT_0P30,-3.3262545454135,HIST_TIME_FALLBACK,False,ONE_CONDITION_SHORT,1,,1,A1+A3
PAPER:APEUSDT:1790866199999:SHORT,APEUSDT,fresh,Fresh_2026-10-01,2,BAD_B_0P30_0P50,-0.2625867549882736,BE0.10,False,ONE_CONDITION_SHORT,,1,,A2
PAPER:API3USDT:1790863499999:SHORT,API3USDT,fresh,Fresh_2026-10-01,0,BAD_A_LT_0P30,-3.3139668162473557,HIST_TIME_FALLBACK,False,ONE_CONDITION_SHORT,1,,1,A1+A3
PAPER:APRUSDT:1790766599999:SHORT,APRUSDT,research,Research_Discovery,1,BAD_B_0P30_0P50,-0.11240729317412473,BE0.10,False,OUTSIDE_ALL,,,,OUTSIDE_ALL
PAPER:APRUSDT:1790842199999:SHORT,APRUSDT,fresh,Fresh_2026-10-01,0,BAD_B_0P30_0P50,-0.5882412382692143,BE0.10,False,OUTSIDE_ALL,,,,OUTSIDE_ALL
PAPER:APTUSDT:1790965199999:SHORT,APTUSDT,fresh,Fresh_2026-10-02,3,BAD_A_LT_0P30,-0.9501900380076185,HIST_TIME_FALLBACK,False,OUTSIDE_ALL,,,,OUTSIDE_ALL
PAPER:ARBUSDT:1790842199999:SHORT,ARBUSDT,fresh,Fresh_2026-10-01,3,BAD_B_0P30_0P50,-4.807167631592496,HIST_TIME_FALLBACK,False,OUTSIDE_ALL,,,,OUTSIDE_ALL
PAPER:ARBUSDT:1790919599999:SHORT,ARBUSDT,fresh,Fresh_2026-10-02,0,BAD_A_LT_0P30,-3.354206926360326,HIST_TIME_FALLBACK,False,ONE_CONDITION_SHORT,1,1,0,A1+A2+A3
PAPER:ARKMUSDT:1790678399999:SHORT,ARKMUSDT,research,Research_Discovery,3,BAD_A_LT_0P30,-0.5651321995167891,HIST_TIME_FALLBACK,False,OUTSIDE_ALL,,,,OUTSIDE_ALL
PAPER:ARXUSDT:1790923199999:SHORT,ARXUSDT,fresh,Fresh_2026-10-02,2,BAD_B_0P30_0P50,-0.06012035444067315,BE0.10,False,ZERO_K_SIGNAL,,0,,A2
PAPER:ASTERUSDT:1790793599999:SHORT,ASTERUSDT,research,Research_Validation,2,BAD_B_0P30_0P50,-0.014535477188919177,BE0.10,False,ZERO_K_SIGNAL,,0,,A2
PAPER:ATHUSDT:1790751599999:SHORT,ATHUSDT,research,Research_Discovery,0,BAD_B_0P30_0P50,-0.022730531452432978,BE0.10,False,ZERO_K_SIGNAL,,,0,A3
PAPER:AVAUSDT:1791051299999:SHORT,AVAUSDT,fresh,Fresh_2026-10-03,1,BAD_A_LT_0P30,-3.5937406455263243,HIST_TIME_FALLBACK,False,OUTSIDE_ALL,,,,OUTSIDE_ALL
PAPER:AWEUSDT:1790860799999:SHORT,AWEUSDT,fresh,Fresh_2026-10-01,0,BAD_B_0P30_0P50,-0.04750208260544464,BE0.10,False,ONE_CONDITION_SHORT,,1,,A2
PAPER:AZTECUSDT:1790936399999:SHORT,AZTECUSDT,fresh,Fresh_2026-10-02,3,BAD_B_0P30_0P50,-0.09838880708647002,BE0.10,False,ZERO_K_SIGNAL,0,,0,A1+A3
PAPER:BABYUSDT:1790672099999:SHORT,BABYUSDT,research,Research_Discovery,2,BAD_B_0P30_0P50,-0.5729668352660259,BE0.10,False,ZERO_K_SIGNAL,0,,0,A1+A3
PAPER:BABYUSDT:1790860499999:SHORT,BABYUSDT,fresh,Fresh_2026-10-01,0,BAD_B_0P30_0P50,-0.20306288869709926,BE0.10,False,ONE_CONDITION_SHORT,1,,0,A1+A3
PAPER:BERAUSDT:1790767199999:SHORT,BERAUSDT,research,Research_Discovery,0,BAD_A_LT_0P30,-0.5351193995017857,BE0.10,False,OUTSIDE_ALL,,,,OUTSIDE_ALL
PAPER:BICOUSDT:1790840699999:SHORT,BICOUSDT,fresh,Fresh_2026-10-01,0,BAD_A_LT_0P30,-2.812795396288553,HIST_TIME_FALLBACK,False,OUTSIDE_ALL,,,,OUTSIDE_ALL
PAPER:BILLUSDT:1790663699999:SHORT,BILLUSDT,research,Research_Discovery,1,BAD_A_LT_0P30,-4.042887593405706,HIST_TIME_FALLBACK,False,ZERO_K_SIGNAL,0,,,A1
PAPER:BIOUSDT:1790864099999:SHORT,BIOUSDT,fresh,Fresh_2026-10-01,0,BAD_A_LT_0P30,-0.11029877955449291,BE0.10,False,OUTSIDE_ALL,,,,OUTSIDE_ALL
PAPER:BIOUSDT:1791046799999:SHORT,BIOUSDT,fresh,Fresh_2026-10-03,2,BAD_B_0P30_0P50,-5.286260019087613,HIST_TIME_FALLBACK,False,OUTSIDE_ALL,,,,OUTSIDE_ALL
PAPER:BLESSUSDT:1790990699999:SHORT,BLESSUSDT,fresh,Fresh_2026-10-03,1,BAD_B_0P30_0P50,-1.7389410408812456,HIST_TIME_FALLBACK,False,ONE_CONDITION_SHORT,1,,,A1
PAPER:BLUAIUSDT:1791031199999:SHORT,BLUAIUSDT,fresh,Fresh_2026-10-03,1,BAD_B_0P30_0P50,-7.262463431301457,HIST_TIME_FALLBACK,False,ONE_CONDITION_SHORT,1,,,A1
PAPER:BRETTUSDT:1790952899999:SHORT,BRETTUSDT,fresh,Fresh_2026-10-02,0,BAD_B_0P30_0P50,-4.106297093166739,HIST_TIME_FALLBACK,False,OUTSIDE_ALL,,,,OUTSIDE_ALL
PAPER:BRETTUSDT:1790965199999:SHORT,BRETTUSDT,fresh,Fresh_2026-10-02,2,BAD_A_LT_0P30,-1.2908332432052418,HIST_TIME_FALLBACK,False,OUTSIDE_ALL,,,,OUTSIDE_ALL
PAPER:BREVUSDT:1790819099999:SHORT,BREVUSDT,research,Research_Reserve,2,BAD_B_0P30_0P50,-0.02725813657777526,BE0.10,False,ZERO_K_SIGNAL,0,,0,A1+A3
PAPER:BROCCOLI714USDT:1790750999999:SHORT,BROCCOLI714USDT,research,Research_Discovery,2,BAD_A_LT_0P30,-3.8325807675930474,HIST_TIME_FALLBACK,False,ONE_CONDITION_SHORT,,1,,A2
PAPER:BROCCOLI714USDT:1790873699999:SHORT,BROCCOLI714USDT,fresh,Fresh_2026-10-01,2,BAD_B_0P30_0P50,-0.19545925770150302,BE0.10,False,OUTSIDE_ALL,,,,OUTSIDE_ALL
PAPER:BRUSDT:1790801399999:SHORT,BRUSDT,research,Research_Validation,1,BAD_B_0P30_0P50,-5.169103781048132,HIST_TIME_FALLBACK,False,OUTSIDE_ALL,,,,OUTSIDE_ALL
PAPER:BRUSDT:1790986199999:SHORT,BRUSDT,fresh,Fresh_2026-10-03,0,BAD_A_LT_0P30,-0.17396148729083744,BE0.10,False,ONE_CONDITION_SHORT,1,,,A1
PAPER:BTRUSDT:1790996699999:SHORT,BTRUSDT,fresh,Fresh_2026-10-03,2,BAD_A_LT_0P30,-3.7920605410618866,HIST_TIME_FALLBACK,False,ONE_CONDITION_SHORT,1,,,A1
PAPER:BTWUSDT:1791052199999:SHORT,BTWUSDT,fresh,Fresh_2026-10-03,2,BAD_A_LT_0P30,-3.480765530753359,HIST_TIME_FALLBACK,False,ONE_CONDITION_SHORT,1,,,A1
PAPER:BULLAUSDT:1791031499999:SHORT,BULLAUSDT,fresh,Fresh_2026-10-03,0,BAD_A_LT_0P30,-2.9190206772917415,HIST_TIME_FALLBACK,False,ONE_CONDITION_SHORT,1,,,A1
PAPER:CAPUSDT:1791023099999:SHORT,CAPUSDT,fresh,Fresh_2026-10-03,1,BAD_B_0P30_0P50,-3.936151972618627,HIST_TIME_FALLBACK,False,ZERO_K_SIGNAL,,0,,A2
PAPER:CCUSDT:1790757299999:SHORT,CCUSDT,research,Research_Discovery,1,BAD_A_LT_0P30,-2.169123130632578,HIST_TIME_FALLBACK,False,ZERO_K_SIGNAL,0,,,A1
PAPER:CCUSDT:1790950499999:SHORT,CCUSDT,fresh,Fresh_2026-10-02,2,BAD_A_LT_0P30,-2.875942151642586,HIST_TIME_FALLBACK,False,ONE_CONDITION_SHORT,,1,,A2
PAPER:CHIPUSDT:1790749499999:SHORT,CHIPUSDT,research,Research_Discovery,0,BAD_B_0P30_0P50,-0.25942390640049334,BE0.10,False,ONE_CONDITION_SHORT,1,0,0,A1+A2+A3
PAPER:CKBUSDT:1790752199999:SHORT,CKBUSDT,research,Research_Discovery,1,BAD_B_0P30_0P50,-0.12854872248483168,BE0.10,False,OUTSIDE_ALL,,,,OUTSIDE_ALL
PAPER:COMPUSDT:1790742899999:SHORT,COMPUSDT,research,Research_Discovery,2,BAD_A_LT_0P30,-0.17078141202388475,BE0.10,False,OUTSIDE_ALL,,,,OUTSIDE_ALL
PAPER:COMPUSDT:1790763599999:SHORT,COMPUSDT,research,Research_Discovery,3,BAD_A_LT_0P30,-3.345286641060264,HIST_TIME_FALLBACK,False,OUTSIDE_ALL,,,,OUTSIDE_ALL
PAPER:COMPUSDT:1790863499999:SHORT,COMPUSDT,fresh,Fresh_2026-10-01,0,BAD_A_LT_0P30,-3.4719794084760855,HIST_TIME_FALLBACK,False,ZERO_K_SIGNAL,,0,,A2
PAPER:COMPUSDT:1790913899999:SHORT,COMPUSDT,fresh,Fresh_2026-10-02,0,BAD_B_0P30_0P50,-0.12176605780390604,BE0.10,False,ONE_CONDITION_SHORT,1,0,,A1+A2
PAPER:COMPUSDT:1790950199999:SHORT,COMPUSDT,fresh,Fresh_2026-10-02,2,BAD_A_LT_0P30,-3.1858080203129417,HIST_TIME_FALLBACK,False,ONE_CONDITION_SHORT,0,1,1,A1+A2+A3
PAPER:COTIUSDT:1790936399999:SHORT,COTIUSDT,fresh,Fresh_2026-10-02,0,BAD_A_LT_0P30,-2.505100617723195,HIST_TIME_FALLBACK,False,ZERO_K_SIGNAL,0,0,,A1+A2
PAPER:CROSSUSDT:1791010199999:SHORT,CROSSUSDT,fresh,Fresh_2026-10-03,0,BAD_A_LT_0P30,-4.055988057145402,HIST_TIME_FALLBACK,False,ONE_CONDITION_SHORT,0,,1,A1+A3
PAPER:CUSDT:1790936099999:SHORT,CUSDT,fresh,Fresh_2026-10-02,0,BAD_A_LT_0P30,-3.55762963744015,HIST_TIME_FALLBACK,False,ONE_CONDITION_SHORT,,1,,A2
PAPER:CVCUSDT:1790899799999:SHORT,CVCUSDT,fresh,Fresh_2026-10-02,2,BAD_A_LT_0P30,-3.237413491183804,HIST_TIME_FALLBACK,False,ZERO_K_SIGNAL,0,,0,A1+A3
PAPER:DASHUSDT:1790963099999:SHORT,DASHUSDT,fresh,Fresh_2026-10-02,2,BAD_B_0P30_0P50,-2.657763601159539,HIST_TIME_FALLBACK,False,OUTSIDE_ALL,,,,OUTSIDE_ALL
PAPER:DEXEUSDT:1790942999999:SHORT,DEXEUSDT,fresh,Fresh_2026-10-02,1,BAD_A_LT_0P30,-2.4602207771871236,HIST_TIME_FALLBACK,False,ZERO_K_SIGNAL,,,0,A3
PAPER:DOSUSDT:1790925299999:SHORT,DOSUSDT,fresh,Fresh_2026-10-02,1,BAD_B_0P30_0P50,-0.0132219705522153,BE0.10,False,ONE_CONDITION_SHORT,1,,,A1
PAPER:DOTUSDT:1790805899999:SHORT,DOTUSDT,research,Research_Reserve,2,BAD_A_LT_0P30,-3.5110995010289994,HIST_TIME_FALLBACK,False,OUTSIDE_ALL,,,,OUTSIDE_ALL
PAPER:DYDXUSDT:1791053699999:SHORT,DYDXUSDT,fresh,Fresh_2026-10-03,2,BAD_B_0P30_0P50,-4.678238169637902,HIST_TIME_FALLBACK,False,OUTSIDE_ALL,,,,OUTSIDE_ALL
PAPER:EDGEUSDT:1790849399999:SHORT,EDGEUSDT,fresh,Fresh_2026-10-01,0,BAD_A_LT_0P30,-3.0969062525954265,HIST_TIME_FALLBACK,False,ONE_CONDITION_SHORT,1,,,A1
PAPER:EIGENUSDT:1790789999999:SHORT,EIGENUSDT,research,Research_Validation,2,BAD_B_0P30_0P50,-0.13525281368846265,BE0.10,False,ZERO_K_SIGNAL,0,,,A1
PAPER:EIGENUSDT:1790842199999:SHORT,EIGENUSDT,fresh,Fresh_2026-10-01,2,BAD_B_0P30_0P50,-0.7439373845102625,BE0.10,False,OUTSIDE_ALL,,,,OUTSIDE_ALL
PAPER:ENAUSDT:1790980799999:SHORT,ENAUSDT,fresh,Fresh_2026-10-02,2,BAD_B_0P30_0P50,-0.015997373989753316,BE0.10,False,ONE_CONDITION_SHORT,1,0,,A1+A2
PAPER:ENJUSDT:1791014999999:SHORT,ENJUSDT,fresh,Fresh_2026-10-03,0,BAD_B_0P30_0P50,-0.06106891893469174,BE0.10,False,OUTSIDE_ALL,,,,OUTSIDE_ALL
PAPER:EPICUSDT:1790798999999:SHORT,EPICUSDT,research,Research_Validation,1,BAD_A_LT_0P30,-3.1102705953947467,HIST_TIME_FALLBACK,False,ZERO_K_SIGNAL,,0,,A2
PAPER:FARTCOINUSDT:1790788799999:SHORT,FARTCOINUSDT,research,Research_Validation,3,BAD_B_0P30_0P50,-0.11403994328924544,BE0.10,False,ONE_CONDITION_SHORT,1,,,A1
PAPER:FETUSDT:1790755499999:SHORT,FETUSDT,research,Research_Discovery,2,BAD_B_0P30_0P50,-0.019752881803106137,BE0.10,False,OUTSIDE_ALL,,,,OUTSIDE_ALL
PAPER:FETUSDT:1790805899999:SHORT,FETUSDT,research,Research_Reserve,2,BAD_A_LT_0P30,-0.950190038007563,HIST_TIME_FALLBACK,False,ONE_CONDITION_SHORT,1,,,A1
PAPER:FETUSDT:1790849099999:SHORT,FETUSDT,fresh,Fresh_2026-10-01,1,BAD_A_LT_0P30,-3.794367254132665,HIST_TIME_FALLBACK,False,OUTSIDE_ALL,,,,OUTSIDE_ALL
PAPER:FFUSDT:1790953499999:SHORT,FFUSDT,fresh,Fresh_2026-10-02,0,BAD_A_LT_0P30,-0.08979954292673226,BE0.10,False,OUTSIDE_ALL,,,,OUTSIDE_ALL
PAPER:FILUSDT:1790805899999:SHORT,FILUSDT,research,Research_Reserve,2,BAD_A_LT_0P30,-2.5572511598340295,HIST_TIME_FALLBACK,False,ONE_CONDITION_SHORT,1,,,A1
PAPER:FOGOUSDT:1790970899999:SHORT,FOGOUSDT,fresh,Fresh_2026-10-02,2,BAD_A_LT_0P30,-1.9236929357867711,HIST_TIME_FALLBACK,False,ONE_CONDITION_SHORT,,1,,A2
PAPER:FUSDT:1790821499999:SHORT,FUSDT,research,Research_Reserve,2,BAD_A_LT_0P30,-3.643741046425173,HIST_TIME_FALLBACK,False,ONE_CONDITION_SHORT,,1,,A2
PAPER:GPSUSDT:1790842199999:SHORT,GPSUSDT,fresh,Fresh_2026-10-01,2,BAD_A_LT_0P30,-3.2971601185608392,HIST_TIME_FALLBACK,False,ONE_CONDITION_SHORT,1,0,0,A1+A2+A3
PAPER:GPSUSDT:1790882399999:SHORT,GPSUSDT,fresh,Fresh_2026-10-01,0,BAD_A_LT_0P30,-4.137005645497225,HIST_TIME_FALLBACK,False,ONE_CONDITION_SHORT,0,1,0,A1+A2+A3
PAPER:GRAMUSDT:1790880599999:SHORT,GRAMUSDT,fresh,Fresh_2026-10-01,0,BAD_B_0P30_0P50,-0.3009355762202893,BE0.10,False,ONE_CONDITION_SHORT,1,1,1,A1+A2+A3
PAPER:GRASSUSDT:1790996099999:SHORT,GRASSUSDT,fresh,Fresh_2026-10-03,2,BAD_B_0P30_0P50,-2.1574220185220137,HIST_TIME_FALLBACK,False,OUTSIDE_ALL,,,,OUTSIDE_ALL
PAPER:GWEIUSDT:1790963099999:SHORT,GWEIUSDT,fresh,Fresh_2026-10-02,2,BAD_B_0P30_0P50,-3.099606407445633,HIST_TIME_FALLBACK,False,OUTSIDE_ALL,,,,OUTSIDE_ALL
PAPER:HANAUSDT:1790750699999:SHORT,HANAUSDT,research,Research_Discovery,1,BAD_A_LT_0P30,-0.15625635039777086,BE0.10,False,OUTSIDE_ALL,,,,OUTSIDE_ALL
PAPER:HANAUSDT:1790762399999:SHORT,HANAUSDT,research,Research_Discovery,0,BAD_A_LT_0P30,-2.976810240590549,HIST_TIME_FALLBACK,False,OUTSIDE_ALL,,,,OUTSIDE_ALL
PAPER:HBARUSDT:1790813399999:SHORT,HBARUSDT,research,Research_Reserve,1,BAD_B_0P30_0P50,-0.08330977817649882,BE0.10,False,ZERO_K_SIGNAL,0,0,0,A1+A2+A3
PAPER:HEIUSDT:1790848199999:SHORT,HEIUSDT,fresh,Fresh_2026-10-01,0,BAD_B_0P30_0P50,-13.547810194624825,HIST_TIME_FALLBACK,False,ONE_CONDITION_SHORT,1,,,A1
PAPER:HEMIUSDT:1790912999999:SHORT,HEMIUSDT,fresh,Fresh_2026-10-02,2,BAD_B_0P30_0P50,-2.5186537385809844,HIST_TIME_FALLBACK,False,ZERO_K_SIGNAL,,,0,A3
PAPER:HOMEUSDT:1790789699999:SHORT,HOMEUSDT,research,Research_Validation,2,BAD_A_LT_0P30,-3.0258874589647404,HIST_TIME_FALLBACK,False,ONE_CONDITION_SHORT,1,,1,A1+A3
PAPER:HUSDT:1790897399999:SHORT,HUSDT,fresh,Fresh_2026-10-01,0,BAD_A_LT_0P30,-0.020550399365551364,BE0.10,False,ZERO_K_SIGNAL,,,0,A3
PAPER:HYPEUSDT:1790870399999:SHORT,HYPEUSDT,fresh,Fresh_2026-10-01,0,BAD_A_LT_0P30,-3.074716950219544,HIST_TIME_FALLBACK,False,ZERO_K_SIGNAL,,0,,A2
PAPER:ILVUSDT:1790963099999:SHORT,ILVUSDT,fresh,Fresh_2026-10-02,2,BAD_A_LT_0P30,-1.443489067362551,HIST_TIME_FALLBACK,False,ZERO_K_SIGNAL,,0,,A2
PAPER:INITUSDT:1790991299999:SHORT,INITUSDT,fresh,Fresh_2026-10-03,2,BAD_B_0P30_0P50,-2.646575883942646,HIST_TIME_FALLBACK,False,OUTSIDE_ALL,,,,OUTSIDE_ALL
PAPER:IOSTUSDT:1790860199999:SHORT,IOSTUSDT,fresh,Fresh_2026-10-01,3,BAD_B_0P30_0P50,-0.03328070307818426,BE0.10,False,ONE_CONDITION_SHORT,,1,,A2
PAPER:IOTAUSDT:1790846399999:SHORT,IOTAUSDT,fresh,Fresh_2026-10-01,0,BAD_A_LT_0P30,-3.161048440825394,HIST_TIME_FALLBACK,False,ONE_CONDITION_SHORT,1,,,A1
PAPER:IOTAUSDT:1790950199999:SHORT,IOTAUSDT,fresh,Fresh_2026-10-02,1,BAD_B_0P30_0P50,-0.04154021038367084,BE0.10,False,ONE_CONDITION_SHORT,0,0,1,A1+A2+A3
PAPER:JASMYUSDT:1790962799999:SHORT,JASMYUSDT,fresh,Fresh_2026-10-02,3,BAD_A_LT_0P30,-0.08960231874448304,BE0.10,False,OUTSIDE_ALL,,,,OUTSIDE_ALL
PAPER:JASMYUSDT:1790996099999:SHORT,JASMYUSDT,fresh,Fresh_2026-10-03,3,BAD_B_0P30_0P50,-0.08762509250839112,BE0.10,False,ZERO_K_SIGNAL,0,0,,A1+A2
PAPER:JCTUSDT:1790890199999:SHORT,JCTUSDT,fresh,Fresh_2026-10-01,2,BAD_B_0P30_0P50,-0.354621697688707,BE0.10,False,OUTSIDE_ALL,,,,OUTSIDE_ALL
PAPER:JELLYJELLYUSDT:1790791499999:SHORT,JELLYJELLYUSDT,research,Research_Validation,0,BAD_A_LT_0P30,-0.23290515169131493,BE0.10,False,ONE_CONDITION_SHORT,1,1,,A1+A2
PAPER:JSTUSDT:1790849999999:SHORT,JSTUSDT,fresh,Fresh_2026-10-01,3,BAD_B_0P30_0P50,-0.007345183720595394,BE0.10,False,ONE_CONDITION_SHORT,1,1,1,A1+A2+A3
PAPER:JTOUSDT:1790842199999:SHORT,JTOUSDT,fresh,Fresh_2026-10-01,2,BAD_B_0P30_0P50,-4.33372493124235,HIST_TIME_FALLBACK,False,OUTSIDE_ALL,,,,OUTSIDE_ALL
PAPER:JUPUSDT:1790945099999:SHORT,JUPUSDT,fresh,Fresh_2026-10-02,0,BAD_B_0P30_0P50,-8.391993530684283,HIST_TIME_FALLBACK,False,ONE_CONDITION_SHORT,,1,,A2
PAPER:KAITOUSDT:1790766599999:SHORT,KAITOUSDT,research,Research_Discovery,1,BAD_B_0P30_0P50,-0.06708179330665048,BE0.10,False,ONE_CONDITION_SHORT,1,1,1,A1+A2+A3
PAPER:KSMUSDT:1790965799999:SHORT,KSMUSDT,fresh,Fresh_2026-10-02,1,BAD_A_LT_0P30,-1.5428204918805983,HIST_TIME_FALLBACK,False,OUTSIDE_ALL,,,,OUTSIDE_ALL
PAPER:LDOUSDT:1791031199999:SHORT,LDOUSDT,fresh,Fresh_2026-10-03,0,BAD_B_0P30_0P50,-0.07160260485622721,BE0.10,False,ONE_CONDITION_SHORT,1,,,A1
PAPER:LITUSDT:1790787599999:SHORT,LITUSDT,research,Research_Discovery,0,BAD_A_LT_0P30,-0.1727436005737612,BE0.10,False,ONE_CONDITION_SHORT,1,,,A1
PAPER:LITUSDT:1790861099999:SHORT,LITUSDT,fresh,Fresh_2026-10-01,0,BAD_B_0P30_0P50,-0.004070138652935373,BE0.10,False,OUTSIDE_ALL,,,,OUTSIDE_ALL
PAPER:LITUSDT:1790953499999:SHORT,LITUSDT,fresh,Fresh_2026-10-02,1,BAD_A_LT_0P30,-2.492667306675072,HIST_TIME_FALLBACK,False,OUTSIDE_ALL,,,,OUTSIDE_ALL
PAPER:LITUSDT:1791050999999:SHORT,LITUSDT,fresh,Fresh_2026-10-03,0,BAD_B_0P30_0P50,-0.0059967306767271245,BE0.10,False,OUTSIDE_ALL,,,,OUTSIDE_ALL
PAPER:LTCUSDT:1790793899999:SHORT,LTCUSDT,research,Research_Validation,0,BAD_B_0P30_0P50,-2.547284992550075,HIST_TIME_FALLBACK,False,ZERO_K_SIGNAL,,0,,A2
PAPER:LUNA2USDT:1790926499999:SHORT,LUNA2USDT,fresh,Fresh_2026-10-02,3,BAD_B_0P30_0P50,-3.5548402848809837,HIST_TIME_FALLBACK,False,ONE_CONDITION_SHORT,,1,,A2
PAPER:MAGMAUSDT:1790798099999:SHORT,MAGMAUSDT,research,Research_Validation,2,BAD_A_LT_0P30,-0.5027073524816215,BE0.10,False,ONE_CONDITION_SHORT,0,0,1,A1+A2+A3
PAPER:MAGMAUSDT:1790893499999:SHORT,MAGMAUSDT,fresh,Fresh_2026-10-01,0,BAD_A_LT_0P30,-1.1863104106670146,HIST_TIME_FALLBACK,False,OUTSIDE_ALL,,,,OUTSIDE_ALL
PAPER:MARSCOINUSDT:1790747699999:SHORT,MARSCOINUSDT,research,Research_Discovery,2,BAD_B_0P30_0P50,-0.09579120200352242,BE0.10,False,OUTSIDE_ALL,,,,OUTSIDE_ALL
PAPER:MARSCOINUSDT:1790770199999:SHORT,MARSCOINUSDT,research,Research_Discovery,2,BAD_B_0P30_0P50,-0.40651993080531473,BE0.10,False,OUTSIDE_ALL,,,,OUTSIDE_ALL
PAPER:MARSCOINUSDT:1791014699999:SHORT,MARSCOINUSDT,fresh,Fresh_2026-10-03,1,BAD_B_0P30_0P50,-11.528313311504577,HIST_TIME_FALLBACK,False,OUTSIDE_ALL,,,,OUTSIDE_ALL
PAPER:MERLUSDT:1790830499999:SHORT,MERLUSDT,fresh,Fresh_2026-10-01,1,BAD_A_LT_0P30,-7.455390688274124,HIST_TIME_FALLBACK,False,ONE_CONDITION_SHORT,1,,0,A1+A3
PAPER:METISUSDT:1790660099999:SHORT,METISUSDT,research,Research_Discovery,3,BAD_B_0P30_0P50,-7.263750993441857,HIST_TIME_FALLBACK,False,OUTSIDE_ALL,,,,OUTSIDE_ALL
PAPER:METISUSDT:1790667299999:SHORT,METISUSDT,research,Research_Discovery,2,BAD_A_LT_0P30,-0.6558206231073102,HIST_TIME_FALLBACK,False,ZERO_K_SIGNAL,0,,,A1
PAPER:METUSDT:1791051599999:SHORT,METUSDT,fresh,Fresh_2026-10-03,0,BAD_A_LT_0P30,-2.6453312165989002,HIST_TIME_FALLBACK,False,ONE_CONDITION_SHORT,1,0,0,A1+A2+A3
PAPER:MEUSDT:1790802599999:SHORT,MEUSDT,research,Research_Reserve,3,BAD_A_LT_0P30,-0.02527877226498687,BE0.10,False,ONE_CONDITION_SHORT,1,1,1,A1+A2+A3
PAPER:MEWUSDT:1791016199999:SHORT,MEWUSDT,fresh,Fresh_2026-10-03,3,BAD_B_0P30_0P50,-2.410444384676181,HIST_TIME_FALLBACK,False,ZERO_K_SIGNAL,,0,,A2
PAPER:MONUSDT:1790887199999:SHORT,MONUSDT,fresh,Fresh_2026-10-01,2,BAD_B_0P30_0P50,-3.476846282261099,HIST_TIME_FALLBACK,False,OUTSIDE_ALL,,,,OUTSIDE_ALL
PAPER:MOVRUSDT:1791047999999:SHORT,MOVRUSDT,fresh,Fresh_2026-10-03,0,BAD_A_LT_0P30,-0.0027789218008638095,BE0.10,False,OUTSIDE_ALL,,,,OUTSIDE_ALL
PAPER:NEARUSDT:1790965199999:SHORT,NEARUSDT,fresh,Fresh_2026-10-02,1,BAD_A_LT_0P30,-1.0574025439057229,HIST_TIME_FALLBACK,False,OUTSIDE_ALL,,,,OUTSIDE_ALL
PAPER:NEOUSDT:1790660099999:SHORT,NEOUSDT,research,Research_Discovery,2,BAD_B_0P30_0P50,-5.605761963148877,HIST_TIME_FALLBACK,True,RESCUE_COLLATERAL,2,1,3,A1+A2+A3
PAPER:NEOUSDT:1790935499999:SHORT,NEOUSDT,fresh,Fresh_2026-10-02,0,BAD_A_LT_0P30,-0.9501900380076159,HIST_TIME_FALLBACK,False,ONE_CONDITION_SHORT,1,,,A1
PAPER:NIGHTUSDT:1791047099999:SHORT,NIGHTUSDT,fresh,Fresh_2026-10-03,2,BAD_B_0P30_0P50,-0.03728695587141734,BE0.10,False,OUTSIDE_ALL,,,,OUTSIDE_ALL
PAPER:NILUSDT:1790828399999:SHORT,NILUSDT,fresh,Fresh_2026-10-01,3,BAD_A_LT_0P30,-1.7656488069780758,HIST_TIME_FALLBACK,False,OUTSIDE_ALL,,,,OUTSIDE_ALL
PAPER:NILUSDT:1790942699999:SHORT,NILUSDT,fresh,Fresh_2026-10-02,2,BAD_A_LT_0P30,-0.8266064828815396,HIST_TIME_FALLBACK,False,ONE_CONDITION_SHORT,1,,,A1
PAPER:NILUSDT:1790965799999:SHORT,NILUSDT,fresh,Fresh_2026-10-02,1,BAD_B_0P30_0P50,-2.8789410913263294,HIST_TIME_FALLBACK,False,OUTSIDE_ALL,,,,OUTSIDE_ALL
PAPER:NOMUSDT:1790669399999:SHORT,NOMUSDT,research,Research_Discovery,1,BAD_B_0P30_0P50,-0.46277505257625146,BE0.10,False,ZERO_K_SIGNAL,,0,,A2
PAPER:NOMUSDT:1790824799999:SHORT,NOMUSDT,research,Research_Reserve,0,BAD_A_LT_0P30,-1.1618497378122843,HIST_TIME_FALLBACK,False,ONE_CONDITION_SHORT,1,,,A1
PAPER:ONDOUSDT:1790872799999:SHORT,ONDOUSDT,fresh,Fresh_2026-10-01,1,BAD_A_LT_0P30,-1.3619319175371172,HIST_TIME_FALLBACK,False,ONE_CONDITION_SHORT,,1,,A2
PAPER:OPGUSDT:1791015599999:SHORT,OPGUSDT,fresh,Fresh_2026-10-03,1,BAD_A_LT_0P30,-0.1794815083110266,BE0.10,False,OUTSIDE_ALL,,,,OUTSIDE_ALL
PAPER:OPNUSDT:1790668799999:SHORT,OPNUSDT,research,Research_Discovery,1,BAD_A_LT_0P30,-0.18449185056895184,BE0.10,False,ZERO_K_SIGNAL,0,0,,A1+A2
PAPER:OUSDT:1790770799999:SHORT,OUSDT,research,Research_Discovery,0,BAD_A_LT_0P30,-0.5852728227439044,HIST_TIME_FALLBACK,False,OUTSIDE_ALL,,,,OUTSIDE_ALL
PAPER:OUSDT:1790823299999:SHORT,OUSDT,research,Research_Reserve,3,BAD_A_LT_0P30,-3.43649065077915,HIST_TIME_FALLBACK,False,ONE_CONDITION_SHORT,1,,,A1
PAPER:PARTIUSDT:1790805899999:SHORT,PARTIUSDT,research,Research_Reserve,1,BAD_A_LT_0P30,-2.862241948007635,HIST_TIME_FALLBACK,False,ONE_CONDITION_SHORT,1,1,,A1+A2
PAPER:PARTIUSDT:1791050699999:SHORT,PARTIUSDT,fresh,Fresh_2026-10-03,2,BAD_B_0P30_0P50,-0.06295999540214064,BE0.10,False,ZERO_K_SIGNAL,0,,,A1
PAPER:PENDLEUSDT:1790887499999:SHORT,PENDLEUSDT,fresh,Fresh_2026-10-01,1,BAD_A_LT_0P30,-2.410889019341629,HIST_TIME_FALLBACK,False,ZERO_K_SIGNAL,0,0,,A1+A2
PAPER:PEOPLEUSDT:1790863499999:SHORT,PEOPLEUSDT,fresh,Fresh_2026-10-01,1,BAD_A_LT_0P30,-3.2898470579938808,HIST_TIME_FALLBACK,False,ONE_CONDITION_SHORT,,1,,A2
PAPER:PHAROSUSDT:1790821499999:SHORT,PHAROSUSDT,research,Research_Reserve,0,BAD_B_0P30_0P50,-0.11497003238248377,BE0.10,False,OUTSIDE_ALL,,,,OUTSIDE_ALL
PAPER:PHAUSDT:1791015299999:SHORT,PHAUSDT,fresh,Fresh_2026-10-03,2,BAD_A_LT_0P30,-3.853101323942283,HIST_TIME_FALLBACK,False,ONE_CONDITION_SHORT,1,,1,A1+A3
PAPER:PLAYUSDT:1790882999999:SHORT,PLAYUSDT,fresh,Fresh_2026-10-01,3,BAD_A_LT_0P30,-1.4339933788948558,HIST_TIME_FALLBACK,False,OUTSIDE_ALL,,,,OUTSIDE_ALL
PAPER:POLUSDT:1790850899999:SHORT,POLUSDT,fresh,Fresh_2026-10-01,2,BAD_A_LT_0P30,-0.17367956892771064,BE0.10,False,OUTSIDE_ALL,,,,OUTSIDE_ALL
PAPER:POLUSDT:1790863499999:SHORT,POLUSDT,fresh,Fresh_2026-10-01,0,BAD_A_LT_0P30,-2.5165029830924404,HIST_TIME_FALLBACK,False,ONE_CONDITION_SHORT,1,1,,A1+A2
PAPER:POLUSDT:1790872799999:SHORT,POLUSDT,fresh,Fresh_2026-10-01,2,BAD_A_LT_0P30,-1.562312836473764,HIST_TIME_FALLBACK,False,OUTSIDE_ALL,,,,OUTSIDE_ALL
PAPER:POLUSDT:1790955599999:SHORT,POLUSDT,fresh,Fresh_2026-10-02,0,BAD_A_LT_0P30,-0.1714055380856993,BE0.10,False,ZERO_K_SIGNAL,0,0,,A1+A2
PAPER:PONSUSDT:1791051299999:SHORT,PONSUSDT,fresh,Fresh_2026-10-03,1,BAD_B_0P30_0P50,-0.08113588863602345,BE0.10,False,OUTSIDE_ALL,,,,OUTSIDE_ALL
PAPER:POWERUSDT:1790801699999:SHORT,POWERUSDT,research,Research_Reserve,0,BAD_A_LT_0P30,-1.301347659921344,HIST_TIME_FALLBACK,False,ZERO_K_SIGNAL,0,,,A1
PAPER:POWERUSDT:1790821199999:SHORT,POWERUSDT,research,Research_Reserve,1,BAD_B_0P30_0P50,-0.07132715105852316,BE0.10,False,OUTSIDE_ALL,,,,OUTSIDE_ALL
PAPER:POWERUSDT:1790890799999:SHORT,POWERUSDT,fresh,Fresh_2026-10-01,0,BAD_A_LT_0P30,-2.750373633134391,HIST_TIME_FALLBACK,False,ZERO_K_SIGNAL,0,,0,A1+A3
PAPER:POWERUSDT:1790930699999:SHORT,POWERUSDT,fresh,Fresh_2026-10-02,1,BAD_A_LT_0P30,-1.3802902381138638,HIST_TIME_FALLBACK,False,OUTSIDE_ALL,,,,OUTSIDE_ALL
PAPER:POWERUSDT:1790945399999:SHORT,POWERUSDT,fresh,Fresh_2026-10-02,0,BAD_A_LT_0P30,-0.02297000212586825,BE0.10,False,OUTSIDE_ALL,,,,OUTSIDE_ALL
PAPER:POWERUSDT:1790985899999:SHORT,POWERUSDT,fresh,Fresh_2026-10-03,3,BAD_A_LT_0P30,-2.2765098173090337,HIST_TIME_FALLBACK,False,OUTSIDE_ALL,,,,OUTSIDE_ALL
PAPER:POWERUSDT:1791033599999:SHORT,POWERUSDT,fresh,Fresh_2026-10-03,1,BAD_A_LT_0P30,-0.1246449018865804,BE0.10,False,ZERO_K_SIGNAL,,0,,A2
PAPER:PROMPTUSDT:1790951399999:SHORT,PROMPTUSDT,fresh,Fresh_2026-10-02,3,BAD_A_LT_0P30,-0.7039651535816007,BE0.10,False,OUTSIDE_ALL,,,,OUTSIDE_ALL
PAPER:PTBUSDT:1790790899999:SHORT,PTBUSDT,research,Research_Validation,3,BAD_A_LT_0P30,-1.165931958075711,HIST_TIME_FALLBACK,False,ONE_CONDITION_SHORT,,1,,A2
PAPER:PUMPBTCUSDT:1790901899999:SHORT,PUMPBTCUSDT,fresh,Fresh_2026-10-02,0,BAD_A_LT_0P30,-0.32290283244622264,BE0.10,False,ONE_CONDITION_SHORT,1,,,A1
PAPER:PYTHUSDT:1790839499999:SHORT,PYTHUSDT,fresh,Fresh_2026-10-01,1,BAD_A_LT_0P30,-4.3979463826488265,HIST_TIME_FALLBACK,False,ONE_CONDITION_SHORT,,,1,A3
PAPER:QNTUSDT:1791004199999:SHORT,QNTUSDT,fresh,Fresh_2026-10-03,2,BAD_B_0P30_0P50,-0.0016723016833556925,BE0.10,False,OUTSIDE_ALL,,,,OUTSIDE_ALL
PAPER:RAREUSDT:1790813399999:SHORT,RAREUSDT,research,Research_Reserve,0,BAD_A_LT_0P30,-2.4224700087075477,HIST_TIME_FALLBACK,False,ONE_CONDITION_SHORT,1,0,0,A1+A2+A3
PAPER:RAVEUSDT:1790842799999:SHORT,RAVEUSDT,fresh,Fresh_2026-10-01,2,BAD_A_LT_0P30,-2.1886244517581748,HIST_TIME_FALLBACK,False,ZERO_K_SIGNAL,0,0,,A1+A2
PAPER:RAYSOLUSDT:1791061799999:SHORT,RAYSOLUSDT,fresh,Fresh_2026-10-03,0,BAD_A_LT_0P30,-3.611537109258515,HIST_TIME_FALLBACK,False,ZERO_K_SIGNAL,0,,0,A1+A3
PAPER:ROBOUSDT:1790867399999:SHORT,ROBOUSDT,fresh,Fresh_2026-10-01,0,BAD_B_0P30_0P50,-6.4998041182514745,HIST_TIME_FALLBACK,False,OUTSIDE_ALL,,,,OUTSIDE_ALL
PAPER:SAFEUSDT:1790866199999:SHORT,SAFEUSDT,fresh,Fresh_2026-10-01,2,BAD_B_0P30_0P50,-4.536038920036239,HIST_TIME_FALLBACK,False,OUTSIDE_ALL,,,,OUTSIDE_ALL
PAPER:SAGAUSDT:1790789699999:SHORT,SAGAUSDT,research,Research_Validation,2,BAD_A_LT_0P30,-0.17470562276667806,BE0.10,False,OUTSIDE_ALL,,,,OUTSIDE_ALL
PAPER:SAGAUSDT:1791011999999:SHORT,SAGAUSDT,fresh,Fresh_2026-10-03,2,BAD_B_0P30_0P50,-0.05590653637642157,BE0.10,False,ZERO_K_SIGNAL,,0,,A2
PAPER:SAGAUSDT:1791054899999:SHORT,SAGAUSDT,fresh,Fresh_2026-10-03,3,BAD_A_LT_0P30,-2.9605321666743194,HIST_TIME_FALLBACK,False,ONE_CONDITION_SHORT,0,1,1,A1+A2+A3
PAPER:SCRUSDT:1791053699999:SHORT,SCRUSDT,fresh,Fresh_2026-10-03,2,BAD_A_LT_0P30,-3.1430721926941847,HIST_TIME_FALLBACK,False,ZERO_K_SIGNAL,0,,,A1
PAPER:SENTUSDT:1790789699999:SHORT,SENTUSDT,research,Research_Validation,0,BAD_A_LT_0P30,-0.03086002875506,BE0.10,False,ONE_CONDITION_SHORT,,,1,A3
PAPER:SIGNUSDT:1790948999999:SHORT,SIGNUSDT,fresh,Fresh_2026-10-02,1,BAD_A_LT_0P30,-3.0516485050878317,HIST_TIME_FALLBACK,False,ONE_CONDITION_SHORT,1,,0,A1+A3
PAPER:SIRENUSDT:1790774399999:SHORT,SIRENUSDT,research,Research_Discovery,0,BAD_B_0P30_0P50,-2.920958502724164,HIST_TIME_FALLBACK,False,ONE_CONDITION_SHORT,1,,,A1
PAPER:SKYUSDT:1790867399999:SHORT,SKYUSDT,fresh,Fresh_2026-10-01,2,BAD_B_0P30_0P50,-4.884232601368719,HIST_TIME_FALLBACK,False,ZERO_K_SIGNAL,,0,,A2
PAPER:SKYUSDT:1790903999999:SHORT,SKYUSDT,fresh,Fresh_2026-10-02,1,BAD_B_0P30_0P50,-7.926213650994881,HIST_TIME_FALLBACK,False,OUTSIDE_ALL,,,,OUTSIDE_ALL
PAPER:SKYUSDT:1791046199999:SHORT,SKYUSDT,fresh,Fresh_2026-10-03,0,BAD_A_LT_0P30,-0.04447896251194905,BE0.10,False,ZERO_K_SIGNAL,,0,,A2
PAPER:SOMIUSDT:1791046799999:SHORT,SOMIUSDT,fresh,Fresh_2026-10-03,1,BAD_B_0P30_0P50,-3.373109641289278,HIST_TIME_FALLBACK,False,ONE_CONDITION_SHORT,,1,,A2
PAPER:SOONUSDT:1790924999999:SHORT,SOONUSDT,fresh,Fresh_2026-10-02,0,BAD_A_LT_0P30,-5.314946303909512,HIST_TIME_FALLBACK,False,OUTSIDE_ALL,,,,OUTSIDE_ALL
PAPER:SPKUSDT:1791003899999:SHORT,SPKUSDT,fresh,Fresh_2026-10-03,1,BAD_A_LT_0P30,-1.7409881265352445,HIST_TIME_FALLBACK,False,OUTSIDE_ALL,,,,OUTSIDE_ALL
PAPER:SPORTFUNUSDT:1790881199999:SHORT,SPORTFUNUSDT,fresh,Fresh_2026-10-01,1,BAD_B_0P30_0P50,-3.4712738154793583,HIST_TIME_FALLBACK,False,ONE_CONDITION_SHORT,1,,0,A1+A3
PAPER:SPXUSDT:1790798099999:SHORT,SPXUSDT,research,Research_Validation,2,BAD_A_LT_0P30,-3.3914531570967306,HIST_TIME_FALLBACK,False,ZERO_K_SIGNAL,0,0,,A1+A2
PAPER:SQDUSDT:1790866499999:SHORT,SQDUSDT,fresh,Fresh_2026-10-01,0,BAD_A_LT_0P30,-2.6674291118944105,HIST_TIME_FALLBACK,False,ONE_CONDITION_SHORT,0,1,,A1+A2
PAPER:SQDUSDT:1790890799999:SHORT,SQDUSDT,fresh,Fresh_2026-10-01,0,BAD_B_0P30_0P50,-0.102332331303641,BE0.10,False,ZERO_K_SIGNAL,0,,0,A1+A3
PAPER:STABLEUSDT:1790874899999:SHORT,STABLEUSDT,fresh,Fresh_2026-10-01,1,BAD_B_0P30_0P50,-8.280041034992687,HIST_TIME_FALLBACK,False,ZERO_K_SIGNAL,0,,0,A1+A3
PAPER:STARUSDT:1790836499999:SHORT,STARUSDT,fresh,Fresh_2026-10-01,3,BAD_B_0P30_0P50,-0.25145303348783643,BE0.10,False,ONE_CONDITION_SHORT,1,1,1,A1+A2+A3
PAPER:STRKUSDT:1790965199999:SHORT,STRKUSDT,fresh,Fresh_2026-10-02,0,BAD_A_LT_0P30,-0.13567903608612858,BE0.10,False,OUTSIDE_ALL,,,,OUTSIDE_ALL
PAPER:SYNUSDT:1791019799999:SHORT,SYNUSDT,fresh,Fresh_2026-10-03,1,BAD_B_0P30_0P50,-8.058790198914433,HIST_TIME_FALLBACK,False,ONE_CONDITION_SHORT,1,,,A1
PAPER:SYRUPUSDT:1790779499999:SHORT,SYRUPUSDT,research,Research_Discovery,2,BAD_B_0P30_0P50,-2.2872783855277468,HIST_TIME_FALLBACK,False,OUTSIDE_ALL,,,,OUTSIDE_ALL
PAPER:SYRUPUSDT:1790781599999:SHORT,SYRUPUSDT,research,Research_Discovery,0,BAD_B_0P30_0P50,-0.08678583600488882,BE0.10,False,OUTSIDE_ALL,,,,OUTSIDE_ALL
PAPER:TAKEUSDT:1790766599999:SHORT,TAKEUSDT,research,Research_Discovery,1,BAD_A_LT_0P30,-1.7393259130017942,HIST_TIME_FALLBACK,False,ZERO_K_SIGNAL,,,0,A3
PAPER:TIAUSDT:1790805899999:SHORT,TIAUSDT,research,Research_Reserve,0,BAD_A_LT_0P30,-1.643027671278168,HIST_TIME_FALLBACK,False,ONE_CONDITION_SHORT,1,,,A1
PAPER:TNSRUSDT:1790750999999:SHORT,TNSRUSDT,research,Research_Discovery,1,BAD_A_LT_0P30,-2.108035504556577,HIST_TIME_FALLBACK,False,OUTSIDE_ALL,,,,OUTSIDE_ALL
PAPER:TRADOORUSDT:1791033899999:SHORT,TRADOORUSDT,fresh,Fresh_2026-10-03,3,BAD_B_0P30_0P50,-5.869136992138272,HIST_TIME_FALLBACK,False,OUTSIDE_ALL,,,,OUTSIDE_ALL
PAPER:TRBUSDT:1790757299999:SHORT,TRBUSDT,research,Research_Discovery,0,BAD_B_0P30_0P50,-0.28308588543956853,BE0.10,False,ONE_CONDITION_SHORT,1,,,A1
PAPER:TRUSTUSDT:1790840399999:SHORT,TRUSTUSDT,fresh,Fresh_2026-10-01,0,BAD_A_LT_0P30,-0.12320310584499516,BE0.10,False,OUTSIDE_ALL,,,,OUTSIDE_ALL
PAPER:TRUTHUSDT:1791031799999:SHORT,TRUTHUSDT,fresh,Fresh_2026-10-03,3,BAD_A_LT_0P30,-0.15060469382574337,BE0.10,False,OUTSIDE_ALL,,,,OUTSIDE_ALL
PAPER:TURTLEUSDT:1791023999999:SHORT,TURTLEUSDT,fresh,Fresh_2026-10-03,1,BAD_B_0P30_0P50,-3.9896470536516797,HIST_TIME_FALLBACK,False,ONE_CONDITION_SHORT,,1,,A2
PAPER:VIRTUALUSDT:1790919599999:SHORT,VIRTUALUSDT,fresh,Fresh_2026-10-02,1,BAD_A_LT_0P30,-2.1975740151768255,HIST_TIME_FALLBACK,False,ONE_CONDITION_SHORT,1,,,A1
PAPER:VVVUSDT:1790996699999:SHORT,VVVUSDT,fresh,Fresh_2026-10-03,0,BAD_A_LT_0P30,-2.8483130468656936,HIST_TIME_FALLBACK,False,OUTSIDE_ALL,,,,OUTSIDE_ALL
PAPER:WETUSDT:1790864099999:SHORT,WETUSDT,fresh,Fresh_2026-10-01,3,BAD_A_LT_0P30,-0.03492228233859501,BE0.10,False,OUTSIDE_ALL,,,,OUTSIDE_ALL
PAPER:WLDUSDT:1790757299999:SHORT,WLDUSDT,research,Research_Discovery,0,BAD_A_LT_0P30,-3.5762907121375966,HIST_TIME_FALLBACK,False,ONE_CONDITION_SHORT,1,,,A1
PAPER:WLDUSDT:1790863499999:SHORT,WLDUSDT,fresh,Fresh_2026-10-01,3,BAD_B_0P30_0P50,-0.9501900380075836,HIST_TIME_FALLBACK,False,OUTSIDE_ALL,,,,OUTSIDE_ALL
PAPER:WLFIUSDT:1790804999999:SHORT,WLFIUSDT,research,Research_Reserve,2,BAD_B_0P30_0P50,-0.03288164504804292,BE0.10,False,OUTSIDE_ALL,,,,OUTSIDE_ALL
PAPER:XANUSDT:1790820299999:SHORT,XANUSDT,research,Research_Reserve,2,BAD_B_0P30_0P50,-2.736824202959218,HIST_TIME_FALLBACK,False,OUTSIDE_ALL,,,,OUTSIDE_ALL
PAPER:XANUSDT:1791008099999:SHORT,XANUSDT,fresh,Fresh_2026-10-03,2,BAD_B_0P30_0P50,-4.3790736386354165,HIST_TIME_FALLBACK,False,ZERO_K_SIGNAL,,,0,A3
PAPER:XMRUSDT:1790778899999:SHORT,XMRUSDT,research,Research_Discovery,2,BAD_B_0P30_0P50,-0.08502821241082537,BE0.10,False,ONE_CONDITION_SHORT,,1,,A2
PAPER:XNYUSDT:1790851199999:SHORT,XNYUSDT,fresh,Fresh_2026-10-01,1,BAD_B_0P30_0P50,2.13225778837565,FULL_CLOSE_050,False,ONE_CONDITION_SHORT,1,,,A1
PAPER:XPINUSDT:1790789699999:SHORT,XPINUSDT,research,Research_Validation,2,BAD_A_LT_0P30,-2.1321857641894573,HIST_TIME_FALLBACK,False,OUTSIDE_ALL,,,,OUTSIDE_ALL
PAPER:XPLUSDT:1790965199999:SHORT,XPLUSDT,fresh,Fresh_2026-10-02,2,BAD_A_LT_0P30,-1.3211827675222412,HIST_TIME_FALLBACK,False,OUTSIDE_ALL,,,,OUTSIDE_ALL
PAPER:XPLUSDT:1790976599999:SHORT,XPLUSDT,fresh,Fresh_2026-10-02,1,BAD_A_LT_0P30,-0.06529300556826434,BE0.10,False,ONE_CONDITION_SHORT,1,,,A1
PAPER:XTZUSDT:1790965199999:SHORT,XTZUSDT,fresh,Fresh_2026-10-02,1,BAD_A_LT_0P30,-1.2680155554920063,HIST_TIME_FALLBACK,False,OUTSIDE_ALL,,,,OUTSIDE_ALL
PAPER:YBUSDT:1790857199999:SHORT,YBUSDT,fresh,Fresh_2026-10-01,0,BAD_A_LT_0P30,-2.1934873757720053,HIST_TIME_FALLBACK,False,OUTSIDE_ALL,,,,OUTSIDE_ALL
PAPER:YGGUSDT:1791017999999:SHORT,YGGUSDT,fresh,Fresh_2026-10-03,1,BAD_B_0P30_0P50,-3.322584303590572,HIST_TIME_FALLBACK,False,OUTSIDE_ALL,,,,OUTSIDE_ALL
PAPER:ZAMAUSDT:1790781599999:SHORT,ZAMAUSDT,research,Research_Discovery,1,BAD_A_LT_0P30,-2.3798478571476576,HIST_TIME_FALLBACK,False,OUTSIDE_ALL,,,,OUTSIDE_ALL
PAPER:ZAMAUSDT:1790820299999:SHORT,ZAMAUSDT,research,Research_Reserve,0,BAD_A_LT_0P30,-2.815847474211391,HIST_TIME_FALLBACK,False,ONE_CONDITION_SHORT,1,,,A1
PAPER:ZECUSDT:1791036899999:SHORT,ZECUSDT,fresh,Fresh_2026-10-03,3,BAD_B_0P30_0P50,-0.0025704926567072794,BE0.10,False,ZERO_K_SIGNAL,,0,,A2
PAPER:ZENUSDT:1790839499999:SHORT,ZENUSDT,fresh,Fresh_2026-10-01,2,BAD_B_0P30_0P50,-6.499804118251591,HIST_TIME_FALLBACK,False,ONE_CONDITION_SHORT,,,1,A3
PAPER:ZESTUSDT:1790782499999:SHORT,ZESTUSDT,research,Research_Discovery,0,BAD_A_LT_0P30,-3.3740976303217503,HIST_TIME_FALLBACK,False,OUTSIDE_ALL,,,,OUTSIDE_ALL
PAPER:ZETAUSDT:1790971799999:SHORT,ZETAUSDT,fresh,Fresh_2026-10-02,2,BAD_A_LT_0P30,-0.8454233594730631,HIST_TIME_FALLBACK,False,OUTSIDE_ALL,,,,OUTSIDE_ALL
PAPER:ZKPUSDT:1790842499999:SHORT,ZKPUSDT,fresh,Fresh_2026-10-01,1,BAD_A_LT_0P30,-0.1265369075460105,BE0.10,False,ZERO_K_SIGNAL,,,0,A3
PAPER:ZKUSDT:1790842199999:SHORT,ZKUSDT,fresh,Fresh_2026-10-01,2,BAD_B_0P30_0P50,-5.598595749329737,HIST_TIME_FALLBACK,False,ZERO_K_SIGNAL,,,0,A3
PAPER:哈基米USDT:1790882699999:SHORT,哈基米USDT,fresh,Fresh_2026-10-01,3,BAD_B_0P30_0P50,-8.827183154927742,HIST_TIME_FALLBACK,False,OUTSIDE_ALL,,,,OUTSIDE_ALL
PAPER:我踏马来了USDT:1790903999999:SHORT,我踏马来了USDT,fresh,Fresh_2026-10-02,3,BAD_A_LT_0P30,-0.39531650985775557,BE0.10,False,OUTSIDE_ALL,,,,OUTSIDE_ALL
PAPER:牛来USDT:1790750399999:SHORT,牛来USDT,research,Research_Discovery,2,BAD_B_0P30_0P50,-1.9140394459944603,HIST_TIME_FALLBACK,False,OUTSIDE_ALL,,,,OUTSIDE_ALL
PAPER:牛来USDT:1790811299999:SHORT,牛来USDT,research,Research_Reserve,1,BAD_A_LT_0P30,-2.851529664018463,HIST_TIME_FALLBACK,False,ONE_CONDITION_SHORT,1,,1,A1+A3
PAPER:牛来USDT:1790828399999:SHORT,牛来USDT,fresh,Fresh_2026-10-01,3,BAD_A_LT_0P30,-1.8711669539291484,HIST_TIME_FALLBACK,False,ZERO_K_SIGNAL,,0,,A2
PAPER:牛来USDT:1790923199999:SHORT,牛来USDT,fresh,Fresh_2026-10-02,1,BAD_A_LT_0P30,-3.526308574025632,HIST_TIME_FALLBACK,False,ONE_CONDITION_SHORT,1,,,A1
PAPER:龙虾USDT:1791061499999:SHORT,龙虾USDT,fresh,Fresh_2026-10-03,1,BAD_B_0P30_0P50,1.8379322715442763,FULL_CLOSE_050,False,OUTSIDE_ALL,,,,OUTSIDE_ALL