feature,coverage,auc,separation,direction,bad_median,target_median,research_auc,fresh_auc,source_agree,block_agree,block_valid,auc_Research_Discovery,auc_Research_Validation,auc_Research_Reserve,auc_Fresh_2026-10-01,auc_Fresh_2026-10-02,auc_Fresh_2026-10-03
f_micro_distance_selected_extreme_30m,1.0,0.35358262427227943,0.6464173757277205,LOW_BAD,0.22672441214612193,0.3275916728310311,0.33635813672111314,0.3598849991544055,True,6,6,0.3504492939666239,0.3333333333333333,0.23809523809523808,0.3475033738191633,0.35822610294117646,0.3136645962732919
f_micro_side_ret_10m,1.0,0.40127630989699953,0.5987236901030004,LOW_BAD,1.1931077810871216,1.368301026225771,0.41560798548094374,0.3906223575173347,True,5,6,0.4313222079589217,0.4666666666666667,0.40476190476190477,0.2941970310391363,0.3938419117647059,0.5113871635610766
f_gate_side_ret_3m_pct,1.0,0.4092700403045231,0.5907299596954769,LOW_BAD,0.5999328564194717,0.7272727272727431,0.4337568058076225,0.40377135125993574,True,4,6,0.386392811296534,0.5333333333333333,0.5476190476190477,0.3272604588394062,0.4554227941176471,0.42028985507246375
f_gate_ret_3m_pct_raw,1.0,0.5907299596954769,0.5907299596954769,HIGH_BAD,-0.5999328564194717,-0.7272727272727431,0.5662431941923775,0.5962286487400643,True,4,6,0.613607188703466,0.4666666666666667,0.4523809523809524,0.6727395411605938,0.5445772058823529,0.5797101449275363
f_micro_side_ret_3m,1.0,0.41047917599641737,0.5895208240035826,LOW_BAD,0.6036351647533744,0.7243096423721007,0.4337568058076225,0.40537798072044645,True,4,6,0.386392811296534,0.5333333333333333,0.5476190476190477,0.3272604588394062,0.45588235294117646,0.42650103519668736
f_micro_side_ret_15m,1.0,0.419256605463502,0.5807433945364979,LOW_BAD,1.381815827186117,1.6064808458053026,0.42286751361161523,0.41620158971757143,True,5,6,0.4595635430038511,0.4,0.2619047619047619,0.2941970310391363,0.4443933823529412,0.567287784679089
f_ret_15m_pct_raw,1.0,0.5805194805194805,0.5805194805194805,HIGH_BAD,-1.3999565,-1.557864,0.5837870538415003,0.5799932352443768,True,5,6,0.5507060333761232,0.6,0.7142857142857143,0.7226720647773279,0.5528492647058824,0.41200828157349895
f_ret_15m_pct_for_selected,1.0,0.41948051948051945,0.5805194805194805,LOW_BAD,1.3999565,1.557864,0.4162129461584997,0.4200067647556232,True,5,6,0.4492939666238768,0.4,0.2857142857142857,0.2773279352226721,0.44715073529411764,0.587991718426501
f_gate_price_drift_pct,1.0,0.42102552619794,0.57897447380206,LOW_BAD,-0.01535672402486754,0.0,0.4791288566243194,0.4002198545577541,True,4,6,0.44801026957637996,0.38333333333333336,0.7023809523809523,0.391025641025641,0.3359375,0.5714285714285714
f_gate_side_adjusted_drift_pct,1.0,0.57897447380206,0.57897447380206,HIGH_BAD,0.01535672402486754,-0.0,0.5208711433756806,0.5997801454422459,True,4,6,0.55198973042362,0.6166666666666667,0.2976190476190476,0.6089743589743589,0.6640625,0.42857142857142855
f_new_overheat_pressure,1.0,0.4238692342140618,0.5761307657859382,LOW_BAD,5.709358173146328,6.87523677318658,0.3877797943133696,0.43404363267376966,True,5,6,0.41335044929396664,0.23333333333333334,0.38095238095238093,0.3265856950067476,0.5266544117647058,0.36231884057971014
f_f_coin_minus_market_15m,1.0,0.42691446484549933,0.5730855351545007,LOW_BAD,1.2469055567480236,1.3877628100242512,0.4494857834240774,0.41451040081177065,True,5,6,0.4865211810012837,0.36666666666666664,0.23809523809523808,0.286774628879892,0.421875,0.5590062111801242
f_f_relative_overextension_15m,1.0,0.42691446484549933,0.5730855351545007,LOW_BAD,1.2469055567480236,1.3877628100242512,0.4494857834240774,0.41451040081177065,True,5,6,0.4865211810012837,0.36666666666666664,0.23809523809523808,0.286774628879892,0.421875,0.5590062111801242
f_f_taker_selected_share_5m,1.0,0.5692789968652038,0.5692789968652038,HIGH_BAD,0.6786505808975618,0.665177640272536,0.647912885662432,0.5329781836631152,True,6,6,0.6007702182284981,0.7,0.6904761904761905,0.5526315789473685,0.5533088235294118,0.5031055900621118
f_f_taker_delta_selected_5m,1.0,0.5692789968652038,0.5692789968652038,HIGH_BAD,0.3573011617951237,0.3303552805450721,0.647912885662432,0.5329781836631152,True,6,6,0.6007702182284981,0.7,0.6904761904761905,0.5526315789473685,0.5533088235294118,0.5031055900621118
f_context_taker_buy_share,1.0,0.4323779668607255,0.5676220331392745,LOW_BAD,0.315082,0.330746,0.3811252268602541,0.45535261288685946,True,5,6,0.4146341463414634,0.3,0.4523809523809524,0.40620782726045884,0.4329044117647059,0.5134575569358178
f_context_taker_buy_sell_ratio,1.0,0.4323779668607255,0.5676220331392745,LOW_BAD,0.4600285,0.494201,0.3811252268602541,0.45535261288685946,True,5,6,0.4146341463414634,0.3,0.4523809523809524,0.40620782726045884,0.4329044117647059,0.5134575569358178
f_context_taker_share_for_selected,1.0,0.5676220331392745,0.5676220331392745,HIGH_BAD,0.6849179999999999,0.669254,0.6188747731397459,0.5446473871131405,True,5,6,0.5853658536585366,0.7,0.5476190476190477,0.5937921727395412,0.5670955882352942,0.4865424430641822
f_new_accel_15_vs_60,1.0,0.435423197492163,0.564576802507837,LOW_BAD,0.2814942083333333,0.34947908333333333,0.4591651542649728,0.4249957720277355,True,4,6,0.5109114249037228,0.4,0.2619047619047619,0.26450742240215924,0.47058823529411764,0.5900621118012422
f_context_regime_hh,1.0,0.5645096283027318,0.5645096283027318,HIGH_BAD,5.0,4.0,0.5232909860859044,0.5797395569085066,True,3,6,0.45057766367137353,0.7166666666666667,0.4523809523809524,0.4983130904183536,0.59765625,0.6956521739130435
f_ret_5m_pct_for_selected,1.0,0.4360501567398119,0.5639498432601882,LOW_BAD,1.0184250000000001,1.061417,0.39080459770114945,0.4536614239810587,True,5,6,0.39537869062901154,0.36666666666666664,0.4523809523809524,0.3083670715249663,0.5464154411764706,0.4782608695652174
f_ret_5m_pct_raw,1.0,0.563949843260188,0.563949843260188,HIGH_BAD,-1.0184250000000001,-1.061417,0.6091954022988506,0.5463385760189413,True,5,6,0.6046213093709885,0.6333333333333333,0.5476190476190477,0.6916329284750338,0.45358455882352944,0.5217391304347826
f_range_ratio,1.0,0.4373040752351097,0.5626959247648903,LOW_BAD,2.4956,2.5808,0.4089534180278282,0.4408083882969728,True,5,6,0.4159178433889602,0.26666666666666666,0.42857142857142855,0.41025641025641024,0.5119485294117647,0.2795031055900621
f_f_market_selected_ret_5m,1.0,0.5617107030900135,0.5617107030900135,HIGH_BAD,0.06838426152777077,0.03911351091851478,0.5562613430127041,0.5574581430745814,True,5,6,0.524390243902439,0.6666666666666666,0.8571428571428571,0.6703778677462888,0.5969669117647058,0.3995859213250518
f_f_market_dispersion_15m,1.0,0.43985669502910885,0.5601433049708912,LOW_BAD,0.07783142427890288,0.08241730695444295,0.4128856624319419,0.4530272281413834,True,4,6,0.42041078305519897,0.4666666666666667,0.6666666666666666,0.5354251012145749,0.47150735294117646,0.3498964803312629
f_f_eth_selected_ret_5m,1.0,0.5593372145096283,0.5593372145096283,HIGH_BAD,0.06814010354953548,0.035737839002891736,0.5635208711433757,0.560925080331473,True,5,6,0.5474967907573812,0.6666666666666666,0.8095238095238095,0.6636302294197031,0.578125,0.4306418219461698
f_f_market_aligned_fraction_5m,1.0,0.5592028660994178,0.5592028660994178,HIGH_BAD,1.0,0.75,0.6367211131276467,0.5275663791645527,True,5,6,0.6245186136071887,0.5333333333333333,0.8928571428571429,0.6234817813765182,0.5691636029411765,0.3944099378881988
f_micro_range_ratio_last_vs_prev10,1.0,0.4421854008060905,0.5578145991939095,LOW_BAD,1.3876996381086997,1.647039446594794,0.5226860254083484,0.4093522746490783,False,5,6,0.46983311938382544,0.3333333333333333,0.7619047619047619,0.4298245614035088,0.4177389705882353,0.39337474120082816
f_f_market_opposite_fraction_5m,1.0,0.44227496641289743,0.5577250335871026,LOW_BAD,0.0,0.0,0.3632788868723533,0.4745053272450533,True,5,6,0.3754813863928113,0.4666666666666667,0.10714285714285714,0.3765182186234818,0.4368106617647059,0.6066252587991718
f_micro_side_ret_30m,1.0,0.4433497536945813,0.5566502463054187,LOW_BAD,1.673852100398926,1.8867924528301883,0.5353901996370236,0.41298833079654995,False,3,6,0.55198973042362,0.5666666666666667,0.6190476190476191,0.38394062078272606,0.4296875,0.43685300207039335
f_f_selected_slope5_norm,1.0,0.4433497536945813,0.5566502463054187,LOW_BAD,0.20810283095965693,0.23305084743432444,0.37689050211736236,0.4643159140876036,True,3,6,0.31835686777920413,0.5,0.5476190476190477,0.3515519568151147,0.5454963235294118,0.4616977225672878
f_f_btc_selected_ret_5m,1.0,0.5566054635020152,0.5566054635020152,HIGH_BAD,0.05125218583459379,0.037123809093209115,0.5465819721718088,0.5547522408253002,True,5,6,0.5102695763799743,0.6666666666666666,0.9285714285714286,0.667004048582996,0.5795036764705882,0.4140786749482402
f_micro_reversal_pressure,1.0,0.44473802060008955,0.5552619793999105,LOW_BAD,29.678483828178393,35.39345352124304,0.38656987295825773,0.4596651445966514,True,5,6,0.4300385109114249,0.2,0.2857142857142857,0.39271255060728744,0.5096507352941176,0.4244306418219462
f_micro_range_ratio_3_vs_prev3,1.0,0.44482758620689655,0.5551724137931034,LOW_BAD,1.3196837559165377,1.536455932620961,0.5130066545674531,0.42338914256722476,False,5,6,0.4749679075738126,0.4666666666666667,0.5476190476190477,0.43859649122807015,0.42922794117647056,0.3581780538302277
f_f_coin_minus_market_5m,1.0,0.4450067174205105,0.5549932825794894,LOW_BAD,0.9541554504466587,0.9735687515347424,0.45069570477918935,0.4459665144596651,True,4,6,0.47753530166880614,0.36666666666666664,0.5,0.3232118758434548,0.515625,0.45962732919254656
f_micro_decay_3_vs_prev3,1.0,0.5531571876399463,0.5531571876399463,HIGH_BAD,-0.16544904226352686,-0.26849785010735205,0.484573502722323,0.5763571790969051,False,4,6,0.5288831835686778,0.36666666666666664,0.5,0.6072874493927125,0.5905330882352942,0.5031055900621118
f_f_coin_residual_15m_vs_btc,1.0,0.4491267353336319,0.5508732646663681,LOW_BAD,1.1715316834404854,1.2936410718944225,0.49364791288566245,0.4323524437679689,True,4,6,0.5340179717586649,0.36666666666666664,0.2857142857142857,0.29554655870445345,0.4820772058823529,0.525879917184265
f_new_score_x_activity_heat,1.0,0.44979847738468426,0.5502015226153157,LOW_BAD,2.667353305279291,3.0310181720966924,0.4821536600120992,0.4353120243531202,True,5,6,0.5224646983311938,0.23333333333333334,0.42857142857142855,0.41025641025641024,0.4977022058823529,0.3084886128364389
f_f_market_aligned_fraction_15m,1.0,0.5500223914017017,0.5500223914017017,HIGH_BAD,1.0,1.0,0.6119177253478524,0.5264671063757822,True,5,6,0.6341463414634146,0.45,0.7023809523809523,0.573549257759784,0.5569852941176471,0.5372670807453416
f_micro_volume_ratio_3_vs_prev3,1.0,0.45024630541871924,0.5497536945812808,LOW_BAD,1.993939818056103,2.68364611260024,0.499697519661222,0.4330289193302892,True,6,6,0.49293966623876767,0.4666666666666667,0.40476190476190477,0.44804318488529016,0.45174632352941174,0.3333333333333333
f_micro_side_ret_5m,1.0,0.4503358710255262,0.5496641289744738,LOW_BAD,1.0300648616469732,1.0309278350515538,0.42589231699939506,0.45941146626078133,True,4,6,0.43645699614890887,0.36666666666666664,0.5476190476190477,0.340080971659919,0.5418198529411765,0.4554865424430642
f_f_taker_selected_share_prev1m,1.0,0.5490819525302284,0.5490819525302284,HIGH_BAD,0.6548296689990942,0.6270924942654033,0.5402298850574713,0.5506511077287333,True,5,6,0.5186136071887034,0.8,0.35714285714285715,0.5317139001349528,0.5776654411764706,0.5548654244306418
f_micro_selected_taker_share_prev3m,1.0,0.5489476041200179,0.5489476041200179,HIGH_BAD,0.6624788916184154,0.634748669985433,0.5783424077434967,0.5383054287163876,True,5,6,0.582798459563543,0.4,0.5714285714285714,0.5236167341430499,0.5330882352941176,0.6356107660455487
f_f_taker_selected_share_prev3m,1.0,0.5489476041200179,0.5489476041200179,HIGH_BAD,0.6624788916184154,0.634748669985433,0.5783424077434967,0.5383054287163876,True,5,6,0.582798459563543,0.4,0.5714285714285714,0.5236167341430499,0.5330882352941176,0.6356107660455487
f_decision_hour_cos,1.0,0.548410210479176,0.548410210479176,HIGH_BAD,-0.10731251071536019,-0.2816437494372696,0.5952813067150635,0.5212667004904448,True,3,6,0.6020539152759948,0.4666666666666667,0.30952380952380953,0.5303643724696356,0.44347426470588236,0.6004140786749482
f_f_range_climax_fade_10m,1.0,0.5482534706672638,0.5482534706672638,HIGH_BAD,0.5741776581854672,0.49411824221383505,0.49788263762855417,0.5670133603923558,False,4,6,0.5070603337612324,0.6333333333333333,0.3333333333333333,0.5536437246963563,0.6116727941176471,0.4389233954451346
f_new_accel_5_vs_15,1.0,0.451858486341245,0.5481415136587551,LOW_BAD,0.5242658333333333,0.5576603333333332,0.36116152450090744,0.47750718755284965,True,4,6,0.34403080872913994,0.36666666666666664,0.5952380952380952,0.4271255060728745,0.5615808823529411,0.38509316770186336
f_new_gate_vs_5m_speed_ratio,1.0,0.45212718316166595,0.547872816838334,LOW_BAD,1.0237035269600363,1.0592753180613832,0.5214761040532365,0.42668696093353625,False,4,6,0.4544287548138639,0.7,0.6190476190476191,0.4089068825910931,0.4163602941176471,0.4554865424430642
f_new_flow_gap_context,1.0,0.4523063143752799,0.5476936856247201,LOW_BAD,0.0,0.0,0.41742286751361163,0.4663453407745645,True,5,6,0.4492939666238768,0.25,0.5,0.48144399460188936,0.4554227941176471,0.44824016563146996
f_micro_prev5_side_ret,1.0,0.4539408866995074,0.5460591133004926,LOW_BAD,0.18814739347140508,0.2491435689816246,0.515426497277677,0.4324370032132589,False,4,6,0.4852374839537869,0.6666666666666666,0.38095238095238093,0.3913630229419703,0.3635110294117647,0.6252587991718427
f_trades_ratio,1.0,0.45400806090461265,0.5459919390953873,LOW_BAD,2.6466000000000003,2.8452,0.5057471264367817,0.4307458143074581,False,4,6,0.5494223363286265,0.3333333333333333,0.5,0.4331983805668016,0.4664522058823529,0.3188405797101449
f_f_oi_unwind_with_selected_price,1.0,0.4549037169726825,0.5450962830273175,LOW_BAD,0.047041150064373996,0.07650543758286263,0.4337568058076225,0.46034162015897173,True,3,6,0.3684210526315789,0.6333333333333333,0.6190476190476191,0.41970310391363025,0.42003676470588236,0.639751552795031
f_new_activity_heat,1.0,0.45530676220331395,0.544693237796686,LOW_BAD,3.2132316967894203,3.566819347233078,0.4839685420447671,0.44334517165567394,True,5,6,0.5147625160462131,0.3,0.42857142857142855,0.45614035087719296,0.49494485294117646,0.2919254658385093
f_volume_ratio_signal,1.0,0.4562024182713838,0.5437975817286163,LOW_BAD,3.78145,4.374,0.5015124016938899,0.4330289193302892,False,5,6,0.5365853658536586,0.36666666666666664,0.40476190476190477,0.44871794871794873,0.47610294117647056,0.3167701863354037
f_context_volume_ratio,1.0,0.4562024182713838,0.5437975817286163,LOW_BAD,3.78145,4.374,0.5015124016938899,0.4330289193302892,False,5,6,0.5365853658536586,0.36666666666666664,0.40476190476190477,0.44871794871794873,0.47610294117647056,0.3167701863354037
f_context_regime_ema7,1.0,0.5434393193013882,0.5434393193013882,HIGH_BAD,0.1012463709085,0.077593356712,0.5907441016333939,0.5273549805513276,True,3,6,0.6193838254172015,0.5,0.42857142857142855,0.4740215924426451,0.5560661764705882,0.5320910973084886
f_latency_ai_execution_s,1.0,0.543193013882669,0.543193013882669,HIGH_BAD,6.7435,6.939,0.5517241379310345,0.5419837645865043,True,3,6,0.6495507060333762,0.16666666666666666,0.40476190476190477,0.5269905533063428,0.4586397058823529,0.5714285714285714
f_context_regime_ema20,1.0,0.5431706224809673,0.5431706224809673,HIGH_BAD,0.10005233095,0.078593834437,0.5895341802782819,0.5288770505665483,True,3,6,0.6181001283697047,0.5,0.42857142857142855,0.4740215924426451,0.5592830882352942,0.5217391304347826
f_context_regime_hl,1.0,0.4570756829377519,0.5429243170622481,LOW_BAD,3.0,3.0,0.4379915305505142,0.4658802638254693,True,3,6,0.4056482670089859,0.6166666666666667,0.34523809523809523,0.3815789473684211,0.5045955882352942,0.5424430641821946
f_f_coin_beta20_btc,1.0,0.5428123600537393,0.5428123600537393,HIGH_BAD,1.5613810446387615,1.441417763796843,0.5317604355716878,0.5461694571283613,True,5,6,0.5417201540436457,0.5333333333333333,0.4523809523809524,0.5256410256410257,0.5340073529411765,0.5383022774327122
f_f_oi_change_5m_pct,1.0,0.541603224361845,0.541603224361845,HIGH_BAD,-0.05746570582941812,-0.09447937362648817,0.5795523290986085,0.5290884491797734,True,4,6,0.6367137355584083,0.3333333333333333,0.5238095238095238,0.553306342780027,0.5592830882352942,0.3747412008281574
f_new_momentum_curvature,1.0,0.46032243618450513,0.5396775638154949,LOW_BAD,0.25571129166666673,0.29673341666666664,0.40955837870538414,0.47387113140537795,True,4,6,0.39666238767650835,0.3333333333333333,0.7380952380952381,0.49527665317139,0.5284926470588235,0.33747412008281574
f_gate_side_ret_1m_pct,1.0,0.4614420062695925,0.5385579937304075,LOW_BAD,0.13069465385451284,0.18801410105757643,0.5747126436781609,0.4179773380686623,False,3,6,0.5673940949935815,0.5666666666666667,0.5714285714285714,0.3893387314439946,0.45450367647058826,0.40476190476190477
f_gate_ret_1m_pct_raw,1.0,0.5385579937304075,0.5385579937304075,HIGH_BAD,-0.13069465385451284,-0.18801410105757643,0.42528735632183906,0.5820226619313378,False,3,6,0.4326059050064185,0.43333333333333335,0.42857142857142855,0.6106612685560054,0.5454963235294118,0.5952380952380952
f_f_taker_selected_share_prev5m,1.0,0.5383340797133901,0.5383340797133901,HIGH_BAD,0.5781468091561514,0.5624013868604132,0.6212946158499697,0.508625063419584,True,4,6,0.6251604621309371,0.5666666666666667,0.5714285714285714,0.49527665317139,0.42830882352941174,0.6811594202898551
f_f_taker_delta_selected_prev5m,1.0,0.5383340797133901,0.5383340797133901,HIGH_BAD,0.15629361831230276,0.12480277372082627,0.6212946158499697,0.508625063419584,True,4,6,0.6251604621309371,0.5666666666666667,0.5714285714285714,0.49527665317139,0.42830882352941174,0.6811594202898551
f_context_raw_oi_change_pct,1.0,0.46180026869682045,0.5381997313031796,LOW_BAD,-0.0518165,-0.007798,0.3914095583787054,0.48537121596482324,True,3,6,0.36713735558408217,0.26666666666666666,0.5714285714285714,0.5053981106612686,0.5533088235294118,0.2981366459627329
f_new_oi_per_price,1.0,0.4630541871921182,0.5369458128078818,LOW_BAD,-0.059859107520737614,-0.00593774836201321,0.37749546279491836,0.4937426010485371,True,3,6,0.3581514762516046,0.23333333333333334,0.5238095238095238,0.5188933873144399,0.5560661764705882,0.3084886128364389
f_micro_side_ret_1m,1.0,0.4632781012091357,0.5367218987908643,LOW_BAD,0.13069465385451284,0.18801410105757643,0.572897761645493,0.4204295619820734,False,3,6,0.5673940949935815,0.5666666666666667,0.5714285714285714,0.3900134952766532,0.45496323529411764,0.40993788819875776
f_score_gap_snapshot,1.0,0.5366771159874608,0.5366771159874608,HIGH_BAD,-84.655,-86.87,0.5169388989715669,0.5468882124133265,True,4,6,0.4595635430038511,0.8666666666666667,0.6428571428571429,0.6224696356275303,0.4733455882352941,0.5797101449275363
f_ret_1h_pct_raw,1.0,0.5364979847738468,0.5364979847738468,HIGH_BAD,-2.085667,-2.223816,0.5402298850574713,0.5367833587011669,True,4,6,0.527599486521181,0.7,0.4523809523809524,0.4676113360323887,0.5197610294117647,0.6086956521739131
f_f_market_selected_ret_3m,1.0,0.5351992834751456,0.5351992834751456,HIGH_BAD,0.03776251093856042,0.02997529493709572,0.5120992135511192,0.5407999323524437,True,5,6,0.5115532734274711,0.6666666666666666,0.5952380952380952,0.6022267206477733,0.6056985294117647,0.39751552795031053
f_f_oi_accel_5m_pct,1.0,0.5346171070309002,0.5346171070309002,HIGH_BAD,0.052643099564003704,0.013326233303612156,0.6388384754990926,0.49906984610180954,False,3,6,0.7265725288831836,0.36666666666666664,0.5238095238095238,0.4217273954116059,0.4834558823529412,0.5610766045548654
f_micro_range_contraction_after_impulse,1.0,0.533475145544111,0.533475145544111,HIGH_BAD,0.9004235843091818,0.7763167268952904,0.5287356321839081,0.5380940301031625,True,4,6,0.5083440308087291,0.7,0.42857142857142855,0.5276653171390013,0.5523897058823529,0.4699792960662526
f_decision_hour_sin,1.0,0.5330944917151814,0.5330944917151814,HIGH_BAD,-0.44921360627458645,-0.5772045763608415,0.6563823351482153,0.49598342634872317,False,2,6,0.6546854942233633,0.4,0.7380952380952381,0.4824561403508772,0.4632352941176471,0.4616977225672878
f_gate_reason_family_regime_neutral,1.0,0.46697268248992385,0.5330273175100761,LOW_BAD,0.0,0.0,0.4966727162734422,0.45636732623033993,True,4,6,0.46277278562259305,0.5833333333333334,0.6309523809523809,0.45715249662618085,0.47794117647058826,0.4420289855072464
f_new_heat_x_extension,1.0,0.4703090013434841,0.5296909986565159,LOW_BAD,13.846258463552175,15.585442860879956,0.4615849969751966,0.4687975646879756,True,4,6,0.5224646983311938,0.13333333333333333,0.40476190476190477,0.49460188933873145,0.5321691176470589,0.2836438923395445
f_micro_selected_taker_share_3m,1.0,0.529332736229288,0.529332736229288,HIGH_BAD,0.6577657337327053,0.6647307073921769,0.6382335148215366,0.49289700659563673,False,4,6,0.5750962772785623,0.6,0.7380952380952381,0.46356275303643724,0.515625,0.47619047619047616
f_f_taker_selected_share_3m,1.0,0.529332736229288,0.529332736229288,HIGH_BAD,0.6577657337327053,0.6647307073921769,0.6382335148215366,0.49289700659563673,False,4,6,0.5750962772785623,0.6,0.7380952380952381,0.46356275303643724,0.515625,0.47619047619047616
f_micro_price_flow_divergence,1.0,0.5283922973578146,0.5283922973578146,HIGH_BAD,0.0,0.0,0.5626134301270418,0.5167850498900727,True,5,6,0.5673940949935815,0.5,0.6190476190476191,0.5067476383265856,0.5248161764705882,0.5196687370600414
f_f_oi_change_15m_pct,1.0,0.5283027317510076,0.5283027317510076,HIGH_BAD,-0.10456485019151307,-0.1691315544755101,0.4633998790078645,0.5510739049551835,False,2,6,0.46983311938382544,0.3333333333333333,0.47619047619047616,0.6531713900134952,0.5739889705882353,0.34782608695652173
f_context_regime_ll,1.0,0.5280564263322884,0.5280564263322884,HIGH_BAD,3.0,3.0,0.48366606170598914,0.5451124640622358,False,3,6,0.45314505776636715,0.3333333333333333,0.75,0.6103238866396761,0.4921875,0.5403726708074534
f_new_gate_price_x_flow_gap,1.0,0.47232422749664127,0.5276757725033587,LOW_BAD,0.0,0.0,0.39806412583182094,0.4984779299847793,True,5,6,0.4056482670089859,0.4,0.36904761904761907,0.40553306342780027,0.6056985294117647,0.41511387163561075
f_f_two_bar_opposite_body,1.0,0.47232422749664127,0.5276757725033587,LOW_BAD,0.0,0.0,0.44646098003629764,0.4818197192626416,True,5,6,0.43774069319640563,0.4,0.5,0.4713225371120108,0.4866727941176471,0.46790890269151136
f_f_oi_accel_x_overheat,1.0,0.5275414240931482,0.5275414240931482,HIGH_BAD,0.17587483897536577,0.056117510514048605,0.6436781609195402,0.4857094537459834,False,2,6,0.7394094993581515,0.4,0.47619047619047616,0.4406207827260459,0.4664522058823529,0.505175983436853
f_f_market_selected_ret_1m,1.0,0.5249440214957456,0.5249440214957456,HIGH_BAD,0.011509705535506232,0.008248136424016117,0.5568663036902601,0.5070607136817182,True,4,6,0.5718870346598203,0.6333333333333333,0.42857142857142855,0.4591767881241565,0.5845588235294118,0.5196687370600414
f_context_regime_atr14,1.0,0.5246305418719212,0.5246305418719212,HIGH_BAD,0.0046655022265,0.005140021969,0.5659407138535996,0.5099357348215796,True,4,6,0.5860077021822849,0.5666666666666667,0.38095238095238093,0.45377867746288797,0.5294117647058824,0.5196687370600414
f_gate_ret1_opposite,1.0,0.47552619793999107,0.5244738020600089,LOW_BAD,0.0,0.0,0.4029038112522686,0.5021985455775411,False,4,6,0.3780487804878049,0.35,0.47619047619047616,0.5101214574898786,0.47518382352941174,0.5351966873706004
f_micro_trades_ratio_last_vs_prev10,1.0,0.47586206896551725,0.5241379310344827,LOW_BAD,1.8698062015428922,2.0603448275817664,0.4966727162734422,0.4667681380010147,True,4,6,0.4711168164313222,0.36666666666666664,0.6904761904761905,0.5141700404858299,0.4797794117647059,0.391304347826087
f_gate_ret1_aligned,1.0,0.5239140170174653,0.5239140170174653,HIGH_BAD,1.0,1.0,0.5980036297640653,0.495729748012853,False,3,6,0.6302952503209243,0.7,0.4523809523809524,0.4706477732793522,0.5321691176470589,0.4906832298136646
f_f_market_dispersion_5m,1.0,0.4762651141961487,0.5237348858038513,LOW_BAD,0.04766099360324759,0.04787592395310972,0.41954022988505746,0.5007187552849653,False,1,6,0.36649550706033374,0.6,0.6666666666666666,0.5347503373819164,0.5059742647058824,0.5383022774327122
f_f_last_body_opposite,1.0,0.4763322884012539,0.523667711598746,LOW_BAD,0.0,0.0,0.3956442831215971,0.5069761542364282,False,4,6,0.3780487804878049,0.35,0.47619047619047616,0.5232793522267206,0.48943014705882354,0.5072463768115942
f_context_regime_lh,1.0,0.47657859381997314,0.5234214061800269,LOW_BAD,19.0,20.0,0.4443436176648518,0.49340436326737697,True,4,6,0.4492939666238768,0.4,0.6071428571428571,0.5394736842105263,0.46139705882352944,0.4927536231884058
f_micro_taker_decay_3_vs_prev3,1.0,0.4766681594267801,0.5233318405732199,LOW_BAD,0.0092640138274801,0.02175652786111082,0.4882032667876588,0.47530864197530864,True,4,6,0.46598202824133506,0.6,0.4523809523809524,0.5020242914979757,0.47472426470588236,0.42028985507246375
f_f_taker_accel_3m,1.0,0.4766681594267801,0.5233318405732199,LOW_BAD,0.0092640138274801,0.02175652786111082,0.4882032667876588,0.47530864197530864,True,4,6,0.46598202824133506,0.6,0.4523809523809524,0.5020242914979757,0.47472426470588236,0.42028985507246375
f_f_taker_accel_1m,1.0,0.47693685624720106,0.5230631437527989,LOW_BAD,-0.027344303734033237,0.011677050693683855,0.5934664246823956,0.4339590732284796,False,3,6,0.5969191270860077,0.3,0.8809523809523809,0.5121457489878543,0.3318014705882353,0.494824016563147
f_gate_signal_age_s,1.0,0.5228616211374832,0.5228616211374832,HIGH_BAD,30.8335,27.98,0.47610405323653965,0.5359800439709116,False,4,6,0.42233632862644416,0.5666666666666667,0.5952380952380952,0.5958164642375169,0.5303308823529411,0.37267080745341613
f_micro_selected_body_last,1.0,0.5227272727272727,0.5227272727272727,HIGH_BAD,0.4523689516128988,0.44961240310078987,0.6019358741681791,0.4909521393539658,False,3,6,0.6392811296534018,0.7,0.42857142857142855,0.4649122807017544,0.5473345588235294,0.46790890269151136
f_micro_selected_taker_share_1m,1.0,0.5223018360949395,0.5223018360949395,HIGH_BAD,0.6583588102561178,0.6345990766565203,0.6430732002419842,0.4818197192626416,False,5,6,0.6367137355584083,0.5333333333333333,0.7380952380952381,0.5877192982456141,0.38143382352941174,0.5362318840579711
f_f_taker_selected_share_1m,1.0,0.5223018360949395,0.5223018360949395,HIGH_BAD,0.6583588102561178,0.6345990766565203,0.6430732002419842,0.4818197192626416,False,5,6,0.6367137355584083,0.5333333333333333,0.7380952380952381,0.5877192982456141,0.38143382352941174,0.5362318840579711
f_gate_aligned_micro_structure,1.0,0.4787057769816391,0.5212942230183609,LOW_BAD,0.0,0.0,0.5483968542044767,0.4529849484187384,False,3,6,0.5558408215661104,0.4666666666666667,0.6309523809523809,0.39946018893387314,0.5137867647058824,0.463768115942029
f_gate_impulse_concentration_ratio,1.0,0.4789968652037618,0.5210031347962383,LOW_BAD,0.32159749093129597,0.3699264461600898,0.5117967332123412,0.46397767630644343,False,4,6,0.5327342747111682,0.5,0.47619047619047616,0.4682860998650472,0.4763327205882353,0.4772256728778468
f_gate_taker_opposite,1.0,0.5202418271383789,0.5202418271383789,HIGH_BAD,0.0,0.0,0.43859649122807015,0.5494672754946728,False,2,6,0.43902439024390244,0.4,0.5,0.45951417004048584,0.6351102941176471,0.5134575569358178
f_gate_reason_family_flow_opposite,1.0,0.5202418271383789,0.5202418271383789,HIGH_BAD,0.0,0.0,0.43859649122807015,0.5494672754946728,False,2,6,0.43902439024390244,0.4,0.5,0.45951417004048584,0.6351102941176471,0.5134575569358178
f_new_positioning_support,1.0,0.4797805642633229,0.5202194357366772,LOW_BAD,1.0,1.0,0.45946763460375073,0.4861322509724336,True,5,6,0.4884467265725289,0.48333333333333334,0.38095238095238093,0.48110661268556004,0.5009191176470589,0.4906832298136646
f_gate_reason_family_positioning_neutral,1.0,0.5202194357366771,0.5202194357366771,HIGH_BAD,0.0,0.0,0.5405323653962493,0.5138677490275664,True,5,6,0.5115532734274711,0.5166666666666667,0.6190476190476191,0.5188933873144399,0.4990808823529412,0.5093167701863354
f_gate_opposing_family_count,1.0,0.5198611733094491,0.5198611733094491,HIGH_BAD,0.0,0.0,0.4863883847549909,0.5339506172839507,False,3,6,0.5205391527599487,0.35,0.2976190476190476,0.460863697705803,0.5652573529411765,0.6014492753623188
f_latency_ai_queue_s,1.0,0.5196372592924317,0.5196372592924317,HIGH_BAD,6.7065,5.555,0.4984875983061101,0.5292575680703535,False,4,6,0.4338896020539153,0.7666666666666667,0.7619047619047619,0.6052631578947368,0.5625,0.37577639751552794
f_context_breakdown_down_pct,1.0,0.48038513210927003,0.51961486789073,LOW_BAD,0.4872905,0.490925,0.5493042952208107,0.45598680872653474,False,3,6,0.5596919127086007,0.36666666666666664,0.6666666666666666,0.4817813765182186,0.5009191176470589,0.36853002070393376
f_micro_volume_climax_then_fade,1.0,0.5193685624720108,0.5193685624720108,HIGH_BAD,3.3674714796543856,2.591198795285152,0.5396249243799153,0.5122611195670557,True,3,6,0.5231065468549422,0.7,0.47619047619047616,0.5489203778677463,0.49080882352941174,0.43685300207039335
f_gate_closed_1m_count,1.0,0.4808553515450067,0.5191446484549933,LOW_BAD,7.0,7.0,0.4470659407138536,0.49386944021647217,True,4,6,0.45314505776636715,0.5,0.3333333333333333,0.49291497975708504,0.4788602941176471,0.5196687370600414
f_f_oi_crowding_x_overheat,1.0,0.5187192118226601,0.5187192118226601,HIGH_BAD,0.0,0.0,0.45674531155474896,0.541349568746829,False,2,6,0.49293966623876767,0.3,0.42857142857142855,0.6234817813765182,0.5620404411764706,0.39026915113871635
f_f_volume_climax_fade_10m,1.0,0.5180474697716076,0.5180474697716076,HIGH_BAD,0.6862906878511337,0.6023522023506229,0.4954627949183303,0.5267207847116523,False,4,6,0.4993581514762516,0.6333333333333333,0.38095238095238093,0.5226045883940621,0.5289522058823529,0.5124223602484472
f_f_oi_crowding_with_selected_price,1.0,0.5178235557545903,0.5178235557545903,HIGH_BAD,0.0,0.0,0.46098003629764067,0.539066463723998,False,2,6,0.4865211810012837,0.3,0.42857142857142855,0.6221322537112011,0.5602022058823529,0.38819875776397517
f_latency_stage11c_s,1.0,0.48226600985221674,0.5177339901477833,LOW_BAD,0.123,0.122,0.4298245614035088,0.49991544055470993,True,4,6,0.45314505776636715,0.06666666666666667,0.6190476190476191,0.4993252361673414,0.49885110294117646,0.55175983436853
f_f_oi_prev_change_5m_pct,1.0,0.5177339901477832,0.5177339901477832,HIGH_BAD,-0.04379819050328582,-0.06914497135841469,0.36358136721113127,0.5515812616269238,False,2,6,0.3247753530166881,0.5,0.42857142857142855,0.6430499325236168,0.5873161764705882,0.38716356107660455
f_gate_taker_buy_share_1m,1.0,0.48231079265562027,0.5176892073443797,LOW_BAD,0.34164118974388236,0.36502615390170207,0.3702359346642468,0.5200405885337392,False,5,6,0.38382541720154045,0.4666666666666667,0.2619047619047619,0.41228070175438597,0.6208639705882353,0.4658385093167702
f_gate_taker_share_for_selected,1.0,0.5176892073443797,0.5176892073443797,HIGH_BAD,0.6583588102561178,0.6349738460982979,0.6297640653357531,0.47995941146626075,False,5,6,0.6161745827984596,0.5333333333333333,0.7380952380952381,0.5877192982456141,0.3791360294117647,0.5341614906832298
f_gate_reason_family_regime_aligned,1.0,0.5175548589341693,0.5175548589341693,HIGH_BAD,0.0,0.0,0.47973381730187536,0.5317520717064096,False,3,6,0.4890885750962773,0.4666666666666667,0.5714285714285714,0.541497975708502,0.5625,0.41200828157349895
f_gate_reason_family_positioning_supportive,1.0,0.4828705776981639,0.5171294223018361,LOW_BAD,0.0,0.0,0.5060496067755595,0.4722222222222222,False,3,6,0.5378690629011553,0.5166666666666667,0.40476190476190477,0.41869095816464236,0.46139705882352944,0.5683229813664596
f_gate_reason_positioning_unwind_supportive_not_fresh,1.0,0.4828705776981639,0.5171294223018361,LOW_BAD,0.0,0.0,0.5060496067755595,0.4722222222222222,False,3,6,0.5378690629011553,0.5166666666666667,0.40476190476190477,0.41869095816464236,0.46139705882352944,0.5683229813664596
f_new_price_x_flow_gap,1.0,0.4832512315270936,0.5167487684729064,LOW_BAD,0.0,0.0,0.39503932244404116,0.5142905462540166,False,5,6,0.4030808729139923,0.4,0.36904761904761907,0.41632928475033737,0.6162683823529411,0.4358178053830228
f_context_breakdown,1.0,0.48336318853560234,0.5166368114643977,LOW_BAD,1.0,1.0,0.5275257108287962,0.4669795366142398,False,2,6,0.5288831835686778,0.5,0.5,0.5074224021592443,0.45128676470588236,0.4409937888198758
f_new_heat_x_flow_gap,1.0,0.48414688759516344,0.5158531124048366,LOW_BAD,0.0,0.0,0.3992740471869328,0.5140368679181465,False,5,6,0.40051347881899874,0.4,0.4166666666666667,0.4244264507422402,0.6139705882352942,0.42339544513457555
f_gate_reason_family_regime_opposite,1.0,0.5154724585759068,0.5154724585759068,HIGH_BAD,0.0,0.0,0.5235934664246824,0.5118806020632505,True,3,6,0.5481386392811296,0.45,0.2976190476190476,0.5013495276653172,0.45955882352941174,0.6459627329192547
f_gate_reason_counter_regime_entry,1.0,0.5154724585759068,0.5154724585759068,HIGH_BAD,0.0,0.0,0.5235934664246824,0.5118806020632505,True,3,6,0.5481386392811296,0.45,0.2976190476190476,0.5013495276653172,0.45955882352941174,0.6459627329192547
f_f_failed_selected_extreme,1.0,0.515450067174205,0.515450067174205,HIGH_BAD,0.0,0.0,0.5048396854204477,0.5194909521393539,True,4,6,0.5154043645699615,0.5833333333333334,0.38095238095238093,0.5394736842105263,0.5119485294117647,0.4772256728778468
f_new_flow_support,1.0,0.4852216748768473,0.5147783251231527,LOW_BAD,1.0,1.0,0.5837870538415003,0.4498562489430069,False,1,6,0.5744544287548139,0.5166666666666667,0.6666666666666666,0.5404858299595142,0.3407628676470588,0.5434782608695652
f_context_quote_volume_24h,1.0,0.5141961486789073,0.5141961486789073,HIGH_BAD,14281914.259475,13027036.47218,0.49304295220810646,0.5186030779638086,False,2,6,0.49293966623876767,0.6,0.2619047619047619,0.45546558704453444,0.4931066176470588,0.6708074534161491
f_ret_24h_pct_for_selected,1.0,0.4859158083296014,0.5140841916703986,LOW_BAD,1.797,2.216,0.631578947368421,0.4299847792998478,False,2,6,0.6636713735558408,0.7333333333333333,0.5238095238095238,0.5155195681511471,0.4703584558823529,0.28778467908902694
f_ret_24h_pct_raw,1.0,0.5140841916703985,0.5140841916703985,HIGH_BAD,-1.797,-2.216,0.3684210526315789,0.5700152207001522,False,2,6,0.3363286264441592,0.26666666666666666,0.47619047619047616,0.4844804318488529,0.5296415441176471,0.7122153209109731
f_micro_selected_clv_last,1.0,0.5138154948499776,0.5138154948499776,HIGH_BAD,0.6666666666666715,0.6666666666666281,0.5783424077434967,0.4856248943006934,False,4,6,0.5834403080872914,0.55,0.6190476190476191,0.45681511470985153,0.5978860294117647,0.29606625258799174
f_new_micro_accel_1_vs_3,1.0,0.4863412449619346,0.5136587550380654,LOW_BAD,-0.044176293094009646,-0.017751088097739398,0.6013309134906231,0.4443598849991544,False,4,6,0.6469833119383825,0.4666666666666667,0.6190476190476191,0.4318488529014845,0.4572610294117647,0.4161490683229814
f_new_extension_60m_norm,1.0,0.5123152709359606,0.5123152709359606,HIGH_BAD,0.8182957387199494,0.7826501531974509,0.5245009074410163,0.5047353289362422,True,3,6,0.55198973042362,0.06666666666666667,0.5714285714285714,0.713225371120108,0.46829044117647056,0.2546583850931677
f_micro_close_z_20,1.0,0.4880877742946709,0.5119122257053291,LOW_BAD,2.134558347512143,2.138603011320605,0.47610405323653965,0.49289700659563673,True,3,6,0.4338896020539153,0.5666666666666667,0.6428571428571429,0.49460188933873145,0.5059742647058824,0.4616977225672878
f_new_flow_gap_gate,1.0,0.48826690550828483,0.5117330944917151,LOW_BAD,0.0,0.0,0.4010889292196007,0.5197869101978692,False,5,6,0.4069319640564827,0.4,0.36904761904761907,0.4284750337381916,0.6176470588235294,0.44616977225672877
f_gate_taker_aligned,1.0,0.48849081952530227,0.5115091804746977,LOW_BAD,1.0,1.0,0.5795523290986085,0.4559445290038897,False,2,6,0.5712451861360719,0.48333333333333334,0.6666666666666666,0.5337381916329285,0.3474264705882353,0.5600414078674948
f_gate_reason_family_flow_aligned,1.0,0.48849081952530227,0.5115091804746977,LOW_BAD,1.0,1.0,0.5795523290986085,0.4559445290038897,False,2,6,0.5712451861360719,0.48333333333333334,0.6666666666666666,0.5337381916329285,0.3474264705882353,0.5600414078674948
f_f_market_aligned_fraction_1m,1.0,0.510949395432154,0.510949395432154,HIGH_BAD,0.625,0.5,0.543557168784029,0.4982665313715542,False,4,6,0.5577663671373556,0.5,0.5119047619047619,0.4473684210526316,0.5744485294117647,0.5362318840579711
f_new_micro_ratio_1_vs_3,1.0,0.4896551724137931,0.5103448275862069,LOW_BAD,0.7989269920844887,0.9393099105195898,0.604355716878403,0.44731946558430574,False,3,6,0.6495507060333762,0.5,0.5476190476190477,0.41970310391363025,0.47794117647058826,0.4420289855072464
f_micro_volume_ratio_last_vs_prev10,1.0,0.4897447380206001,0.5102552619793999,LOW_BAD,2.5019528958777775,2.6489390932680417,0.5474894131881428,0.4681210891256553,False,2,6,0.5288831835686778,0.4,0.6666666666666666,0.5188933873144399,0.5068933823529411,0.3167701863354037
f_gate_positioning_oi_change_pct,1.0,0.5100313479623825,0.5100313479623825,HIGH_BAD,-0.016855119323067047,-0.010817658312456402,0.44888082274652147,0.5323017081007949,False,3,6,0.4159178433889602,0.43333333333333335,0.5476190476190477,0.5897435897435898,0.5625,0.40993788819875776
f_new_extension_15m_norm,1.0,0.490103000447828,0.509896999552172,LOW_BAD,2.1355212797770795,2.0926740107264434,0.5226860254083484,0.47623879587349904,False,4,6,0.5905006418485238,0.13333333333333333,0.30952380952380953,0.5033738191632928,0.4977022058823529,0.35403726708074534
f_f_structure_reversal_score,1.0,0.5096730855351544,0.5096730855351544,HIGH_BAD,0.27433430063743114,0.19867967958651034,0.46551724137931033,0.523761204126501,False,2,6,0.47753530166880614,0.38333333333333336,0.4523809523809524,0.5526315789473685,0.5153952205882353,0.4420289855072464
f_micro_consecutive_selected_bars,1.0,0.490461262875056,0.509538737124944,LOW_BAD,2.0,2.0,0.5707803992740472,0.45793167596820566,False,3,6,0.5943517329910141,0.6166666666666667,0.5357142857142857,0.41936572199730093,0.48874080882352944,0.4855072463768116
f_gate_reason_family_flow_neutral,1.0,0.4912673533363189,0.5087326466636811,LOW_BAD,0.0,0.0,0.48185117967332125,0.4945881955014375,True,3,6,0.48973042362002567,0.6166666666666667,0.3333333333333333,0.5067476383265856,0.5174632352941176,0.42650103519668736
f_context_funding_rate,1.0,0.5086878638602776,0.5086878638602776,HIGH_BAD,5e-05,5e-05,0.5214761040532365,0.5044393708777271,True,4,6,0.5442875481386393,0.2,0.5952380952380952,0.5033738191632928,0.5147058823529411,0.4906832298136646
f_f_market_selected_ret_15m,1.0,0.4925660546350202,0.5074339453649799,LOW_BAD,0.09402619218795982,0.09720406868209408,0.500604960677556,0.49074074074074076,False,2,6,0.4871630295250321,0.5666666666666667,0.7142857142857143,0.5354251012145749,0.5459558823529411,0.47619047619047616
f_gate_soft_chase,1.0,0.49261083743842365,0.5073891625615763,LOW_BAD,0.0,0.0,0.5,0.4897260273972603,False,3,6,0.5,0.5,0.5,0.49122807017543857,0.49264705882352944,0.47619047619047616
f_new_continuation_support,1.0,0.49332736229287955,0.5066726377071205,LOW_BAD,0.5867047081597092,0.6028914943655271,0.5359951603145795,0.47319465584305764,False,2,6,0.5147625160462131,0.5,0.8333333333333334,0.5931174089068826,0.3952205882352941,0.4409937888198758
f_return_expansion_ratio,1.0,0.49368562472010746,0.5063143752798925,LOW_BAD,4.4321,4.4195,0.45614035087719296,0.5031286994757315,False,3,6,0.5237483953786907,0.03333333333333333,0.4523809523809524,0.5452091767881242,0.5634191176470589,0.2857142857142857
f_new_extension_5m_norm,1.0,0.49368562472010746,0.5063143752798925,LOW_BAD,4.432038345876419,4.41948480701983,0.45614035087719296,0.5031286994757315,False,3,6,0.5237483953786907,0.03333333333333333,0.4523809523809524,0.5452091767881242,0.5634191176470589,0.2857142857142857
f_new_family_balance,1.0,0.4944469323779669,0.5055530676220331,LOW_BAD,2.0,2.0,0.5063520871143375,0.48989514628784037,False,3,6,0.4878048780487805,0.5333333333333333,0.7976190476190477,0.6035762483130904,0.4416360294117647,0.40372670807453415
f_context_failed_breakout,1.0,0.49469323779668606,0.5053067622033139,LOW_BAD,0.0,0.0,0.4824561403508772,0.4993235244376797,True,3,6,0.5,0.4,0.5,0.49122807017543857,0.49264705882352944,0.5217391304347826
f_gate_aligned_family_count,1.0,0.5051724137931034,0.5051724137931034,HIGH_BAD,2.0,2.0,0.5048396854204477,0.5058768814476577,True,2,6,0.49743260590500643,0.48333333333333334,0.6785714285714286,0.6086369770580297,0.4632352941176471,0.43167701863354035
f_f_taker_accel_5m,1.0,0.4949395432154053,0.5050604567845947,LOW_BAD,0.07682957902542131,0.10169211647863585,0.45251058681185724,0.5090478606460341,False,2,6,0.4454428754813864,0.6,0.5,0.5290148448043185,0.5928308823529411,0.3333333333333333
f_f_taker_delta_decay_5m,1.0,0.4949395432154053,0.5050604567845947,LOW_BAD,0.15365915805084251,0.2033842329572716,0.45251058681185724,0.5090478606460341,False,2,6,0.4454428754813864,0.6,0.5,0.5290148448043185,0.5928308823529411,0.3333333333333333
f_gate_concentrated_impulse,1.0,0.4960143304970891,0.5039856695029109,LOW_BAD,0.0,0.0,0.49939503932244406,0.4952223913411128,True,2,6,0.5038510911424904,0.5,0.5,0.49291497975708504,0.5082720588235294,0.47619047619047616
f_gate_reason_family_positioning_aligned,1.0,0.496909986565159,0.503090013434841,LOW_BAD,0.0,0.0,0.4534180278281912,0.5139100287502114,False,4,6,0.45057766367137353,0.4666666666666667,0.47619047619047616,0.5624156545209177,0.5395220588235294,0.422360248447205
f_micro_prev3_side_ret,1.0,0.49722346618898344,0.5027765338110166,LOW_BAD,0.4224436795838782,0.3922423185879209,0.45493042952208107,0.5163199729409775,False,5,6,0.48267008985879334,0.4,0.38095238095238093,0.47300944669365724,0.5845588235294118,0.463768115942029
f_micro_rejection_wick_last,1.0,0.5026645768025079,0.5026645768025079,HIGH_BAD,0.3056318681318615,0.30357142857142444,0.4897156684815487,0.5080754270251987,False,3,6,0.5186136071887034,0.48333333333333334,0.38095238095238093,0.5536437246963563,0.3897058823529412,0.6614906832298136
f_new_heat_x_micro_fade,1.0,0.4973578145991939,0.5026421854008061,LOW_BAD,0.14947217709283073,0.06593256622960778,0.3932244404113733,0.534796211736851,False,2,6,0.3356867779204108,0.5333333333333333,0.4523809523809524,0.5114709851551957,0.5503216911764706,0.5320910973084886
f_f_market_selected_ret_30m,1.0,0.5021943573667712,0.5021943573667712,HIGH_BAD,0.10465041971122468,0.12990890645176445,0.48729582577132485,0.5076526297987485,False,5,6,0.47560975609756095,0.6,0.5714285714285714,0.5280026990553306,0.5454963235294118,0.5507246376811594
f_new_volume_over_range,1.0,0.4980743394536498,0.5019256605463502,LOW_BAD,1.6273619331160907,1.5412284332101787,0.5825771324863884,0.46854388635210553,False,3,6,0.62002567394095,0.5333333333333333,0.47619047619047616,0.5033738191632928,0.4875919117647059,0.39544513457556935
f_micro_decay_5_vs_prev5,1.0,0.4982534706672638,0.5017465293327362,LOW_BAD,-0.7620870135613411,-0.7627187627187504,0.5214761040532365,0.4909521393539658,False,4,6,0.4878048780487805,0.6666666666666666,0.40476190476190477,0.4824561403508772,0.42049632352941174,0.629399585921325
f_context_volume_confirmed,1.0,0.5015226153157187,0.5015226153157187,HIGH_BAD,1.0,1.0,0.5093768905021173,0.49792829359039403,False,1,6,0.5083440308087291,0.5,0.5,0.48954116059379216,0.4990808823529412,0.5
f_new_regime_support,1.0,0.5015226153157187,0.5015226153157187,HIGH_BAD,0.0,0.0,0.46975196612220205,0.513148993742601,False,3,6,0.4621309370988447,0.5,0.7142857142857143,0.5310391363022942,0.5643382352941176,0.35507246376811596
f_new_trades_over_range,1.0,0.5009852216748768,0.5009852216748768,HIGH_BAD,1.011220896438963,1.0402412061923307,0.6067755595886267,0.46169457128361235,False,2,6,0.675224646983312,0.4666666666666667,0.5238095238095238,0.46153846153846156,0.4710477941176471,0.4306418219461698
f_directional_persistence,1.0,0.4990595611285266,0.5009404388714733,LOW_BAD,1.0,1.0,0.5178463399879008,0.4917554540842212,False,3,6,0.524390243902439,0.43333333333333335,0.5,0.47908232118758437,0.484375,0.5238095238095238
f_f_oi_change_30m_pct,1.0,0.5006269592476489,0.5006269592476489,HIGH_BAD,-0.1348868628109734,-0.15316370378894995,0.4379915305505142,0.5228310502283106,False,2,6,0.45186136071887034,0.26666666666666666,0.35714285714285715,0.5944669365721997,0.5675551470588235,0.3002070393374741
f_gate_approval_age_s,1.0,0.5005150022391401,0.5005150022391401,HIGH_BAD,7.922499999999999,7.962,0.44646098003629764,0.5203788263148994,False,2,6,0.5173299101412067,0.13333333333333333,0.3333333333333333,0.5188933873144399,0.48575367647058826,0.40165631469979296
f_is_moving,1.0,0.5,0.5,LOW_BAD,1.0,1.0,0.5,0.5,False,0,6,0.5,0.5,0.5,0.5,0.5,0.5
f_context_breakout,1.0,0.5,0.5,LOW_BAD,0.0,0.0,0.5,0.5,False,0,6,0.5,0.5,0.5,0.5,0.5,0.5
f_context_failed_breakdown,1.0,0.5,0.5,LOW_BAD,0.0,0.0,0.5,0.5,False,0,6,0.5,0.5,0.5,0.5,0.5,0.5
f_context_breakout_up_pct,1.0,0.5,0.5,LOW_BAD,0.0,0.0,0.5,0.5,False,0,6,0.5,0.5,0.5,0.5,0.5,0.5
f_gate_soft_chase_threshold_pct,1.0,0.5,0.5,LOW_BAD,0.5,0.5,0.5,0.5,False,0,6,0.5,0.5,0.5,0.5,0.5,0.5
f_gate_ret3_aligned,1.0,0.5,0.5,LOW_BAD,1.0,1.0,0.5,0.5,False,0,6,0.5,0.5,0.5,0.5,0.5,0.5
f_gate_ret3_opposite,1.0,0.5,0.5,LOW_BAD,0.0,0.0,0.5,0.5,False,0,6,0.5,0.5,0.5,0.5,0.5,0.5
f_gate_opposite_micro_structure,1.0,0.5,0.5,LOW_BAD,0.0,0.0,0.5,0.5,False,0,6,0.5,0.5,0.5,0.5,0.5,0.5
f_gate_near_entry_support,1.0,0.5,0.5,LOW_BAD,1.0,1.0,0.5,0.5,False,0,6,0.5,0.5,0.5,0.5,0.5,0.5
f_gate_reason_family_price_structure_aligned,1.0,0.5,0.5,LOW_BAD,1.0,1.0,0.5,0.5,False,0,6,0.5,0.5,0.5,0.5,0.5,0.5
f_micro_bar_count,1.0,0.5,0.5,LOW_BAD,30.0,30.0,0.5,0.5,False,0,6,0.5,0.5,0.5,0.5,0.5,0.5
f_f_opposite_break_prior3,1.0,0.5,0.5,LOW_BAD,0.0,0.0,0.5,0.5,False,0,6,0.5,0.5,0.5,0.5,0.5,0.5
f_f_opposite_break_prior5,1.0,0.5,0.5,LOW_BAD,0.0,0.0,0.5,0.5,False,0,6,0.5,0.5,0.5,0.5,0.5,0.5