position_id,symbol,source,block,mfe_bucket,strong,B1_30M_PROXIMITY_STALL,B2_WEAK_PRESSURE_DRIFT_STALL,family_union,executable,pnl,reason
PAPER:FLUIDUSDT:1790777999999:SHORT,FLUIDUSDT,research,Research_Discovery,TARGET_GE_1P00,True,False,False,False,True,1.0819149283171636,FULL_CLOSE_050
PAPER:INITUSDT:1790840999999:SHORT,INITUSDT,fresh,Fresh_2026-10-01,GRAY_0P50_1P00,False,False,True,True,False,,
PAPER:AVAAIUSDT:1791036599999:SHORT,AVAAIUSDT,fresh,Fresh_2026-10-03,GRAY_0P50_1P00,False,False,False,False,True,1.461428089844492,FULL_CLOSE_050
PAPER:SOONUSDT:1790989199999:SHORT,SOONUSDT,fresh,Fresh_2026-10-03,TARGET_GE_1P00,True,False,True,True,True,2.4486094598061987,FULL_CLOSE_050
PAPER:USUSDT:1790954999999:SHORT,USUSDT,fresh,Fresh_2026-10-02,TARGET_GE_1P00,True,False,True,True,False,,
PAPER:ONEUSDT:1790966399999:SHORT,ONEUSDT,fresh,Fresh_2026-10-02,TARGET_GE_1P00,False,False,False,False,True,-2.856677578191415,HIST_TIME_FALLBACK
PAPER:SYRUPUSDT:1790781599999:SHORT,SYRUPUSDT,research,Research_Discovery,BAD_B_0P30_0P50,False,False,True,True,True,-0.08678583600488882,BE0.10
PAPER:THEUSDT:1790805599999:SHORT,THEUSDT,research,Research_Reserve,GRAY_0P50_1P00,False,False,True,True,True,-0.016032125380005813,BE0.10
PAPER:STARUSDT:1790958599999:SHORT,STARUSDT,fresh,Fresh_2026-10-02,GRAY_0P50_1P00,False,False,False,False,True,-1.5105876758896017,HIST_TIME_FALLBACK
PAPER:ZKCUSDT:1790903699999:SHORT,ZKCUSDT,fresh,Fresh_2026-10-02,GRAY_0P50_1P00,False,True,False,True,True,1.024236465622565,FULL_CLOSE_050
PAPER:YGGUSDT:1790965199999:SHORT,YGGUSDT,fresh,Fresh_2026-10-02,TARGET_GE_1P00,True,False,False,False,True,1.072707497046878,FULL_CLOSE_050
PAPER:HEIUSDT:1790867999999:SHORT,HEIUSDT,fresh,Fresh_2026-10-01,GRAY_0P50_1P00,False,False,False,False,True,-3.3788567282189135,HIST_TIME_FALLBACK
PAPER:MARSCOINUSDT:1790859899999:SHORT,MARSCOINUSDT,fresh,Fresh_2026-10-01,GRAY_0P50_1P00,False,True,False,True,True,-0.01600223934005135,BE0.10
PAPER:PONSUSDT:1790950199999:SHORT,PONSUSDT,fresh,Fresh_2026-10-02,GRAY_0P50_1P00,False,True,False,True,True,-0.08646750918441459,BE0.10
PAPER:SAGAUSDT:1790918399999:SHORT,SAGAUSDT,fresh,Fresh_2026-10-02,TARGET_GE_1P00,True,False,True,True,True,3.075344260649532,FULL_CLOSE_050
PAPER:PLAYUSDT:1790684699999:SHORT,PLAYUSDT,research,Research_Discovery,TARGET_GE_1P00,True,True,False,True,True,2.331194360799401,FULL_CLOSE_050
PAPER:RIVERUSDT:1791034799999:SHORT,RIVERUSDT,fresh,Fresh_2026-10-03,TARGET_GE_1P00,True,True,False,True,True,1.1762976002167467,FULL_CLOSE_050
PAPER:VIRTUALUSDT:1790966099999:SHORT,VIRTUALUSDT,fresh,Fresh_2026-10-02,BAD_A_LT_0P30,False,True,False,True,False,,
PAPER:STRKUSDT:1790751899999:SHORT,STRKUSDT,research,Research_Discovery,GRAY_0P50_1P00,False,True,False,True,True,0.9895539776398392,FULL_CLOSE_050
PAPER:PENGUUSDT:1790839199999:SHORT,PENGUUSDT,fresh,Fresh_2026-10-01,TARGET_GE_1P00,True,True,False,True,True,2.090470541858818,FULL_CLOSE_050
PAPER:POWERUSDT:1790945399999:SHORT,POWERUSDT,fresh,Fresh_2026-10-02,BAD_A_LT_0P30,False,False,True,True,True,-0.02297000212586825,BE0.10
PAPER:BICOUSDT:1790840699999:SHORT,BICOUSDT,fresh,Fresh_2026-10-01,BAD_A_LT_0P30,False,True,False,True,True,-2.812795396288553,HIST_TIME_FALLBACK
PAPER:PONSUSDT:1790859899999:SHORT,PONSUSDT,fresh,Fresh_2026-10-01,TARGET_GE_1P00,True,True,False,True,True,1.1097901679100781,FULL_CLOSE_050
PAPER:DASHUSDT:1790963099999:SHORT,DASHUSDT,fresh,Fresh_2026-10-02,BAD_B_0P30_0P50,False,False,True,True,True,-2.657763601159539,HIST_TIME_FALLBACK
PAPER:ATHUSDT:1790987999999:SHORT,ATHUSDT,fresh,Fresh_2026-10-03,TARGET_GE_1P00,False,False,False,False,True,-0.103713928796416,BE0.10
PAPER:ZKUSDT:1790916899999:SHORT,ZKUSDT,fresh,Fresh_2026-10-02,GRAY_0P50_1P00,False,False,False,False,True,1.0812406719476404,FULL_CLOSE_050
PAPER:PUMPBTCUSDT:1790879399999:SHORT,PUMPBTCUSDT,fresh,Fresh_2026-10-01,GRAY_0P50_1P00,False,False,True,True,True,-0.9501900380075186,HIST_TIME_FALLBACK
PAPER:ZECUSDT:1790778299999:SHORT,ZECUSDT,research,Research_Discovery,GRAY_0P50_1P00,False,False,False,False,True,-0.0029589651554833285,BE0.10
PAPER:ALCHUSDT:1790978099999:SHORT,ALCHUSDT,fresh,Fresh_2026-10-02,GRAY_0P50_1P00,False,True,False,True,True,-2.5642978656190762,HIST_TIME_FALLBACK
PAPER:ETHFIUSDT:1790965199999:SHORT,ETHFIUSDT,fresh,Fresh_2026-10-02,TARGET_GE_1P00,True,True,False,True,True,1.277143231861546,FULL_CLOSE_050
PAPER:SLXUSDT:1790793299999:SHORT,SLXUSDT,research,Research_Validation,TARGET_GE_1P00,True,True,False,True,True,1.1806146347148097,FULL_CLOSE_050
PAPER:AZTECUSDT:1790777399999:SHORT,AZTECUSDT,research,Research_Discovery,TARGET_GE_1P00,True,True,False,True,True,2.2736548627056496,FULL_CLOSE_050
PAPER:REZUSDT:1790829899999:SHORT,REZUSDT,fresh,Fresh_2026-10-01,GRAY_0P50_1P00,False,False,True,True,True,-1.7841345445265666,HIST_TIME_FALLBACK
PAPER:QUSDT:1790849999999:SHORT,QUSDT,fresh,Fresh_2026-10-01,GRAY_0P50_1P00,False,False,True,True,False,,
PAPER:ALLOUSDT:1790929499999:SHORT,ALLOUSDT,fresh,Fresh_2026-10-02,TARGET_GE_1P00,True,True,False,True,True,4.404947391172128,FULL_CLOSE_050
PAPER:我踏马来了USDT:1790903999999:SHORT,我踏马来了USDT,fresh,Fresh_2026-10-02,BAD_A_LT_0P30,False,True,False,True,True,-0.39531650985775557,BE0.10
PAPER:ROBOUSDT:1790965499999:SHORT,ROBOUSDT,fresh,Fresh_2026-10-02,TARGET_GE_1P00,True,True,False,True,True,13.584513505488648,RUNNER_CLOSE
PAPER:TRBUSDT:1790813399999:SHORT,TRBUSDT,research,Research_Reserve,GRAY_0P50_1P00,False,True,False,True,True,1.3288592792362746,FULL_CLOSE_050
PAPER:BLURUSDT:1790764499999:SHORT,BLURUSDT,research,Research_Discovery,TARGET_GE_1P00,False,True,False,True,True,1.4460530928588362,FULL_CLOSE_050
PAPER:ILVUSDT:1790965799999:SHORT,ILVUSDT,fresh,Fresh_2026-10-02,GRAY_0P50_1P00,False,False,False,False,False,,
PAPER:VTHOUSDT:1790775299999:SHORT,VTHOUSDT,research,Research_Discovery,TARGET_GE_1P00,True,True,False,True,True,4.351577199817728,FULL_CLOSE_050
PAPER:TAUSDT:1790890799999:SHORT,TAUSDT,fresh,Fresh_2026-10-01,TARGET_GE_1P00,True,False,False,False,True,2.94574644314652,FULL_CLOSE_050
PAPER:哈基米USDT:1790882699999:SHORT,哈基米USDT,fresh,Fresh_2026-10-01,BAD_B_0P30_0P50,False,False,True,True,True,-8.827183154927742,HIST_TIME_FALLBACK
PAPER:XVSUSDT:1790939999999:SHORT,XVSUSDT,fresh,Fresh_2026-10-02,GRAY_0P50_1P00,False,True,False,True,True,-0.23813429115407192,BE0.10
PAPER:MORPHOUSDT:1790778899999:SHORT,MORPHOUSDT,research,Research_Discovery,GRAY_0P50_1P00,False,True,False,True,False,,
PAPER:1000PEPEUSDT:1790962799999:SHORT,1000PEPEUSDT,fresh,Fresh_2026-10-02,GRAY_0P50_1P00,False,False,True,True,True,-0.09766014339504236,BE0.10
PAPER:GOATUSDT:1790833799999:SHORT,GOATUSDT,fresh,Fresh_2026-10-01,GRAY_0P50_1P00,False,False,True,True,False,,
PAPER:SOMIUSDT:1790813099999:SHORT,SOMIUSDT,research,Research_Reserve,GRAY_0P50_1P00,False,False,True,True,False,,
PAPER:ATUSDT:1791039899999:SHORT,ATUSDT,fresh,Fresh_2026-10-03,TARGET_GE_1P00,True,True,False,True,True,8.640786337075735,RUNNER_CLOSE
PAPER:ONUSDT:1791040499999:SHORT,ONUSDT,fresh,Fresh_2026-10-03,TARGET_GE_1P00,True,False,False,False,True,0.991905752634519,FULL_CLOSE_050
PAPER:BRETTUSDT:1790952899999:SHORT,BRETTUSDT,fresh,Fresh_2026-10-02,BAD_B_0P30_0P50,False,True,False,True,True,-4.106297093166739,HIST_TIME_FALLBACK
PAPER:SKYAIUSDT:1790924699999:SHORT,SKYAIUSDT,fresh,Fresh_2026-10-02,GRAY_0P50_1P00,False,False,False,False,False,,
PAPER:ARKUSDT:1790876699999:SHORT,ARKUSDT,fresh,Fresh_2026-10-01,TARGET_GE_1P00,True,False,False,False,True,2.358030961830592,FULL_CLOSE_050
PAPER:2ZUSDT:1790950199999:SHORT,2ZUSDT,fresh,Fresh_2026-10-02,BAD_A_LT_0P30,False,True,False,True,False,,
PAPER:POLUSDT:1790850899999:SHORT,POLUSDT,fresh,Fresh_2026-10-01,BAD_A_LT_0P30,False,True,False,True,True,-0.17367956892771064,BE0.10
PAPER:PUMPBTCUSDT:1791065999999:SHORT,PUMPBTCUSDT,fresh,Fresh_2026-10-03,BAD_A_LT_0P30,False,False,True,True,False,,
PAPER:ONEUSDT:1790866499999:SHORT,ONEUSDT,fresh,Fresh_2026-10-01,GRAY_0P50_1P00,False,False,True,True,False,,
PAPER:SOONUSDT:1790932799999:SHORT,SOONUSDT,fresh,Fresh_2026-10-02,GRAY_0P50_1P00,False,False,False,False,True,0.9194882116363763,FULL_CLOSE_050
PAPER:EDGEUSDT:1790883299999:SHORT,EDGEUSDT,fresh,Fresh_2026-10-01,GRAY_0P50_1P00,False,False,False,False,False,,
PAPER:PUMPUSDT:1790891099999:SHORT,PUMPUSDT,fresh,Fresh_2026-10-01,TARGET_GE_1P00,True,True,False,True,True,3.612458495204804,FULL_CLOSE_050
PAPER:LSKUSDT:1790755499999:SHORT,LSKUSDT,research,Research_Discovery,GRAY_0P50_1P00,False,False,True,True,True,-1.1880736992613221,HIST_TIME_FALLBACK
PAPER:QNTUSDT:1790964899999:SHORT,QNTUSDT,fresh,Fresh_2026-10-02,GRAY_0P50_1P00,False,False,False,False,False,,
PAPER:SPKUSDT:1791003899999:SHORT,SPKUSDT,fresh,Fresh_2026-10-03,BAD_A_LT_0P30,False,True,False,True,True,-1.7409881265352445,HIST_TIME_FALLBACK
PAPER:BROCCOLI714USDT:1790935499999:SHORT,BROCCOLI714USDT,fresh,Fresh_2026-10-02,GRAY_0P50_1P00,False,True,False,True,True,1.1466595775362198,FULL_CLOSE_050
PAPER:XPLUSDT:1790864099999:SHORT,XPLUSDT,fresh,Fresh_2026-10-01,GRAY_0P50_1P00,False,False,False,False,True,-2.4385733151727056,HIST_TIME_FALLBACK
PAPER:MARSCOINUSDT:1790890199999:SHORT,MARSCOINUSDT,fresh,Fresh_2026-10-01,TARGET_GE_1P00,True,False,True,True,True,1.5982796272881417,FULL_CLOSE_050
PAPER:MINAUSDT:1790889299999:SHORT,MINAUSDT,fresh,Fresh_2026-10-01,GRAY_0P50_1P00,False,True,False,True,True,-0.015409104229864079,BE0.10
PAPER:XPLUSDT:1790952899999:SHORT,XPLUSDT,fresh,Fresh_2026-10-02,TARGET_GE_1P00,False,False,False,False,True,-3.7469835621939516,HIST_TIME_FALLBACK
PAPER:ROBOUSDT:1790859899999:SHORT,ROBOUSDT,fresh,Fresh_2026-10-01,TARGET_GE_1P00,False,True,False,True,True,0.7000578412386667,FULL_CLOSE_050
PAPER:QUSDT:1790921099999:SHORT,QUSDT,fresh,Fresh_2026-10-02,GRAY_0P50_1P00,False,False,True,True,True,0.20286984886681264,FULL_CLOSE_050
PAPER:1000XECUSDT:1790879399999:SHORT,1000XECUSDT,fresh,Fresh_2026-10-01,BAD_A_LT_0P30,False,False,True,True,True,-3.122556020813501,HIST_TIME_FALLBACK
PAPER:ZAMAUSDT:1790882099999:SHORT,ZAMAUSDT,fresh,Fresh_2026-10-01,TARGET_GE_1P00,False,False,False,False,True,1.0806738399113982,FULL_CLOSE_050
PAPER:MARSCOINUSDT:1790770199999:SHORT,MARSCOINUSDT,research,Research_Discovery,BAD_B_0P30_0P50,False,True,False,True,True,-0.40651993080531473,BE0.10
PAPER:LITUSDT:1790772299999:SHORT,LITUSDT,research,Research_Discovery,GRAY_0P50_1P00,False,False,False,False,False,,
PAPER:LITUSDT:1790861099999:SHORT,LITUSDT,fresh,Fresh_2026-10-01,BAD_B_0P30_0P50,False,True,False,True,True,-0.004070138652935373,BE0.10
PAPER:PENGUUSDT:1790951699999:SHORT,PENGUUSDT,fresh,Fresh_2026-10-02,GRAY_0P50_1P00,False,False,True,True,False,,
PAPER:MOVEUSDT:1790890799999:SHORT,MOVEUSDT,fresh,Fresh_2026-10-01,TARGET_GE_1P00,True,False,False,False,True,7.661231999951747,RUNNER_CLOSE
PAPER:CHRUSDT:1790945099999:SHORT,CHRUSDT,fresh,Fresh_2026-10-02,GRAY_0P50_1P00,False,False,True,True,False,,
PAPER:MARSCOINUSDT:1790959499999:SHORT,MARSCOINUSDT,fresh,Fresh_2026-10-02,GRAY_0P50_1P00,False,False,True,True,False,,
PAPER:AVAAIUSDT:1791031199999:SHORT,AVAAIUSDT,fresh,Fresh_2026-10-03,TARGET_GE_1P00,True,False,True,True,True,6.493696964337852,RUNNER_CLOSE
PAPER:AZTECUSDT:1790821199999:SHORT,AZTECUSDT,research,Research_Reserve,GRAY_0P50_1P00,False,False,False,False,True,-0.07505858689219491,BE0.10
PAPER:龙虾USDT:1790779799999:SHORT,龙虾USDT,research,Research_Discovery,TARGET_GE_1P00,True,False,True,True,True,1.6918656304305664,FULL_CLOSE_050
PAPER:USUALUSDT:1790926499999:SHORT,USUALUSDT,fresh,Fresh_2026-10-02,GRAY_0P50_1P00,False,False,False,False,True,-2.51032555998081,HIST_TIME_FALLBACK
PAPER:STRKUSDT:1791013499999:SHORT,STRKUSDT,fresh,Fresh_2026-10-03,GRAY_0P50_1P00,False,True,False,True,True,-0.011904770832221634,BE0.10
PAPER:PHAUSDT:1790813699999:SHORT,PHAUSDT,research,Research_Reserve,TARGET_GE_1P00,True,False,True,True,True,1.2719742734289923,FULL_CLOSE_050
PAPER:龙虾USDT:1791061499999:SHORT,龙虾USDT,fresh,Fresh_2026-10-03,BAD_B_0P30_0P50,False,False,False,False,True,1.8379322715442763,FULL_CLOSE_050
PAPER:GTCUSDT:1790924699999:SHORT,GTCUSDT,fresh,Fresh_2026-10-02,TARGET_GE_1P00,True,False,False,False,True,5.9090035281109055,RUNNER_CLOSE
PAPER:QUSDT:1790852699999:SHORT,QUSDT,fresh,Fresh_2026-10-01,GRAY_0P50_1P00,False,True,False,True,True,1.1308633959134464,FULL_CLOSE_050
PAPER:SYNUSDT:1790866499999:SHORT,SYNUSDT,fresh,Fresh_2026-10-01,TARGET_GE_1P00,False,False,False,False,True,-2.4390803468385633,HIST_TIME_FALLBACK
PAPER:OUSDT:1790942399999:SHORT,OUSDT,fresh,Fresh_2026-10-02,GRAY_0P50_1P00,False,True,False,True,True,-3.460037787501743,HIST_TIME_FALLBACK
PAPER:SUPERUSDT:1790848799999:SHORT,SUPERUSDT,fresh,Fresh_2026-10-01,GRAY_0P50_1P00,False,True,False,True,True,-0.013399686917256126,BE0.10
PAPER:XTZUSDT:1790965199999:SHORT,XTZUSDT,fresh,Fresh_2026-10-02,BAD_A_LT_0P30,False,True,False,True,True,-1.2680155554920063,HIST_TIME_FALLBACK
PAPER:INITUSDT:1791015899999:SHORT,INITUSDT,fresh,Fresh_2026-10-03,TARGET_GE_1P00,True,True,False,True,True,0.784747687406864,FULL_CLOSE_050
PAPER:ZESTUSDT:1790768699999:SHORT,ZESTUSDT,research,Research_Discovery,TARGET_GE_1P00,True,True,False,True,True,2.503404021558807,FULL_CLOSE_050
PAPER:NMRUSDT:1790867399999:SHORT,NMRUSDT,fresh,Fresh_2026-10-01,GRAY_0P50_1P00,False,True,False,True,True,-3.2996594556348984,HIST_TIME_FALLBACK
PAPER:SPORTFUNUSDT:1790755499999:SHORT,SPORTFUNUSDT,research,Research_Discovery,GRAY_0P50_1P00,False,True,False,True,True,-0.10462383861902647,BE0.10
PAPER:FOGOUSDT:1790966099999:SHORT,FOGOUSDT,fresh,Fresh_2026-10-02,TARGET_GE_1P00,True,True,False,True,True,13.381987573311559,RUNNER_CLOSE
PAPER:NEARUSDT:1790965199999:SHORT,NEARUSDT,fresh,Fresh_2026-10-02,BAD_A_LT_0P30,False,False,False,False,True,-1.0574025439057229,HIST_TIME_FALLBACK
PAPER:METUSDT:1790839499999:SHORT,METUSDT,fresh,Fresh_2026-10-01,TARGET_GE_1P00,False,False,False,False,False,,
PAPER:BERAUSDT:1790767199999:SHORT,BERAUSDT,research,Research_Discovery,BAD_A_LT_0P30,False,True,False,True,True,-0.5351193995017857,BE0.10
PAPER:EVAAUSDT:1790995199999:SHORT,EVAAUSDT,fresh,Fresh_2026-10-03,GRAY_0P50_1P00,False,False,True,True,False,,
PAPER:4USDT:1790866499999:SHORT,4USDT,fresh,Fresh_2026-10-01,GRAY_0P50_1P00,False,False,True,True,False,,
PAPER:FRAXUSDT:1790966099999:SHORT,FRAXUSDT,fresh,Fresh_2026-10-02,TARGET_GE_1P00,True,False,False,False,False,,
PAPER:INITUSDT:1790754299999:SHORT,INITUSDT,research,Research_Discovery,TARGET_GE_1P00,True,True,False,True,True,2.9325237580653862,FULL_CLOSE_050
PAPER:NILUSDT:1790842199999:SHORT,NILUSDT,fresh,Fresh_2026-10-01,TARGET_GE_1P00,False,False,False,False,False,,
PAPER:AEROUSDT:1790868599999:SHORT,AEROUSDT,fresh,Fresh_2026-10-01,TARGET_GE_1P00,True,True,False,True,True,0.640958054929462,FULL_CLOSE_050
PAPER:USELESSUSDT:1790966099999:SHORT,USELESSUSDT,fresh,Fresh_2026-10-02,TARGET_GE_1P00,True,True,False,True,True,8.17698245646959,RUNNER_CLOSE
PAPER:MEGAUSDT:1790965799999:SHORT,MEGAUSDT,fresh,Fresh_2026-10-02,TARGET_GE_1P00,True,True,False,True,True,0.8708624401962106,FULL_CLOSE_050
PAPER:YGGUSDT:1791017999999:SHORT,YGGUSDT,fresh,Fresh_2026-10-03,BAD_B_0P30_0P50,False,True,False,True,True,-3.322584303590572,HIST_TIME_FALLBACK
PAPER:PROMPTUSDT:1790951399999:SHORT,PROMPTUSDT,fresh,Fresh_2026-10-02,BAD_A_LT_0P30,False,False,True,True,True,-0.7039651535816007,BE0.10
PAPER:DYDXUSDT:1791053699999:SHORT,DYDXUSDT,fresh,Fresh_2026-10-03,BAD_B_0P30_0P50,False,False,False,False,True,-4.678238169637902,HIST_TIME_FALLBACK
PAPER:BIOUSDT:1790749799999:SHORT,BIOUSDT,research,Research_Discovery,GRAY_0P50_1P00,False,False,True,True,True,0.8387401408157015,FULL_CLOSE_050
PAPER:BLUAIUSDT:1790885399999:SHORT,BLUAIUSDT,fresh,Fresh_2026-10-01,TARGET_GE_1P00,True,False,True,True,False,,
PAPER:FETUSDT:1790859899999:SHORT,FETUSDT,fresh,Fresh_2026-10-01,GRAY_0P50_1P00,False,True,False,True,True,-0.2857096972491835,BE0.10
PAPER:0GUSDT:1790815499999:SHORT,0GUSDT,research,Research_Reserve,TARGET_GE_1P00,True,False,False,False,False,,
PAPER:DOTUSDT:1790805899999:SHORT,DOTUSDT,research,Research_Reserve,BAD_A_LT_0P30,False,True,False,True,True,-3.5110995010289994,HIST_TIME_FALLBACK
PAPER:POWERUSDT:1790821199999:SHORT,POWERUSDT,research,Research_Reserve,BAD_B_0P30_0P50,False,False,True,True,True,-0.07132715105852316,BE0.10
PAPER:SUIUSDT:1790839499999:SHORT,SUIUSDT,fresh,Fresh_2026-10-01,GRAY_0P50_1P00,False,True,False,True,True,-3.1368718047296182,HIST_TIME_FALLBACK
PAPER:FLOCKUSDT:1790778599999:SHORT,FLOCKUSDT,research,Research_Discovery,TARGET_GE_1P00,True,False,False,False,True,2.5147321701945122,FULL_CLOSE_050
PAPER:CRVUSDT:1790775599999:SHORT,CRVUSDT,research,Research_Discovery,GRAY_0P50_1P00,False,False,False,False,True,-2.749895395103578,HIST_TIME_FALLBACK
PAPER:BRUSDT:1790894099999:SHORT,BRUSDT,fresh,Fresh_2026-10-01,GRAY_0P50_1P00,False,False,True,True,True,1.8213436222662922,FULL_CLOSE_050
PAPER:RAVEUSDT:1790789699999:SHORT,RAVEUSDT,research,Research_Validation,GRAY_0P50_1P00,False,True,False,True,True,1.2209794609524334,FULL_CLOSE_050
PAPER:HEIUSDT:1790861099999:SHORT,HEIUSDT,fresh,Fresh_2026-10-01,TARGET_GE_1P00,False,False,False,False,True,-2.324497658715959,HIST_TIME_FALLBACK
PAPER:1000000BOBUSDT:1790958299999:SHORT,1000000BOBUSDT,fresh,Fresh_2026-10-02,TARGET_GE_1P00,True,False,False,False,True,-0.06578157504290699,BE0.10
PAPER:SAGAUSDT:1790801099999:SHORT,SAGAUSDT,research,Research_Validation,TARGET_GE_1P00,True,False,False,False,True,1.6178752621084787,FULL_CLOSE_050
PAPER:ASTERUSDT:1790766299999:SHORT,ASTERUSDT,research,Research_Discovery,GRAY_0P50_1P00,False,True,False,True,True,-2.4158081083876977,HIST_TIME_FALLBACK
PAPER:GRTUSDT:1790966399999:SHORT,GRTUSDT,fresh,Fresh_2026-10-02,GRAY_0P50_1P00,False,False,False,False,False,,
PAPER:AKEUSDT:1790849399999:SHORT,AKEUSDT,fresh,Fresh_2026-10-01,TARGET_GE_1P00,True,True,False,True,True,-0.00012511603124526482,BE0.10
PAPER:BRETTUSDT:1790891099999:SHORT,BRETTUSDT,fresh,Fresh_2026-10-01,GRAY_0P50_1P00,False,True,False,True,True,-0.0400533288475578,BE0.10
PAPER:SXTUSDT:1790966099999:SHORT,SXTUSDT,fresh,Fresh_2026-10-02,TARGET_GE_1P00,True,False,True,True,True,8.731383059431892,RUNNER_CLOSE
PAPER:NOMUSDT:1790882999999:SHORT,NOMUSDT,fresh,Fresh_2026-10-01,GRAY_0P50_1P00,False,True,False,True,True,0.928140881459629,FULL_CLOSE_050
PAPER:MASKUSDT:1790960699999:SHORT,MASKUSDT,fresh,Fresh_2026-10-02,TARGET_GE_1P00,True,True,False,True,True,2.9541320517798195,FULL_CLOSE_050
PAPER:USELESSUSDT:1790942699999:SHORT,USELESSUSDT,fresh,Fresh_2026-10-02,GRAY_0P50_1P00,False,False,False,False,True,-0.040384167345975164,BE0.10
PAPER:STRKUSDT:1790968799999:SHORT,STRKUSDT,fresh,Fresh_2026-10-02,GRAY_0P50_1P00,False,True,False,True,True,-1.0720437843654271,HIST_TIME_FALLBACK
PAPER:STBLUSDT:1790966699999:SHORT,STBLUSDT,fresh,Fresh_2026-10-02,GRAY_0P50_1P00,False,False,True,True,False,,
PAPER:TRIAUSDT:1790778299999:SHORT,TRIAUSDT,research,Research_Discovery,TARGET_GE_1P00,False,False,False,False,False,,
PAPER:币安人生USDT:1790965499999:SHORT,币安人生USDT,fresh,Fresh_2026-10-02,TARGET_GE_1P00,True,False,True,True,True,7.966689882816838,RUNNER_CLOSE
PAPER:BIOUSDT:1790864099999:SHORT,BIOUSDT,fresh,Fresh_2026-10-01,BAD_A_LT_0P30,False,True,False,True,True,-0.11029877955449291,BE0.10
PAPER:SYNUSDT:1790923799999:SHORT,SYNUSDT,fresh,Fresh_2026-10-02,GRAY_0P50_1P00,False,False,True,True,True,-0.10395676283911492,BE0.10
PAPER:PENGUUSDT:1790864099999:SHORT,PENGUUSDT,fresh,Fresh_2026-10-01,GRAY_0P50_1P00,False,False,True,True,False,,
PAPER:TACUSDT:1790794199999:SHORT,TACUSDT,research,Research_Validation,TARGET_GE_1P00,True,True,False,True,True,2.6652578217547758,FULL_CLOSE_050
PAPER:ZECUSDT:1790882399999:SHORT,ZECUSDT,fresh,Fresh_2026-10-01,GRAY_0P50_1P00,False,False,True,True,True,-0.25576811196677013,BE0.10
PAPER:PONSUSDT:1790866199999:SHORT,PONSUSDT,fresh,Fresh_2026-10-01,TARGET_GE_1P00,True,True,False,True,True,1.0498249906831392,FULL_CLOSE_050
PAPER:FLOWUSDT:1790861099999:SHORT,FLOWUSDT,fresh,Fresh_2026-10-01,GRAY_0P50_1P00,False,False,False,False,True,-1.1126616998180485,HIST_TIME_FALLBACK
PAPER:MOVRUSDT:1791059399999:SHORT,MOVRUSDT,fresh,Fresh_2026-10-03,GRAY_0P50_1P00,False,False,False,False,True,-0.003100549799046004,BE0.10
PAPER:LYNUSDT:1790985899999:SHORT,LYNUSDT,fresh,Fresh_2026-10-03,GRAY_0P50_1P00,False,False,True,True,False,,
PAPER:NIGHTUSDT:1791047099999:SHORT,NIGHTUSDT,fresh,Fresh_2026-10-03,BAD_B_0P30_0P50,False,True,False,True,True,-0.03728695587141734,BE0.10
PAPER:龙虾USDT:1790676899999:SHORT,龙虾USDT,research,Research_Discovery,TARGET_GE_1P00,True,True,False,True,True,1.4983779303207718,FULL_CLOSE_050
PAPER:BBUSDT:1790965199999:SHORT,BBUSDT,fresh,Fresh_2026-10-02,TARGET_GE_1P00,True,False,False,False,True,-0.8449719213416984,BE0.10
PAPER:FETUSDT:1790849099999:SHORT,FETUSDT,fresh,Fresh_2026-10-01,BAD_A_LT_0P30,False,True,False,True,True,-3.794367254132665,HIST_TIME_FALLBACK
PAPER:USELESSUSDT:1790849099999:SHORT,USELESSUSDT,fresh,Fresh_2026-10-01,GRAY_0P50_1P00,False,False,False,False,True,-1.1951007301046612,HIST_TIME_FALLBACK
PAPER:WCTUSDT:1790966699999:SHORT,WCTUSDT,fresh,Fresh_2026-10-02,TARGET_GE_1P00,False,False,False,False,False,,
PAPER:MAGMAUSDT:1791033899999:SHORT,MAGMAUSDT,fresh,Fresh_2026-10-03,GRAY_0P50_1P00,False,False,True,True,True,-2.111268181646319,HIST_TIME_FALLBACK
PAPER:EPICUSDT:1790990699999:SHORT,EPICUSDT,fresh,Fresh_2026-10-03,TARGET_GE_1P00,False,False,True,True,True,0.2940695165801051,FULL_CLOSE_050
PAPER:RONINUSDT:1790965799999:SHORT,RONINUSDT,fresh,Fresh_2026-10-02,TARGET_GE_1P00,True,False,False,False,True,-0.49325239306190033,HIST_TIME_FALLBACK
PAPER:PUMPBTCUSDT:1790871899999:SHORT,PUMPBTCUSDT,fresh,Fresh_2026-10-01,TARGET_GE_1P00,True,False,False,False,False,,
PAPER:CFGUSDT:1790966399999:SHORT,CFGUSDT,fresh,Fresh_2026-10-02,GRAY_0P50_1P00,False,True,False,True,True,-4.116161022084911,HIST_TIME_FALLBACK
PAPER:CROSSUSDT:1791031199999:SHORT,CROSSUSDT,fresh,Fresh_2026-10-03,TARGET_GE_1P00,True,False,False,False,False,,
PAPER:HUMAUSDT:1790855099999:SHORT,HUMAUSDT,fresh,Fresh_2026-10-01,TARGET_GE_1P00,True,False,False,False,True,1.5340909942761574,FULL_CLOSE_050
PAPER:BRUSDT:1791032999999:SHORT,BRUSDT,fresh,Fresh_2026-10-03,GRAY_0P50_1P00,False,False,False,False,False,,
PAPER:STRKUSDT:1790966099999:SHORT,STRKUSDT,fresh,Fresh_2026-10-02,GRAY_0P50_1P00,False,False,True,True,False,,
PAPER:CAPUSDT:1790973599999:SHORT,CAPUSDT,fresh,Fresh_2026-10-02,TARGET_GE_1P00,True,True,False,True,True,6.610545585100193,RUNNER_CLOSE
PAPER:OPNUSDT:1790965199999:SHORT,OPNUSDT,fresh,Fresh_2026-10-02,TARGET_GE_1P00,True,True,False,True,True,0.7225022959217706,FULL_CLOSE_050
PAPER:MEWUSDT:1790766899999:SHORT,MEWUSDT,research,Research_Discovery,TARGET_GE_1P00,False,False,True,True,False,,
PAPER:ONDOUSDT:1790966099999:SHORT,ONDOUSDT,fresh,Fresh_2026-10-02,BAD_A_LT_0P30,False,False,True,True,False,,
PAPER:EDUUSDT:1790965799999:SHORT,EDUUSDT,fresh,Fresh_2026-10-02,TARGET_GE_1P00,True,True,False,True,True,11.519654553686552,RUNNER_CLOSE
PAPER:1000CHEEMSUSDT:1790966699999:SHORT,1000CHEEMSUSDT,fresh,Fresh_2026-10-02,GRAY_0P50_1P00,False,False,False,False,False,,
PAPER:QUSDT:1790984099999:SHORT,QUSDT,fresh,Fresh_2026-10-02,TARGET_GE_1P00,True,False,False,False,True,-2.4846584562821254,HIST_TIME_FALLBACK
PAPER:BBUSDT:1790861099999:SHORT,BBUSDT,fresh,Fresh_2026-10-01,GRAY_0P50_1P00,False,False,True,True,True,-4.290893107117147,HIST_TIME_FALLBACK
PAPER:BRUSDT:1790858399999:SHORT,BRUSDT,fresh,Fresh_2026-10-01,TARGET_GE_1P00,False,False,False,False,True,-1.3011393420655004,HIST_TIME_FALLBACK
PAPER:ONEUSDT:1790868599999:SHORT,ONEUSDT,fresh,Fresh_2026-10-01,GRAY_0P50_1P00,False,False,False,False,True,1.2555759215669453,FULL_CLOSE_050
PAPER:MUSDT:1790750699999:SHORT,MUSDT,research,Research_Discovery,GRAY_0P50_1P00,False,True,False,True,True,-0.011858486042035543,BE0.10
PAPER:PROMPTUSDT:1790848199999:SHORT,PROMPTUSDT,fresh,Fresh_2026-10-01,GRAY_0P50_1P00,False,True,False,True,True,-0.9501900380076529,HIST_TIME_FALLBACK
PAPER:POWERUSDT:1790814599999:SHORT,POWERUSDT,research,Research_Reserve,GRAY_0P50_1P00,False,False,False,False,True,-0.45670864302247915,BE0.10
PAPER:NOMUSDT:1790790599999:SHORT,NOMUSDT,research,Research_Validation,GRAY_0P50_1P00,False,False,False,False,False,,
PAPER:ARXUSDT:1790939399999:SHORT,ARXUSDT,fresh,Fresh_2026-10-02,TARGET_GE_1P00,True,True,False,True,True,1.6943581357781672,FULL_CLOSE_050
PAPER:ALICEUSDT:1790748899999:SHORT,ALICEUSDT,research,Research_Discovery,TARGET_GE_1P00,True,True,False,True,True,0.8623936314118819,FULL_CLOSE_050
PAPER:CCUSDT:1790804399999:SHORT,CCUSDT,research,Research_Reserve,GRAY_0P50_1P00,False,False,False,False,False,,
PAPER:HAEDALUSDT:1790666699999:SHORT,HAEDALUSDT,research,Research_Discovery,TARGET_GE_1P00,True,True,False,True,True,1.303525174769847,FULL_CLOSE_050
PAPER:PLUMEUSDT:1790866199999:SHORT,PLUMEUSDT,fresh,Fresh_2026-10-01,GRAY_0P50_1P00,False,False,False,False,True,-2.5666868842013786,HIST_TIME_FALLBACK
PAPER:LYNUSDT:1791013499999:SHORT,LYNUSDT,fresh,Fresh_2026-10-03,GRAY_0P50_1P00,False,True,False,True,True,1.33120087747134,FULL_CLOSE_050
PAPER:PUMPBTCUSDT:1790925299999:SHORT,PUMPBTCUSDT,fresh,Fresh_2026-10-02,GRAY_0P50_1P00,False,False,True,True,False,,
PAPER:AKEUSDT:1790789699999:SHORT,AKEUSDT,research,Research_Validation,TARGET_GE_1P00,True,False,False,False,True,1.5949447540122403,FULL_CLOSE_050
PAPER:TACUSDT:1790882699999:SHORT,TACUSDT,fresh,Fresh_2026-10-01,TARGET_GE_1P00,True,True,False,True,True,1.5988879507282867,FULL_CLOSE_050
PAPER:COMPUSDT:1790742899999:SHORT,COMPUSDT,research,Research_Discovery,BAD_A_LT_0P30,False,True,False,True,True,-0.17078141202388475,BE0.10
PAPER:BANANAS31USDT:1790965499999:SHORT,BANANAS31USDT,fresh,Fresh_2026-10-02,TARGET_GE_1P00,True,False,True,True,True,8.619730295915788,RUNNER_CLOSE
PAPER:SKRUSDT:1790878499999:SHORT,SKRUSDT,fresh,Fresh_2026-10-01,GRAY_0P50_1P00,False,False,False,False,True,1.8804171507565957,FULL_CLOSE_050
PAPER:PLAYUSDT:1790820899999:SHORT,PLAYUSDT,research,Research_Reserve,GRAY_0P50_1P00,False,False,False,False,True,-0.3217215006089877,HIST_TIME_FALLBACK
PAPER:GRASSUSDT:1790888699999:SHORT,GRASSUSDT,fresh,Fresh_2026-10-01,GRAY_0P50_1P00,False,False,True,True,True,-0.03092496236216241,BE0.10
PAPER:ZESTUSDT:1790782499999:SHORT,ZESTUSDT,research,Research_Discovery,BAD_A_LT_0P30,False,True,False,True,True,-3.3740976303217503,HIST_TIME_FALLBACK
PAPER:KASUSDT:1790775599999:SHORT,KASUSDT,research,Research_Discovery,TARGET_GE_1P00,False,True,False,True,True,1.3678242710362163,FULL_CLOSE_050
PAPER:TRUTHUSDT:1790960699999:SHORT,TRUTHUSDT,fresh,Fresh_2026-10-02,GRAY_0P50_1P00,False,False,False,False,False,,
PAPER:GRASSUSDT:1790753399999:SHORT,GRASSUSDT,research,Research_Discovery,TARGET_GE_1P00,False,False,False,False,False,,
PAPER:ENJUSDT:1791014999999:SHORT,ENJUSDT,fresh,Fresh_2026-10-03,BAD_B_0P30_0P50,False,True,False,True,True,-0.06106891893469174,BE0.10
PAPER:PROVEUSDT:1790863799999:SHORT,PROVEUSDT,fresh,Fresh_2026-10-01,GRAY_0P50_1P00,False,False,True,True,False,,
PAPER:PTBUSDT:1790748899999:SHORT,PTBUSDT,research,Research_Discovery,GRAY_0P50_1P00,False,True,False,True,True,0.9581766718693765,FULL_CLOSE_050
PAPER:HANAUSDT:1790681399999:SHORT,HANAUSDT,research,Research_Discovery,TARGET_GE_1P00,True,True,False,True,True,1.3834938316334577,FULL_CLOSE_050
PAPER:USTCUSDT:1790858699999:SHORT,USTCUSDT,fresh,Fresh_2026-10-01,TARGET_GE_1P00,True,False,False,False,True,0.839100002979316,FULL_CLOSE_050
PAPER:TAOUSDT:1790965799999:SHORT,TAOUSDT,fresh,Fresh_2026-10-02,TARGET_GE_1P00,True,True,False,True,True,2.1839407285295747,FULL_CLOSE_050
PAPER:WLDUSDT:1790863499999:SHORT,WLDUSDT,fresh,Fresh_2026-10-01,BAD_B_0P30_0P50,False,True,False,True,True,-0.9501900380075836,HIST_TIME_FALLBACK
PAPER:VELVETUSDT:1790863499999:SHORT,VELVETUSDT,fresh,Fresh_2026-10-01,GRAY_0P50_1P00,False,True,False,True,True,-1.7187292243504957,HIST_TIME_FALLBACK
PAPER:REZUSDT:1790834999999:SHORT,REZUSDT,fresh,Fresh_2026-10-01,GRAY_0P50_1P00,False,False,False,False,False,,
PAPER:JTOUSDT:1790842199999:SHORT,JTOUSDT,fresh,Fresh_2026-10-01,BAD_B_0P30_0P50,False,True,False,True,True,-4.33372493124235,HIST_TIME_FALLBACK
PAPER:龙虾USDT:1791041099999:SHORT,龙虾USDT,fresh,Fresh_2026-10-03,GRAY_0P50_1P00,False,False,False,False,True,0.9025811857341735,FULL_CLOSE_050
PAPER:ENAUSDT:1790866499999:SHORT,ENAUSDT,fresh,Fresh_2026-10-01,TARGET_GE_1P00,True,False,True,True,True,2.352492058427586,FULL_CLOSE_050
PAPER:TWTUSDT:1790926199999:SHORT,TWTUSDT,fresh,Fresh_2026-10-02,GRAY_0P50_1P00,False,False,True,True,True,-1.906481648014208,HIST_TIME_FALLBACK
PAPER:WUSDT:1790966099999:SHORT,WUSDT,fresh,Fresh_2026-10-02,TARGET_GE_1P00,True,False,True,True,False,,
PAPER:DEEPUSDT:1790866199999:SHORT,DEEPUSDT,fresh,Fresh_2026-10-01,GRAY_0P50_1P00,False,False,False,False,True,-0.4953284387000207,BE0.10
PAPER:ARBUSDT:1790966399999:SHORT,ARBUSDT,fresh,Fresh_2026-10-02,TARGET_GE_1P00,True,False,False,False,True,-0.0224353612485243,BE0.10
PAPER:ARKMUSDT:1790775599999:SHORT,ARKMUSDT,research,Research_Discovery,GRAY_0P50_1P00,False,False,True,True,True,-2.789187797147939,HIST_TIME_FALLBACK
PAPER:SKYAIUSDT:1790796299999:SHORT,SKYAIUSDT,research,Research_Validation,GRAY_0P50_1P00,False,False,False,False,True,-1.4389136797336677,HIST_TIME_FALLBACK
PAPER:FIGHTUSDT:1790873999999:SHORT,FIGHTUSDT,fresh,Fresh_2026-10-01,GRAY_0P50_1P00,False,False,False,False,True,-0.47548620677187603,HIST_TIME_FALLBACK
PAPER:METUSDT:1790795699999:SHORT,METUSDT,research,Research_Validation,TARGET_GE_1P00,True,False,False,False,True,1.3882178880497411,FULL_CLOSE_050
PAPER:LDOUSDT:1790801699999:SHORT,LDOUSDT,research,Research_Reserve,GRAY_0P50_1P00,False,True,False,True,True,-0.05650525329343392,BE0.10
PAPER:USUALUSDT:1790797499999:SHORT,USUALUSDT,research,Research_Validation,GRAY_0P50_1P00,False,False,True,True,True,0.8367807430294817,FULL_CLOSE_050
PAPER:SAGAUSDT:1790789699999:SHORT,SAGAUSDT,research,Research_Validation,BAD_A_LT_0P30,False,True,False,True,True,-0.17470562276667806,BE0.10
PAPER:USUSDT:1791040799999:SHORT,USUSDT,fresh,Fresh_2026-10-03,TARGET_GE_1P00,True,True,False,True,True,5.803953409208827,RUNNER_CLOSE
PAPER:0GUSDT:1790845799999:SHORT,0GUSDT,fresh,Fresh_2026-10-01,TARGET_GE_1P00,True,True,False,True,True,1.810036439659064,FULL_CLOSE_050
PAPER:HANAUSDT:1790680499999:SHORT,HANAUSDT,research,Research_Discovery,GRAY_0P50_1P00,False,False,False,False,True,-0.1847845486528612,BE0.10
PAPER:HANAUSDT:1790762399999:SHORT,HANAUSDT,research,Research_Discovery,BAD_A_LT_0P30,False,True,False,True,True,-2.976810240590549,HIST_TIME_FALLBACK
PAPER:DYDXUSDT:1790965199999:SHORT,DYDXUSDT,fresh,Fresh_2026-10-02,TARGET_GE_1P00,True,True,False,True,True,3.7817833992187215,FULL_CLOSE_050
PAPER:ZENUSDT:1790965199999:SHORT,ZENUSDT,fresh,Fresh_2026-10-02,TARGET_GE_1P00,True,True,False,True,True,0.9998215232427969,FULL_CLOSE_050
PAPER:PHAROSUSDT:1790821499999:SHORT,PHAROSUSDT,research,Research_Reserve,BAD_B_0P30_0P50,False,True,False,True,True,-0.11497003238248377,BE0.10
PAPER:ATUSDT:1791041099999:SHORT,ATUSDT,fresh,Fresh_2026-10-03,TARGET_GE_1P00,False,False,True,True,True,3.183689159003061,FULL_CLOSE_050
PAPER:CAPUSDT:1790930399999:SHORT,CAPUSDT,fresh,Fresh_2026-10-02,TARGET_GE_1P00,True,False,False,False,True,1.7603737014050471,FULL_CLOSE_050
PAPER:HANAUSDT:1790750699999:SHORT,HANAUSDT,research,Research_Discovery,BAD_A_LT_0P30,False,True,False,True,True,-0.15625635039777086,BE0.10
PAPER:LDOUSDT:1790825099999:SHORT,LDOUSDT,research,Research_Reserve,GRAY_0P50_1P00,False,True,False,True,True,-0.033595503719588415,BE0.10
PAPER:USUSDT:1790957999999:SHORT,USUSDT,fresh,Fresh_2026-10-02,TARGET_GE_1P00,True,False,False,False,True,-0.16374040715446286,BE0.10
PAPER:PEOPLEUSDT:1790864099999:SHORT,PEOPLEUSDT,fresh,Fresh_2026-10-01,TARGET_GE_1P00,False,True,False,True,True,1.1690008289091565,FULL_CLOSE_050
PAPER:XPLUSDT:1790863499999:SHORT,XPLUSDT,fresh,Fresh_2026-10-01,TARGET_GE_1P00,False,False,False,False,True,1.163279204289324,FULL_CLOSE_050
PAPER:ARBUSDT:1790968199999:SHORT,ARBUSDT,fresh,Fresh_2026-10-02,TARGET_GE_1P00,True,False,False,False,True,1.2321684436162297,FULL_CLOSE_050
PAPER:1000000BOBUSDT:1790988599999:SHORT,1000000BOBUSDT,fresh,Fresh_2026-10-03,GRAY_0P50_1P00,False,False,False,False,True,-0.9501900380076012,BE0.10
PAPER:2ZUSDT:1790890799999:SHORT,2ZUSDT,fresh,Fresh_2026-10-01,BAD_B_0P30_0P50,False,False,True,True,True,-14.281816770139868,HIST_TIME_FALLBACK
PAPER:USELESSUSDT:1790842199999:SHORT,USELESSUSDT,fresh,Fresh_2026-10-01,GRAY_0P50_1P00,False,False,True,True,True,0.8071164772384387,FULL_CLOSE_050
PAPER:XANUSDT:1790820299999:SHORT,XANUSDT,research,Research_Reserve,BAD_B_0P30_0P50,False,False,True,True,True,-2.736824202959218,HIST_TIME_FALLBACK
PAPER:JCTUSDT:1790890199999:SHORT,JCTUSDT,fresh,Fresh_2026-10-01,BAD_B_0P30_0P50,False,False,True,True,True,-0.354621697688707,BE0.10
PAPER:NOMUSDT:1790781899999:SHORT,NOMUSDT,research,Research_Discovery,GRAY_0P50_1P00,False,False,True,True,True,1.5228039020731798,FULL_CLOSE_050
PAPER:AGLDUSDT:1791015899999:SHORT,AGLDUSDT,fresh,Fresh_2026-10-03,GRAY_0P50_1P00,False,False,True,True,True,-0.006598727851094499,BE0.10
PAPER:AKEUSDT:1790849699999:SHORT,AKEUSDT,fresh,Fresh_2026-10-01,TARGET_GE_1P00,False,False,True,True,False,,
PAPER:MINAUSDT:1790966099999:SHORT,MINAUSDT,fresh,Fresh_2026-10-02,GRAY_0P50_1P00,False,True,False,True,True,-1.0135981309885347,HIST_TIME_FALLBACK
PAPER:QUSDT:1790660699999:SHORT,QUSDT,research,Research_Discovery,GRAY_0P50_1P00,False,False,False,False,True,-0.004604089388512256,BE0.10
PAPER:BUSDT:1790749799999:SHORT,BUSDT,research,Research_Discovery,TARGET_GE_1P00,True,False,False,False,True,2.52401602356332,FULL_CLOSE_050
PAPER:USUSDT:1791017699999:SHORT,USUSDT,fresh,Fresh_2026-10-03,GRAY_0P50_1P00,False,False,False,False,False,,
PAPER:OUSDT:1790770799999:SHORT,OUSDT,research,Research_Discovery,BAD_A_LT_0P30,False,True,False,True,True,-0.5852728227439044,HIST_TIME_FALLBACK
PAPER:METISUSDT:1790660099999:SHORT,METISUSDT,research,Research_Discovery,BAD_B_0P30_0P50,False,False,True,True,True,-7.263750993441857,HIST_TIME_FALLBACK
PAPER:MARSCOINUSDT:1790962499999:SHORT,MARSCOINUSDT,fresh,Fresh_2026-10-02,TARGET_GE_1P00,True,False,True,True,True,2.7966302467080366,FULL_CLOSE_050
PAPER:COOKIEUSDT:1790959199999:SHORT,COOKIEUSDT,fresh,Fresh_2026-10-02,GRAY_0P50_1P00,False,False,True,True,True,-1.1421430980727831,HIST_TIME_FALLBACK
PAPER:POWERUSDT:1790804999999:SHORT,POWERUSDT,research,Research_Reserve,TARGET_GE_1P00,True,False,True,True,True,3.2074112081552326,FULL_CLOSE_050
PAPER:APRUSDT:1790842199999:SHORT,APRUSDT,fresh,Fresh_2026-10-01,BAD_B_0P30_0P50,False,True,False,True,True,-0.5882412382692143,BE0.10
PAPER:MYXUSDT:1790966399999:SHORT,MYXUSDT,fresh,Fresh_2026-10-02,TARGET_GE_1P00,False,False,False,False,True,-6.085046911199443,HIST_TIME_FALLBACK
PAPER:VELODROMEUSDT:1790950199999:SHORT,VELODROMEUSDT,fresh,Fresh_2026-10-02,GRAY_0P50_1P00,False,False,True,True,False,,
PAPER:AEROUSDT:1790777999999:SHORT,AEROUSDT,research,Research_Discovery,TARGET_GE_1P00,True,True,False,True,True,-0.02170879025565997,BE0.10
PAPER:CAPUSDT:1790924699999:SHORT,CAPUSDT,fresh,Fresh_2026-10-02,BAD_A_LT_0P30,False,True,False,True,False,,
PAPER:2ZUSDT:1790787899999:SHORT,2ZUSDT,research,Research_Discovery,GRAY_0P50_1P00,False,True,False,True,True,-2.789951842238101,HIST_TIME_FALLBACK
PAPER:龙虾USDT:1790750999999:SHORT,龙虾USDT,research,Research_Discovery,GRAY_0P50_1P00,False,False,True,True,True,-0.040804886823749,BE0.10
PAPER:OPNUSDT:1790921699999:SHORT,OPNUSDT,fresh,Fresh_2026-10-02,TARGET_GE_1P00,True,True,False,True,False,,
PAPER:BERAUSDT:1790818799999:SHORT,BERAUSDT,research,Research_Reserve,BAD_A_LT_0P30,False,True,False,True,False,,
PAPER:BRUSDT:1791032399999:SHORT,BRUSDT,fresh,Fresh_2026-10-03,GRAY_0P50_1P00,False,False,True,True,False,,
PAPER:BANKUSDT:1790958899999:SHORT,BANKUSDT,fresh,Fresh_2026-10-02,GRAY_0P50_1P00,False,False,False,False,True,1.5610567347583904,FULL_CLOSE_050
PAPER:MOVEUSDT:1790894099999:SHORT,MOVEUSDT,fresh,Fresh_2026-10-01,GRAY_0P50_1P00,False,False,False,False,True,-2.7564150396481732,HIST_TIME_FALLBACK
PAPER:FOLKSUSDT:1790780399999:SHORT,FOLKSUSDT,research,Research_Discovery,GRAY_0P50_1P00,False,False,True,True,True,-0.14958997397233398,BE0.10
PAPER:CKBUSDT:1790752199999:SHORT,CKBUSDT,research,Research_Discovery,BAD_B_0P30_0P50,False,False,False,False,True,-0.12854872248483168,BE0.10
PAPER:牛来USDT:1790962199999:SHORT,牛来USDT,fresh,Fresh_2026-10-02,TARGET_GE_1P00,True,True,False,True,True,10.358943975367037,RUNNER_CLOSE
PAPER:GTCUSDT:1790861399999:SHORT,GTCUSDT,fresh,Fresh_2026-10-01,TARGET_GE_1P00,False,False,False,False,False,,
PAPER:LYNUSDT:1790964599999:SHORT,LYNUSDT,fresh,Fresh_2026-10-02,TARGET_GE_1P00,False,False,False,False,True,-0.1575135692220747,BE0.10
PAPER:MUBARAKUSDT:1790672399999:SHORT,MUBARAKUSDT,research,Research_Discovery,TARGET_GE_1P00,True,False,True,True,True,0.828626660560662,FULL_CLOSE_050
PAPER:1000BONKUSDT:1790966099999:SHORT,1000BONKUSDT,fresh,Fresh_2026-10-02,TARGET_GE_1P00,True,True,False,True,True,8.854179201357557,RUNNER_CLOSE
PAPER:SYNUSDT:1790925599999:SHORT,SYNUSDT,fresh,Fresh_2026-10-02,TARGET_GE_1P00,True,True,False,True,True,2.514097195726058,FULL_CLOSE_050
PAPER:ARBUSDT:1790842199999:SHORT,ARBUSDT,fresh,Fresh_2026-10-01,BAD_B_0P30_0P50,False,True,False,True,True,-4.807167631592496,HIST_TIME_FALLBACK
PAPER:NILUSDT:1790828399999:SHORT,NILUSDT,fresh,Fresh_2026-10-01,BAD_A_LT_0P30,False,True,False,True,True,-1.7656488069780758,HIST_TIME_FALLBACK
PAPER:ZECUSDT:1790880599999:SHORT,ZECUSDT,fresh,Fresh_2026-10-01,TARGET_GE_1P00,True,False,True,True,True,2.438729125232133,FULL_CLOSE_050
PAPER:APRUSDT:1790784599999:SHORT,APRUSDT,research,Research_Discovery,TARGET_GE_1P00,False,False,False,False,False,,
PAPER:ETHFIUSDT:1790952899999:SHORT,ETHFIUSDT,fresh,Fresh_2026-10-02,GRAY_0P50_1P00,False,False,True,True,False,,
PAPER:NOMUSDT:1791016499999:SHORT,NOMUSDT,fresh,Fresh_2026-10-03,TARGET_GE_1P00,True,False,True,True,True,4.609380633068161,FULL_CLOSE_050
PAPER:TWTUSDT:1790924999999:SHORT,TWTUSDT,fresh,Fresh_2026-10-02,TARGET_GE_1P00,True,False,False,False,True,-0.43128002760197753,BE0.10
PAPER:龙虾USDT:1790774099999:SHORT,龙虾USDT,research,Research_Discovery,GRAY_0P50_1P00,False,False,True,True,True,-4.676556216950601,HIST_TIME_FALLBACK
PAPER:KSMUSDT:1790965799999:SHORT,KSMUSDT,fresh,Fresh_2026-10-02,BAD_A_LT_0P30,False,True,False,True,True,-1.5428204918805983,HIST_TIME_FALLBACK
PAPER:CAKEUSDT:1790966699999:SHORT,CAKEUSDT,fresh,Fresh_2026-10-02,GRAY_0P50_1P00,False,False,False,False,True,-2.660305377327315,HIST_TIME_FALLBACK
PAPER:QNTUSDT:1791004199999:SHORT,QNTUSDT,fresh,Fresh_2026-10-03,BAD_B_0P30_0P50,False,False,True,True,True,-0.0016723016833556925,BE0.10
PAPER:牛来USDT:1790750399999:SHORT,牛来USDT,research,Research_Discovery,BAD_B_0P30_0P50,False,True,False,True,True,-1.9140394459944603,HIST_TIME_FALLBACK
PAPER:FETUSDT:1790755499999:SHORT,FETUSDT,research,Research_Discovery,BAD_B_0P30_0P50,False,False,True,True,True,-0.019752881803106137,BE0.10
PAPER:BRUSDT:1790801399999:SHORT,BRUSDT,research,Research_Validation,BAD_B_0P30_0P50,False,False,True,True,True,-5.169103781048132,HIST_TIME_FALLBACK
PAPER:MOVEUSDT:1790960699999:SHORT,MOVEUSDT,fresh,Fresh_2026-10-02,TARGET_GE_1P00,True,True,False,True,True,-0.04598999579138496,BE0.10
PAPER:NOMUSDT:1791008699999:SHORT,NOMUSDT,fresh,Fresh_2026-10-03,GRAY_0P50_1P00,False,False,False,False,True,-0.11797858324781152,BE0.10
PAPER:EDGEUSDT:1790757299999:SHORT,EDGEUSDT,research,Research_Discovery,GRAY_0P50_1P00,False,False,True,True,True,-2.2127972305754513,HIST_TIME_FALLBACK
PAPER:USELESSUSDT:1790839199999:SHORT,USELESSUSDT,fresh,Fresh_2026-10-01,TARGET_GE_1P00,True,True,False,True,True,1.8157660541275467,FULL_CLOSE_050
PAPER:MONUSDT:1791000299999:SHORT,MONUSDT,fresh,Fresh_2026-10-03,GRAY_0P50_1P00,False,False,True,True,True,-0.00033199239466602526,BE0.10
PAPER:PONSUSDT:1790995499999:SHORT,PONSUSDT,fresh,Fresh_2026-10-03,TARGET_GE_1P00,True,True,False,True,True,-0.9501900380075758,BE0.10
PAPER:SYRUPUSDT:1790778599999:SHORT,SYRUPUSDT,research,Research_Discovery,GRAY_0P50_1P00,False,False,False,False,False,,
PAPER:FLOCKUSDT:1790769899999:SHORT,FLOCKUSDT,research,Research_Discovery,GRAY_0P50_1P00,False,False,True,True,False,,
PAPER:2ZUSDT:1790953199999:SHORT,2ZUSDT,fresh,Fresh_2026-10-02,GRAY_0P50_1P00,False,False,False,False,False,,
PAPER:APRUSDT:1790766599999:SHORT,APRUSDT,research,Research_Discovery,BAD_B_0P30_0P50,False,False,True,True,True,-0.11240729317412473,BE0.10
PAPER:WETUSDT:1790864099999:SHORT,WETUSDT,fresh,Fresh_2026-10-01,BAD_A_LT_0P30,False,True,False,True,True,-0.03492228233859501,BE0.10
PAPER:0GUSDT:1790962799999:SHORT,0GUSDT,fresh,Fresh_2026-10-02,TARGET_GE_1P00,False,True,False,True,True,3.9425233125492705,FULL_CLOSE_050
PAPER:B2USDT:1790799899999:SHORT,B2USDT,research,Research_Validation,TARGET_GE_1P00,True,False,False,False,False,,
PAPER:ONDOUSDT:1790793599999:SHORT,ONDOUSDT,research,Research_Validation,GRAY_0P50_1P00,False,False,False,False,True,-1.2618806918294359,HIST_TIME_FALLBACK
PAPER:ORCAUSDT:1790838299999:SHORT,ORCAUSDT,fresh,Fresh_2026-10-01,TARGET_GE_1P00,True,True,False,True,True,0.8301603711376397,FULL_CLOSE_050
PAPER:MAGMAUSDT:1790893499999:SHORT,MAGMAUSDT,fresh,Fresh_2026-10-01,BAD_A_LT_0P30,False,False,True,True,True,-1.1863104106670146,HIST_TIME_FALLBACK
PAPER:1000SATSUSDT:1790965799999:SHORT,1000SATSUSDT,fresh,Fresh_2026-10-02,TARGET_GE_1P00,True,True,False,True,True,0.6711061240588136,FULL_CLOSE_050
PAPER:INITUSDT:1790991299999:SHORT,INITUSDT,fresh,Fresh_2026-10-03,BAD_B_0P30_0P50,False,True,False,True,True,-2.646575883942646,HIST_TIME_FALLBACK
PAPER:PLAYUSDT:1790766599999:SHORT,PLAYUSDT,research,Research_Discovery,GRAY_0P50_1P00,False,False,True,True,True,-0.1748257411705499,BE0.10
PAPER:ALGOUSDT:1790965199999:SHORT,ALGOUSDT,fresh,Fresh_2026-10-02,BAD_A_LT_0P30,False,True,False,True,False,,
PAPER:DUSKUSDT:1790863199999:SHORT,DUSKUSDT,fresh,Fresh_2026-10-01,TARGET_GE_1P00,True,False,False,False,True,-0.021909667051607074,BE0.10
PAPER:我踏马来了USDT:1791043799999:SHORT,我踏马来了USDT,fresh,Fresh_2026-10-03,TARGET_GE_1P00,True,False,True,True,True,4.309413817028814,FULL_CLOSE_050
PAPER:NILUSDT:1790963099999:SHORT,NILUSDT,fresh,Fresh_2026-10-02,TARGET_GE_1P00,False,False,False,False,False,,
PAPER:BRUSDT:1790987999999:SHORT,BRUSDT,fresh,Fresh_2026-10-03,TARGET_GE_1P00,False,False,False,False,False,,
PAPER:MARSCOINUSDT:1790995199999:SHORT,MARSCOINUSDT,fresh,Fresh_2026-10-03,TARGET_GE_1P00,True,False,True,True,True,4.191897956916806,FULL_CLOSE_050
PAPER:ESPORTSUSDT:1790882699999:SHORT,ESPORTSUSDT,fresh,Fresh_2026-10-01,GRAY_0P50_1P00,False,False,True,True,False,,
PAPER:PUMPBTCUSDT:1790901299999:SHORT,PUMPBTCUSDT,fresh,Fresh_2026-10-02,BAD_A_LT_0P30,False,False,True,True,False,,
PAPER:SOONUSDT:1790924999999:SHORT,SOONUSDT,fresh,Fresh_2026-10-02,BAD_A_LT_0P30,False,True,False,True,True,-5.314946303909512,HIST_TIME_FALLBACK
PAPER:ONUSDT:1790831999999:SHORT,ONUSDT,fresh,Fresh_2026-10-01,TARGET_GE_1P00,True,False,True,True,True,2.209436950510006,FULL_CLOSE_050
PAPER:MARSCOINUSDT:1790740499999:SHORT,MARSCOINUSDT,research,Research_Discovery,GRAY_0P50_1P00,False,False,False,False,True,-3.179236236025787,HIST_TIME_FALLBACK
PAPER:RAREUSDT:1790753699999:SHORT,RAREUSDT,research,Research_Discovery,GRAY_0P50_1P00,False,False,True,True,False,,
PAPER:LITUSDT:1790953499999:SHORT,LITUSDT,fresh,Fresh_2026-10-02,BAD_A_LT_0P30,False,True,False,True,True,-2.492667306675072,HIST_TIME_FALLBACK
PAPER:PENGUUSDT:1790961899999:SHORT,PENGUUSDT,fresh,Fresh_2026-10-02,TARGET_GE_1P00,True,True,False,True,True,9.551754576237864,RUNNER_CLOSE
PAPER:AINUSDT:1790820899999:SHORT,AINUSDT,research,Research_Reserve,BAD_A_LT_0P30,False,False,True,True,True,-3.369490165607828,HIST_TIME_FALLBACK
PAPER:WUSDT:1790778599999:SHORT,WUSDT,research,Research_Discovery,GRAY_0P50_1P00,False,False,True,True,True,-0.002992055041342534,BE0.10
PAPER:ARCUSDT:1790882999999:SHORT,ARCUSDT,fresh,Fresh_2026-10-01,TARGET_GE_1P00,True,False,False,False,True,3.029277999951506,FULL_CLOSE_050
PAPER:SUPERUSDT:1790938799999:SHORT,SUPERUSDT,fresh,Fresh_2026-10-02,GRAY_0P50_1P00,False,False,False,False,True,-0.7257671776453357,BE0.10
PAPER:EVAAUSDT:1790674499999:SHORT,EVAAUSDT,research,Research_Discovery,TARGET_GE_1P00,True,True,False,True,True,3.374755742151028,FULL_CLOSE_050
PAPER:RAREUSDT:1790770499999:SHORT,RAREUSDT,research,Research_Discovery,TARGET_GE_1P00,True,False,True,True,True,-0.6716284408801546,HIST_TIME_FALLBACK
PAPER:PHAUSDT:1790861999999:SHORT,PHAUSDT,fresh,Fresh_2026-10-01,TARGET_GE_1P00,True,False,False,False,True,1.8326686455935544,FULL_CLOSE_050
PAPER:TRADOORUSDT:1791033899999:SHORT,TRADOORUSDT,fresh,Fresh_2026-10-03,BAD_B_0P30_0P50,False,False,True,True,True,-5.869136992138272,HIST_TIME_FALLBACK
PAPER:ZAMAUSDT:1790781599999:SHORT,ZAMAUSDT,research,Research_Discovery,BAD_A_LT_0P30,False,True,False,True,True,-2.3798478571476576,HIST_TIME_FALLBACK
PAPER:PUMPBTCUSDT:1790939399999:SHORT,PUMPBTCUSDT,fresh,Fresh_2026-10-02,TARGET_GE_1P00,False,False,True,True,True,-0.9501900380075656,BE0.10
PAPER:NOMUSDT:1790912699999:SHORT,NOMUSDT,fresh,Fresh_2026-10-02,TARGET_GE_1P00,False,True,False,True,True,0.9316715786766379,FULL_CLOSE_050
PAPER:AVAUSDT:1791051299999:SHORT,AVAUSDT,fresh,Fresh_2026-10-03,BAD_A_LT_0P30,False,True,False,True,True,-3.5937406455263243,HIST_TIME_FALLBACK
PAPER:ARXUSDT:1790960699999:SHORT,ARXUSDT,fresh,Fresh_2026-10-02,TARGET_GE_1P00,True,True,False,True,True,4.378987829504217,FULL_CLOSE_050
PAPER:TRUTHUSDT:1791031799999:SHORT,TRUTHUSDT,fresh,Fresh_2026-10-03,BAD_A_LT_0P30,False,False,True,True,True,-0.15060469382574337,BE0.10
PAPER:FARTCOINUSDT:1790839499999:SHORT,FARTCOINUSDT,fresh,Fresh_2026-10-01,GRAY_0P50_1P00,False,False,False,False,True,-0.09499324409303361,BE0.10
PAPER:ARKMUSDT:1790678399999:SHORT,ARKMUSDT,research,Research_Discovery,BAD_A_LT_0P30,False,True,False,True,True,-0.5651321995167891,HIST_TIME_FALLBACK
PAPER:FLOCKUSDT:1790884199999:SHORT,FLOCKUSDT,fresh,Fresh_2026-10-01,TARGET_GE_1P00,False,False,False,False,False,,
PAPER:FOGOUSDT:1790789699999:SHORT,FOGOUSDT,research,Research_Validation,TARGET_GE_1P00,True,True,False,True,True,1.8710114839048841,FULL_CLOSE_050
PAPER:1000000BOBUSDT:1790847599999:SHORT,1000000BOBUSDT,fresh,Fresh_2026-10-01,TARGET_GE_1P00,True,False,True,True,False,,
PAPER:ZROUSDT:1791044699999:SHORT,ZROUSDT,fresh,Fresh_2026-10-03,GRAY_0P50_1P00,False,False,True,True,True,-0.16285132671650498,BE0.10
PAPER:NOMUSDT:1790873099999:SHORT,NOMUSDT,fresh,Fresh_2026-10-01,GRAY_0P50_1P00,False,False,False,False,True,-2.023617893700241,HIST_TIME_FALLBACK
PAPER:SLPUSDT:1790936099999:SHORT,SLPUSDT,fresh,Fresh_2026-10-02,TARGET_GE_1P00,True,False,False,False,True,1.3524279256465195,FULL_CLOSE_050
PAPER:TWTUSDT:1790849099999:SHORT,TWTUSDT,fresh,Fresh_2026-10-01,GRAY_0P50_1P00,False,False,True,True,False,,
PAPER:MARSCOINUSDT:1790747699999:SHORT,MARSCOINUSDT,research,Research_Discovery,BAD_B_0P30_0P50,False,True,False,True,True,-0.09579120200352242,BE0.10
PAPER:PROMPTUSDT:1790858999999:SHORT,PROMPTUSDT,fresh,Fresh_2026-10-01,TARGET_GE_1P00,True,False,False,False,True,-0.07734750960658576,BE0.10
PAPER:ROBOUSDT:1790867399999:SHORT,ROBOUSDT,fresh,Fresh_2026-10-01,BAD_B_0P30_0P50,False,True,False,True,True,-6.4998041182514745,HIST_TIME_FALLBACK
PAPER:BRUSDT:1790897099999:SHORT,BRUSDT,fresh,Fresh_2026-10-01,TARGET_GE_1P00,False,True,False,True,False,,
PAPER:WLDUSDT:1790869499999:SHORT,WLDUSDT,fresh,Fresh_2026-10-01,GRAY_0P50_1P00,False,False,False,False,False,,
PAPER:INJUSDT:1791001199999:SHORT,INJUSDT,fresh,Fresh_2026-10-03,GRAY_0P50_1P00,False,True,False,True,True,-4.153017167016389,HIST_TIME_FALLBACK
PAPER:COMPUSDT:1790763599999:SHORT,COMPUSDT,research,Research_Discovery,BAD_A_LT_0P30,False,True,False,True,True,-3.345286641060264,HIST_TIME_FALLBACK
PAPER:MOVRUSDT:1791047999999:SHORT,MOVRUSDT,fresh,Fresh_2026-10-03,BAD_A_LT_0P30,False,False,False,False,True,-0.0027789218008638095,BE0.10
PAPER:PHAUSDT:1790768399999:SHORT,PHAUSDT,research,Research_Discovery,TARGET_GE_1P00,False,False,False,False,False,,
PAPER:SOONUSDT:1790869199999:SHORT,SOONUSDT,fresh,Fresh_2026-10-01,TARGET_GE_1P00,False,False,False,False,True,-1.5512649539993615,HIST_TIME_FALLBACK
PAPER:SYRUPUSDT:1790779499999:SHORT,SYRUPUSDT,research,Research_Discovery,BAD_B_0P30_0P50,False,True,False,True,True,-2.2872783855277468,HIST_TIME_FALLBACK
PAPER:ZESTUSDT:1790850599999:SHORT,ZESTUSDT,fresh,Fresh_2026-10-01,GRAY_0P50_1P00,False,False,True,True,False,,
PAPER:PONSUSDT:1790965199999:SHORT,PONSUSDT,fresh,Fresh_2026-10-02,GRAY_0P50_1P00,False,True,False,True,True,-1.1526062086659317,HIST_TIME_FALLBACK
PAPER:BRUSDT:1790893499999:SHORT,BRUSDT,fresh,Fresh_2026-10-01,GRAY_0P50_1P00,False,True,False,True,False,,
PAPER:ZKUSDT:1790778299999:SHORT,ZKUSDT,research,Research_Discovery,GRAY_0P50_1P00,False,False,True,True,False,,
PAPER:GRASSUSDT:1790841899999:SHORT,GRASSUSDT,fresh,Fresh_2026-10-01,TARGET_GE_1P00,True,False,True,True,True,0.772466193841076,FULL_CLOSE_050
PAPER:牛来USDT:1790951999999:SHORT,牛来USDT,fresh,Fresh_2026-10-02,GRAY_0P50_1P00,False,False,True,True,True,1.618442915799946,FULL_CLOSE_050
PAPER:FFUSDT:1790953499999:SHORT,FFUSDT,fresh,Fresh_2026-10-02,BAD_A_LT_0P30,False,True,False,True,True,-0.08979954292673226,BE0.10
PAPER:1000XECUSDT:1790912999999:SHORT,1000XECUSDT,fresh,Fresh_2026-10-02,GRAY_0P50_1P00,False,False,False,False,False,,
PAPER:METUSDT:1790842199999:SHORT,METUSDT,fresh,Fresh_2026-10-01,GRAY_0P50_1P00,False,False,False,False,True,-0.12443089904688148,BE0.10
PAPER:ERAUSDT:1790777999999:SHORT,ERAUSDT,research,Research_Discovery,TARGET_GE_1P00,True,False,True,True,True,1.0063576079617556,FULL_CLOSE_050
PAPER:SAFEUSDT:1790866199999:SHORT,SAFEUSDT,fresh,Fresh_2026-10-01,BAD_B_0P30_0P50,False,True,False,True,True,-4.536038920036239,HIST_TIME_FALLBACK
PAPER:INITUSDT:1791016499999:SHORT,INITUSDT,fresh,Fresh_2026-10-03,GRAY_0P50_1P00,False,True,False,True,False,,
PAPER:PROMPTUSDT:1790873699999:SHORT,PROMPTUSDT,fresh,Fresh_2026-10-01,GRAY_0P50_1P00,False,True,False,True,True,-0.22646687168751162,BE0.10
PAPER:PIPPINUSDT:1790796899999:SHORT,PIPPINUSDT,research,Research_Validation,GRAY_0P50_1P00,False,False,False,False,False,,
PAPER:NILUSDT:1790759999999:SHORT,NILUSDT,research,Research_Discovery,GRAY_0P50_1P00,False,False,True,True,True,-1.9230696802444132,HIST_TIME_FALLBACK
PAPER:APRUSDT:1790876399999:SHORT,APRUSDT,fresh,Fresh_2026-10-01,TARGET_GE_1P00,True,False,False,False,True,3.066095221232374,FULL_CLOSE_050
PAPER:NOMUSDT:1790914499999:SHORT,NOMUSDT,fresh,Fresh_2026-10-02,GRAY_0P50_1P00,False,False,False,False,True,-0.18096193191776422,BE0.10
PAPER:0GUSDT:1790778899999:SHORT,0GUSDT,research,Research_Discovery,GRAY_0P50_1P00,False,True,False,True,True,-0.15360316652766193,BE0.10
PAPER:BTWUSDT:1790939699999:SHORT,BTWUSDT,fresh,Fresh_2026-10-02,TARGET_GE_1P00,True,True,False,True,True,6.625779766379385,RUNNER_CLOSE
PAPER:TUSDT:1790988899999:SHORT,TUSDT,fresh,Fresh_2026-10-03,GRAY_0P50_1P00,False,True,False,True,True,-0.03756434969759309,BE0.10
PAPER:XPINUSDT:1790789699999:SHORT,XPINUSDT,research,Research_Validation,BAD_A_LT_0P30,False,True,False,True,True,-2.1321857641894573,HIST_TIME_FALLBACK
PAPER:ATUSDT:1790879699999:SHORT,ATUSDT,fresh,Fresh_2026-10-01,GRAY_0P50_1P00,False,True,False,True,True,0.9689480707643556,FULL_CLOSE_050
PAPER:TRUSTUSDT:1790840399999:SHORT,TRUSTUSDT,fresh,Fresh_2026-10-01,BAD_A_LT_0P30,False,False,True,True,True,-0.12320310584499516,BE0.10
PAPER:APTUSDT:1790965199999:SHORT,APTUSDT,fresh,Fresh_2026-10-02,BAD_A_LT_0P30,False,False,False,False,True,-0.9501900380076185,HIST_TIME_FALLBACK
PAPER:XNYUSDT:1790923199999:SHORT,XNYUSDT,fresh,Fresh_2026-10-02,TARGET_GE_1P00,True,True,False,True,True,3.757186604421646,FULL_CLOSE_050
PAPER:JASMYUSDT:1790962799999:SHORT,JASMYUSDT,fresh,Fresh_2026-10-02,BAD_A_LT_0P30,False,True,False,True,True,-0.08960231874448304,BE0.10
PAPER:EIGENUSDT:1790798099999:SHORT,EIGENUSDT,research,Research_Validation,GRAY_0P50_1P00,False,False,True,True,False,,
PAPER:ILVUSDT:1790965499999:SHORT,ILVUSDT,fresh,Fresh_2026-10-02,TARGET_GE_1P00,True,False,True,True,False,,
PAPER:GRASSUSDT:1790996099999:SHORT,GRASSUSDT,fresh,Fresh_2026-10-03,BAD_B_0P30_0P50,False,True,False,True,True,-2.1574220185220137,HIST_TIME_FALLBACK
PAPER:HUMAUSDT:1790914499999:SHORT,HUMAUSDT,fresh,Fresh_2026-10-02,GRAY_0P50_1P00,False,True,False,True,True,-0.45742443614455164,HIST_TIME_FALLBACK
PAPER:MEGAUSDT:1790968199999:SHORT,MEGAUSDT,fresh,Fresh_2026-10-02,GRAY_0P50_1P00,False,True,False,True,True,-0.06811921855730213,BE0.10
PAPER:JTOUSDT:1790778299999:SHORT,JTOUSDT,research,Research_Discovery,GRAY_0P50_1P00,False,False,False,False,False,,
PAPER:EIGENUSDT:1790842199999:SHORT,EIGENUSDT,fresh,Fresh_2026-10-01,BAD_B_0P30_0P50,False,True,False,True,True,-0.7439373845102625,BE0.10
PAPER:LITUSDT:1791050999999:SHORT,LITUSDT,fresh,Fresh_2026-10-03,BAD_B_0P30_0P50,False,True,False,True,True,-0.0059967306767271245,BE0.10
PAPER:KAITOUSDT:1790966099999:SHORT,KAITOUSDT,fresh,Fresh_2026-10-02,BAD_A_LT_0P30,False,True,False,True,False,,
PAPER:HEIUSDT:1790885999999:SHORT,HEIUSDT,fresh,Fresh_2026-10-01,GRAY_0P50_1P00,False,True,False,True,True,-0.05587581131982283,BE0.10
PAPER:SLXUSDT:1790789999999:SHORT,SLXUSDT,research,Research_Validation,TARGET_GE_1P00,True,True,False,True,True,2.657414630748092,FULL_CLOSE_050
PAPER:PLUMEUSDT:1790832899999:SHORT,PLUMEUSDT,fresh,Fresh_2026-10-01,GRAY_0P50_1P00,False,False,True,True,False,,
PAPER:BRETTUSDT:1790962799999:SHORT,BRETTUSDT,fresh,Fresh_2026-10-02,GRAY_0P50_1P00,False,True,False,True,True,-0.023666886330251102,BE0.10
PAPER:GPSUSDT:1790792699999:SHORT,GPSUSDT,research,Research_Validation,TARGET_GE_1P00,True,False,False,False,True,-2.2311615223244305,HIST_TIME_FALLBACK
PAPER:FARTCOINUSDT:1790965499999:SHORT,FARTCOINUSDT,fresh,Fresh_2026-10-02,TARGET_GE_1P00,True,True,False,True,True,1.3187060074905008,FULL_CLOSE_050
PAPER:BRUSDT:1790781899999:SHORT,BRUSDT,research,Research_Discovery,GRAY_0P50_1P00,False,True,False,True,True,1.1031671716827733,FULL_CLOSE_050
PAPER:WUSDT:1790818799999:SHORT,WUSDT,research,Research_Reserve,GRAY_0P50_1P00,False,True,False,True,True,1.1885391301331734,FULL_CLOSE_050
PAPER:牛来USDT:1790961599999:SHORT,牛来USDT,fresh,Fresh_2026-10-02,GRAY_0P50_1P00,False,False,True,True,False,,
PAPER:BBUSDT:1790839499999:SHORT,BBUSDT,fresh,Fresh_2026-10-01,GRAY_0P50_1P00,False,True,False,True,True,-0.37709188121963627,BE0.10
PAPER:NIGHTUSDT:1790746799999:SHORT,NIGHTUSDT,research,Research_Discovery,GRAY_0P50_1P00,False,False,True,True,True,-0.01482686758466284,BE0.10
PAPER:POLUSDT:1790872799999:SHORT,POLUSDT,fresh,Fresh_2026-10-01,BAD_A_LT_0P30,False,True,False,True,True,-1.562312836473764,HIST_TIME_FALLBACK
PAPER:1000000BOBUSDT:1791059999999:SHORT,1000000BOBUSDT,fresh,Fresh_2026-10-03,TARGET_GE_1P00,True,False,False,False,False,,
PAPER:PUMPBTCUSDT:1790931899999:SHORT,PUMPBTCUSDT,fresh,Fresh_2026-10-02,TARGET_GE_1P00,True,False,False,False,True,1.5811636410721557,FULL_CLOSE_050
PAPER:GRIFFAINUSDT:1790838899999:SHORT,GRIFFAINUSDT,fresh,Fresh_2026-10-01,TARGET_GE_1P00,True,False,False,False,True,1.1784937176974712,FULL_CLOSE_050
PAPER:SQDUSDT:1790927399999:SHORT,SQDUSDT,fresh,Fresh_2026-10-02,BAD_A_LT_0P30,False,True,False,True,False,,
PAPER:REUSDT:1790777999999:SHORT,REUSDT,research,Research_Discovery,TARGET_GE_1P00,True,False,True,True,True,-0.3327041950330578,BE0.10
PAPER:PONSUSDT:1791051299999:SHORT,PONSUSDT,fresh,Fresh_2026-10-03,BAD_B_0P30_0P50,False,False,True,True,True,-0.08113588863602345,BE0.10
PAPER:ETHFIUSDT:1790962799999:SHORT,ETHFIUSDT,fresh,Fresh_2026-10-02,GRAY_0P50_1P00,False,True,False,True,True,-0.026881656836470535,BE0.10
PAPER:ONDOUSDT:1790777999999:SHORT,ONDOUSDT,research,Research_Discovery,TARGET_GE_1P00,True,False,True,True,True,1.639850746268645,FULL_CLOSE_050
PAPER:POWERUSDT:1790985899999:SHORT,POWERUSDT,fresh,Fresh_2026-10-03,BAD_A_LT_0P30,False,True,False,True,True,-2.2765098173090337,HIST_TIME_FALLBACK
PAPER:MONUSDT:1790887199999:SHORT,MONUSDT,fresh,Fresh_2026-10-01,BAD_B_0P30_0P50,False,True,False,True,True,-3.476846282261099,HIST_TIME_FALLBACK
PAPER:2ZUSDT:1790957699999:SHORT,2ZUSDT,fresh,Fresh_2026-10-02,GRAY_0P50_1P00,False,True,False,True,True,-0.1917427803742966,BE0.10
PAPER:PENDLEUSDT:1790849999999:SHORT,PENDLEUSDT,fresh,Fresh_2026-10-01,TARGET_GE_1P00,True,False,False,False,True,2.74501104965327,FULL_CLOSE_050
PAPER:BULLAUSDT:1790957399999:SHORT,BULLAUSDT,fresh,Fresh_2026-10-02,GRAY_0P50_1P00,False,True,False,True,False,,
PAPER:PHAUSDT:1790677199999:SHORT,PHAUSDT,research,Research_Discovery,GRAY_0P50_1P00,False,False,False,False,False,,
PAPER:EIGENUSDT:1790778299999:SHORT,EIGENUSDT,research,Research_Discovery,GRAY_0P50_1P00,False,False,True,True,True,-2.9925204747191225,HIST_TIME_FALLBACK
PAPER:CFGUSDT:1790781299999:SHORT,CFGUSDT,research,Research_Discovery,GRAY_0P50_1P00,False,False,True,True,True,1.3983530787927339,FULL_CLOSE_050
PAPER:TAUSDT:1790890499999:SHORT,TAUSDT,fresh,Fresh_2026-10-01,TARGET_GE_1P00,False,False,False,False,True,1.7794565519648466,FULL_CLOSE_050
PAPER:FLOCKUSDT:1790882999999:SHORT,FLOCKUSDT,fresh,Fresh_2026-10-01,TARGET_GE_1P00,True,True,False,True,True,4.057985172958385,FULL_CLOSE_050
PAPER:YBUSDT:1790857199999:SHORT,YBUSDT,fresh,Fresh_2026-10-01,BAD_A_LT_0P30,False,False,False,False,True,-2.1934873757720053,HIST_TIME_FALLBACK
PAPER:EDENUSDT:1790965799999:SHORT,EDENUSDT,fresh,Fresh_2026-10-02,TARGET_GE_1P00,True,True,False,True,True,1.6146700305047748,FULL_CLOSE_050
PAPER:SPORTFUNUSDT:1791060899999:SHORT,SPORTFUNUSDT,fresh,Fresh_2026-10-03,GRAY_0P50_1P00,False,False,False,False,False,,
PAPER:HANAUSDT:1791018899999:SHORT,HANAUSDT,fresh,Fresh_2026-10-03,TARGET_GE_1P00,False,False,True,True,False,,
PAPER:YBUSDT:1790781599999:SHORT,YBUSDT,research,Research_Discovery,GRAY_0P50_1P00,False,False,False,False,False,,
PAPER:PUMPBTCUSDT:1790872199999:SHORT,PUMPBTCUSDT,fresh,Fresh_2026-10-01,GRAY_0P50_1P00,False,False,False,False,True,-1.5674220849102916,HIST_TIME_FALLBACK
PAPER:ETCUSDT:1790778599999:SHORT,ETCUSDT,research,Research_Discovery,GRAY_0P50_1P00,False,False,True,True,False,,
PAPER:HUMAUSDT:1790840099999:SHORT,HUMAUSDT,fresh,Fresh_2026-10-01,TARGET_GE_1P00,True,True,False,True,True,2.1978805904836394,FULL_CLOSE_050
PAPER:POWERUSDT:1790930699999:SHORT,POWERUSDT,fresh,Fresh_2026-10-02,BAD_A_LT_0P30,False,True,False,True,True,-1.3802902381138638,HIST_TIME_FALLBACK
PAPER:VELVETUSDT:1790923499999:SHORT,VELVETUSDT,fresh,Fresh_2026-10-02,GRAY_0P50_1P00,False,False,True,True,True,-0.1375679762575337,BE0.10
PAPER:1000RATSUSDT:1790852099999:SHORT,1000RATSUSDT,fresh,Fresh_2026-10-01,GRAY_0P50_1P00,False,False,True,True,False,,
PAPER:THETAUSDT:1790775599999:SHORT,THETAUSDT,research,Research_Discovery,GRAY_0P50_1P00,False,False,False,False,False,,
PAPER:INXUSDT:1790966099999:SHORT,INXUSDT,fresh,Fresh_2026-10-02,TARGET_GE_1P00,True,False,True,True,True,9.013623714024925,RUNNER_CLOSE
PAPER:QNTUSDT:1790774399999:SHORT,QNTUSDT,research,Research_Discovery,GRAY_0P50_1P00,False,False,True,True,False,,
PAPER:OPUSDT:1790778299999:SHORT,OPUSDT,research,Research_Discovery,GRAY_0P50_1P00,False,False,True,True,True,-3.37474888881066,HIST_TIME_FALLBACK
PAPER:HAEDALUSDT:1790666399999:SHORT,HAEDALUSDT,research,Research_Discovery,GRAY_0P50_1P00,False,True,False,True,True,-0.19932725295063947,BE0.10
PAPER:SYNUSDT:1790885099999:SHORT,SYNUSDT,fresh,Fresh_2026-10-01,TARGET_GE_1P00,True,False,False,False,True,-1.1636890794484025,HIST_TIME_FALLBACK
PAPER:OPGUSDT:1791015599999:SHORT,OPGUSDT,fresh,Fresh_2026-10-03,BAD_A_LT_0P30,False,True,False,True,True,-0.1794815083110266,BE0.10
PAPER:INJUSDT:1790775599999:SHORT,INJUSDT,research,Research_Discovery,TARGET_GE_1P00,False,False,False,False,True,-3.29904801512659,HIST_TIME_FALLBACK
PAPER:KMNOUSDT:1790848799999:SHORT,KMNOUSDT,fresh,Fresh_2026-10-01,TARGET_GE_1P00,True,True,False,True,True,-0.11847241867074537,BE0.10
PAPER:PHAROSUSDT:1790666399999:SHORT,PHAROSUSDT,research,Research_Discovery,GRAY_0P50_1P00,False,False,True,True,True,-0.059486852886541985,BE0.10
PAPER:BLUAIUSDT:1790881799999:SHORT,BLUAIUSDT,fresh,Fresh_2026-10-01,GRAY_0P50_1P00,False,False,False,False,True,-0.01309299686158999,BE0.10
PAPER:WLFIUSDT:1790804999999:SHORT,WLFIUSDT,research,Research_Reserve,BAD_B_0P30_0P50,False,False,False,False,True,-0.03288164504804292,BE0.10
PAPER:NOMUSDT:1790819699999:SHORT,NOMUSDT,research,Research_Reserve,GRAY_0P50_1P00,False,False,True,True,False,,
PAPER:MARSCOINUSDT:1791014699999:SHORT,MARSCOINUSDT,fresh,Fresh_2026-10-03,BAD_B_0P30_0P50,False,False,True,True,True,-11.528313311504577,HIST_TIME_FALLBACK
PAPER:MOVRUSDT:1791008699999:SHORT,MOVRUSDT,fresh,Fresh_2026-10-03,TARGET_GE_1P00,False,False,False,False,False,,
PAPER:BIOUSDT:1791046799999:SHORT,BIOUSDT,fresh,Fresh_2026-10-03,BAD_B_0P30_0P50,False,False,True,True,True,-5.286260019087613,HIST_TIME_FALLBACK
PAPER:XPLUSDT:1790965199999:SHORT,XPLUSDT,fresh,Fresh_2026-10-02,BAD_A_LT_0P30,False,False,True,True,True,-1.3211827675222412,HIST_TIME_FALLBACK
PAPER:BLUAIUSDT:1790859599999:SHORT,BLUAIUSDT,fresh,Fresh_2026-10-01,GRAY_0P50_1P00,False,False,False,False,False,,
PAPER:COTIUSDT:1790938799999:SHORT,COTIUSDT,fresh,Fresh_2026-10-02,GRAY_0P50_1P00,False,True,False,True,True,-0.01902062103770885,BE0.10
PAPER:PONSUSDT:1790976599999:SHORT,PONSUSDT,fresh,Fresh_2026-10-02,TARGET_GE_1P00,True,True,False,True,True,-5.102012954709281,HIST_TIME_FALLBACK
PAPER:USUSDT:1790819699999:SHORT,USUSDT,research,Research_Reserve,TARGET_GE_1P00,True,False,False,False,True,2.9693928998101957,FULL_CLOSE_050
PAPER:ALCHUSDT:1790781299999:SHORT,ALCHUSDT,research,Research_Discovery,GRAY_0P50_1P00,False,False,False,False,True,3.1860000410920306,FULL_CLOSE_050
PAPER:XVSUSDT:1790791499999:SHORT,XVSUSDT,research,Research_Validation,GRAY_0P50_1P00,False,True,False,True,True,-0.1261979556404389,BE0.10
PAPER:PTBUSDT:1790793299999:SHORT,PTBUSDT,research,Research_Validation,TARGET_GE_1P00,True,False,True,True,False,,
PAPER:INJUSDT:1790777999999:SHORT,INJUSDT,research,Research_Discovery,TARGET_GE_1P00,True,True,False,True,True,2.366670585638417,FULL_CLOSE_050
PAPER:FLOWUSDT:1790793599999:SHORT,FLOWUSDT,research,Research_Validation,GRAY_0P50_1P00,False,False,False,False,False,,
PAPER:MEGAUSDT:1790779799999:SHORT,MEGAUSDT,research,Research_Discovery,TARGET_GE_1P00,True,True,False,True,True,1.1629322463929945,FULL_CLOSE_050
PAPER:BROCCOLI714USDT:1790873699999:SHORT,BROCCOLI714USDT,fresh,Fresh_2026-10-01,BAD_B_0P30_0P50,False,False,False,False,True,-0.19545925770150302,BE0.10
PAPER:RAYSOLUSDT:1790838899999:SHORT,RAYSOLUSDT,fresh,Fresh_2026-10-01,TARGET_GE_1P00,True,False,True,True,True,0.6694562297284123,FULL_CLOSE_050
PAPER:CRVUSDT:1790966099999:SHORT,CRVUSDT,fresh,Fresh_2026-10-02,BAD_A_LT_0P30,False,False,False,False,False,,
PAPER:USUSDT:1790958299999:SHORT,USUSDT,fresh,Fresh_2026-10-02,GRAY_0P50_1P00,False,False,True,True,True,-0.14616344584439595,BE0.10
PAPER:BRUSDT:1791028499999:SHORT,BRUSDT,fresh,Fresh_2026-10-03,TARGET_GE_1P00,False,False,False,False,False,,
PAPER:DOODUSDT:1790966399999:SHORT,DOODUSDT,fresh,Fresh_2026-10-02,GRAY_0P50_1P00,False,False,False,False,False,,
PAPER:SKYUSDT:1790903999999:SHORT,SKYUSDT,fresh,Fresh_2026-10-02,BAD_B_0P30_0P50,False,False,True,True,True,-7.926213650994881,HIST_TIME_FALLBACK
PAPER:GWEIUSDT:1790951699999:SHORT,GWEIUSDT,fresh,Fresh_2026-10-02,GRAY_0P50_1P00,False,False,False,False,True,-0.7174726088871157,HIST_TIME_FALLBACK
PAPER:USELESSUSDT:1790961299999:SHORT,USELESSUSDT,fresh,Fresh_2026-10-02,TARGET_GE_1P00,True,False,True,True,False,,
PAPER:SAGAUSDT:1790890499999:SHORT,SAGAUSDT,fresh,Fresh_2026-10-01,GRAY_0P50_1P00,False,True,False,True,True,1.4976104022760648,FULL_CLOSE_050
PAPER:PUMPUSDT:1790843699999:SHORT,PUMPUSDT,fresh,Fresh_2026-10-01,GRAY_0P50_1P00,False,False,True,True,True,-2.843235057060045,HIST_TIME_FALLBACK
PAPER:OUSDT:1790770199999:SHORT,OUSDT,research,Research_Discovery,GRAY_0P50_1P00,False,True,False,True,True,-2.4848660038590373,HIST_TIME_FALLBACK
PAPER:ATOMUSDT:1790966399999:SHORT,ATOMUSDT,fresh,Fresh_2026-10-02,GRAY_0P50_1P00,False,False,False,False,False,,
PAPER:MONUSDT:1790959199999:SHORT,MONUSDT,fresh,Fresh_2026-10-02,GRAY_0P50_1P00,False,False,False,False,False,,
PAPER:JTOUSDT:1790781899999:SHORT,JTOUSDT,research,Research_Discovery,GRAY_0P50_1P00,False,False,False,False,True,-0.0005121969186465125,BE0.10
PAPER:UBUSDT:1790778299999:SHORT,UBUSDT,research,Research_Discovery,TARGET_GE_1P00,True,True,False,True,True,0.8788678780223829,FULL_CLOSE_050
PAPER:LSKUSDT:1790979299999:SHORT,LSKUSDT,fresh,Fresh_2026-10-02,GRAY_0P50_1P00,False,True,False,True,True,-2.4461502782071296,HIST_TIME_FALLBACK
PAPER:AEROUSDT:1790883599999:SHORT,AEROUSDT,fresh,Fresh_2026-10-01,BAD_B_0P30_0P50,False,True,False,True,True,1.1747110774097087,FULL_CLOSE_050
PAPER:ARXUSDT:1790861699999:SHORT,ARXUSDT,fresh,Fresh_2026-10-01,TARGET_GE_1P00,False,True,False,True,True,-3.471072289997484,HIST_TIME_FALLBACK
PAPER:JOEUSDT:1790873399999:SHORT,JOEUSDT,fresh,Fresh_2026-10-01,TARGET_GE_1P00,False,False,True,True,False,,
PAPER:NILUSDT:1790965799999:SHORT,NILUSDT,fresh,Fresh_2026-10-02,BAD_B_0P30_0P50,False,True,False,True,True,-2.8789410913263294,HIST_TIME_FALLBACK
PAPER:ONEUSDT:1790925599999:SHORT,ONEUSDT,fresh,Fresh_2026-10-02,BAD_A_LT_0P30,False,False,True,True,False,,
PAPER:RAREUSDT:1790788499999:SHORT,RAREUSDT,research,Research_Validation,GRAY_0P50_1P00,False,False,False,False,False,,
PAPER:JASMYUSDT:1790961899999:SHORT,JASMYUSDT,fresh,Fresh_2026-10-02,TARGET_GE_1P00,True,False,False,False,True,1.5040726323655196,FULL_CLOSE_050
PAPER:APRUSDT:1790812499999:SHORT,APRUSDT,research,Research_Reserve,GRAY_0P50_1P00,False,False,False,False,True,-0.24065752200751456,BE0.10
PAPER:JUPUSDT:1790966399999:SHORT,JUPUSDT,fresh,Fresh_2026-10-02,TARGET_GE_1P00,True,False,False,False,False,,
PAPER:ALCHUSDT:1790968799999:SHORT,ALCHUSDT,fresh,Fresh_2026-10-02,TARGET_GE_1P00,False,False,True,True,False,,
PAPER:FIGHTUSDT:1790871299999:SHORT,FIGHTUSDT,fresh,Fresh_2026-10-01,GRAY_0P50_1P00,False,False,True,True,True,-0.1282274927891761,BE0.10
PAPER:FIGHTUSDT:1790683499999:SHORT,FIGHTUSDT,research,Research_Discovery,TARGET_GE_1P00,True,False,False,False,True,2.322307118439893,FULL_CLOSE_050
PAPER:STRKUSDT:1790965199999:SHORT,STRKUSDT,fresh,Fresh_2026-10-02,BAD_A_LT_0P30,False,True,False,True,True,-0.13567903608612858,BE0.10
PAPER:COTIUSDT:1790820299999:SHORT,COTIUSDT,research,Research_Reserve,GRAY_0P50_1P00,False,False,True,True,True,1.284351553294667,FULL_CLOSE_050
PAPER:MARSCOINUSDT:1790750399999:SHORT,MARSCOINUSDT,research,Research_Discovery,GRAY_0P50_1P00,False,False,True,True,True,-1.7961134685745213,HIST_TIME_FALLBACK
PAPER:PONSUSDT:1790966099999:SHORT,PONSUSDT,fresh,Fresh_2026-10-02,TARGET_GE_1P00,True,True,False,True,True,14.738239537695877,RUNNER_CLOSE
PAPER:TRUMPUSDT:1790962799999:SHORT,TRUMPUSDT,fresh,Fresh_2026-10-02,GRAY_0P50_1P00,False,True,False,True,True,-0.22611792126995772,BE0.10
PAPER:ZECUSDT:1790793599999:SHORT,ZECUSDT,research,Research_Validation,GRAY_0P50_1P00,False,True,False,True,True,1.8850132448752173,FULL_CLOSE_050
PAPER:DRIFTUSDT:1790802899999:SHORT,DRIFTUSDT,research,Research_Reserve,GRAY_0P50_1P00,False,False,True,True,True,-2.002924401915092,HIST_TIME_FALLBACK
PAPER:SKRUSDT:1790777699999:SHORT,SKRUSDT,research,Research_Discovery,TARGET_GE_1P00,True,True,False,True,True,1.5995230327209335,FULL_CLOSE_050
PAPER:BTWUSDT:1790927399999:SHORT,BTWUSDT,fresh,Fresh_2026-10-02,GRAY_0P50_1P00,False,True,False,True,True,-0.015829157881316946,BE0.10
PAPER:VVVUSDT:1790996699999:SHORT,VVVUSDT,fresh,Fresh_2026-10-03,BAD_A_LT_0P30,False,False,True,True,True,-2.8483130468656936,HIST_TIME_FALLBACK
PAPER:BROCCOLIF3BUSDT:1790799899999:SHORT,BROCCOLIF3BUSDT,research,Research_Validation,GRAY_0P50_1P00,False,False,False,False,True,-5.58184660063678,HIST_TIME_FALLBACK
PAPER:PROMPTUSDT:1790867699999:SHORT,PROMPTUSDT,fresh,Fresh_2026-10-01,TARGET_GE_1P00,False,False,False,False,True,-0.2510626776193837,BE0.10
PAPER:HBARUSDT:1790805899999:SHORT,HBARUSDT,research,Research_Reserve,GRAY_0P50_1P00,False,False,False,False,True,-1.617560065674552,HIST_TIME_FALLBACK
PAPER:API3USDT:1790842499999:SHORT,API3USDT,fresh,Fresh_2026-10-01,TARGET_GE_1P00,False,False,True,True,False,,
PAPER:MARSCOINUSDT:1790779199999:SHORT,MARSCOINUSDT,research,Research_Discovery,TARGET_GE_1P00,True,False,False,False,True,-0.8389016453802545,HIST_TIME_FALLBACK
PAPER:ARKUSDT:1790924699999:SHORT,ARKUSDT,fresh,Fresh_2026-10-02,TARGET_GE_1P00,True,True,False,True,True,1.1173531975785365,FULL_CLOSE_050
PAPER:CROSSUSDT:1791017099999:SHORT,CROSSUSDT,fresh,Fresh_2026-10-03,GRAY_0P50_1P00,False,False,False,False,False,,
PAPER:LITUSDT:1790912399999:SHORT,LITUSDT,fresh,Fresh_2026-10-02,GRAY_0P50_1P00,False,False,False,False,False,,
PAPER:哈基米USDT:1790962799999:SHORT,哈基米USDT,fresh,Fresh_2026-10-02,TARGET_GE_1P00,True,False,False,False,False,,
PAPER:PTBUSDT:1790965799999:SHORT,PTBUSDT,fresh,Fresh_2026-10-02,GRAY_0P50_1P00,False,False,False,False,False,,
PAPER:龙虾USDT:1790784599999:SHORT,龙虾USDT,research,Research_Discovery,TARGET_GE_1P00,True,False,False,False,True,-0.06369324337118304,BE0.10
PAPER:LINEAUSDT:1790778599999:SHORT,LINEAUSDT,research,Research_Discovery,GRAY_0P50_1P00,False,True,False,True,True,1.1076730248413855,FULL_CLOSE_050
PAPER:MELANIAUSDT:1790839499999:SHORT,MELANIAUSDT,fresh,Fresh_2026-10-01,GRAY_0P50_1P00,False,True,False,True,True,-0.19087992797645648,BE0.10
PAPER:SKYAIUSDT:1790793599999:SHORT,SKYAIUSDT,research,Research_Validation,GRAY_0P50_1P00,False,False,True,True,True,1.3030505710239628,FULL_CLOSE_050
PAPER:SYNUSDT:1791032699999:SHORT,SYNUSDT,fresh,Fresh_2026-10-03,TARGET_GE_1P00,True,False,True,True,True,1.0646968649904975,FULL_CLOSE_050
PAPER:KMNOUSDT:1790847899999:SHORT,KMNOUSDT,fresh,Fresh_2026-10-01,GRAY_0P50_1P00,False,False,False,False,False,,
PAPER:GWEIUSDT:1790963099999:SHORT,GWEIUSDT,fresh,Fresh_2026-10-02,BAD_B_0P30_0P50,False,True,False,True,True,-3.099606407445633,HIST_TIME_FALLBACK
PAPER:HANAUSDT:1790760299999:SHORT,HANAUSDT,research,Research_Discovery,GRAY_0P50_1P00,False,False,False,False,False,,
PAPER:MTLUSDT:1790819099999:SHORT,MTLUSDT,research,Research_Reserve,TARGET_GE_1P00,True,False,True,True,True,1.0478073431695234,FULL_CLOSE_050
PAPER:THEUSDT:1790929499999:SHORT,THEUSDT,fresh,Fresh_2026-10-02,GRAY_0P50_1P00,False,False,False,False,True,-1.0839800126269696,HIST_TIME_FALLBACK
PAPER:ARUSDT:1791030899999:SHORT,ARUSDT,fresh,Fresh_2026-10-03,GRAY_0P50_1P00,False,True,False,True,True,-0.07962449011536726,BE0.10
PAPER:PLAYUSDT:1790882999999:SHORT,PLAYUSDT,fresh,Fresh_2026-10-01,BAD_A_LT_0P30,False,False,True,True,True,-1.4339933788948558,HIST_TIME_FALLBACK
PAPER:BLUAIUSDT:1790882699999:SHORT,BLUAIUSDT,fresh,Fresh_2026-10-01,TARGET_GE_1P00,True,False,False,False,True,8.538056610312786,RUNNER_CLOSE
PAPER:1000000BOBUSDT:1791023099999:SHORT,1000000BOBUSDT,fresh,Fresh_2026-10-03,BAD_A_LT_0P30,False,False,True,True,True,-0.5519599743337846,BE0.10
PAPER:4USDT:1790962799999:SHORT,4USDT,fresh,Fresh_2026-10-02,BAD_A_LT_0P30,False,False,True,True,True,-0.9501900380076589,BE0.10
PAPER:METUSDT:1790742899999:SHORT,METUSDT,research,Research_Discovery,GRAY_0P50_1P00,False,False,True,True,True,-2.0445143135435186,HIST_TIME_FALLBACK
PAPER:EDENUSDT:1790748299999:SHORT,EDENUSDT,research,Research_Discovery,TARGET_GE_1P00,True,False,True,True,True,1.2128405322081666,FULL_CLOSE_050
PAPER:GRASSUSDT:1790801699999:SHORT,GRASSUSDT,research,Research_Reserve,TARGET_GE_1P00,True,True,False,True,True,2.971902280920612,FULL_CLOSE_050
PAPER:TNSRUSDT:1790750999999:SHORT,TNSRUSDT,research,Research_Discovery,BAD_A_LT_0P30,False,True,False,True,True,-2.108035504556577,HIST_TIME_FALLBACK
PAPER:CCUSDT:1790781599999:SHORT,CCUSDT,research,Research_Discovery,TARGET_GE_1P00,True,True,False,True,True,3.6988669711524746,FULL_CLOSE_050
PAPER:AVAAIUSDT:1790752199999:SHORT,AVAAIUSDT,research,Research_Discovery,GRAY_0P50_1P00,False,False,True,True,False,,
PAPER:MARSCOINUSDT:1790924399999:SHORT,MARSCOINUSDT,fresh,Fresh_2026-10-02,TARGET_GE_1P00,True,True,False,True,True,-0.011560544213807422,BE0.10
PAPER:NILUSDT:1790678399999:SHORT,NILUSDT,research,Research_Discovery,TARGET_GE_1P00,False,False,True,True,False,,
PAPER:ENAUSDT:1790838899999:SHORT,ENAUSDT,fresh,Fresh_2026-10-01,TARGET_GE_1P00,True,True,False,True,True,2.1001696828051575,FULL_CLOSE_050
PAPER:RIVERUSDT:1790786999999:SHORT,RIVERUSDT,research,Research_Discovery,TARGET_GE_1P00,True,True,False,True,True,1.0846684580818091,FULL_CLOSE_050
PAPER:ETCUSDT:1790966399999:SHORT,ETCUSDT,fresh,Fresh_2026-10-02,GRAY_0P50_1P00,False,False,False,False,False,,
PAPER:EVAAUSDT:1790675099999:SHORT,EVAAUSDT,research,Research_Discovery,GRAY_0P50_1P00,False,False,True,True,True,-1.8533478008186528,HIST_TIME_FALLBACK
PAPER:MOVRUSDT:1790746799999:SHORT,MOVRUSDT,research,Research_Discovery,TARGET_GE_1P00,True,False,False,False,False,,
PAPER:EVAAUSDT:1791011999999:SHORT,EVAAUSDT,fresh,Fresh_2026-10-03,GRAY_0P50_1P00,False,True,False,True,True,-3.104070108091766,HIST_TIME_FALLBACK
PAPER:2ZUSDT:1791048899999:SHORT,2ZUSDT,fresh,Fresh_2026-10-03,BAD_A_LT_0P30,False,True,False,True,False,,
PAPER:我踏马来了USDT:1790777999999:SHORT,我踏马来了USDT,research,Research_Discovery,TARGET_GE_1P00,True,False,True,True,True,0.8705347996937391,FULL_CLOSE_050
PAPER:ZETAUSDT:1790971799999:SHORT,ZETAUSDT,fresh,Fresh_2026-10-02,BAD_A_LT_0P30,False,True,False,True,True,-0.8454233594730631,HIST_TIME_FALLBACK
PAPER:GTCUSDT:1790976599999:SHORT,GTCUSDT,fresh,Fresh_2026-10-02,TARGET_GE_1P00,False,False,False,False,True,-1.3741966929420544,HIST_TIME_FALLBACK
PAPER:BRETTUSDT:1790965199999:SHORT,BRETTUSDT,fresh,Fresh_2026-10-02,BAD_A_LT_0P30,False,True,False,True,True,-1.2908332432052418,HIST_TIME_FALLBACK
PAPER:GRASSUSDT:1790888999999:SHORT,GRASSUSDT,fresh,Fresh_2026-10-01,TARGET_GE_1P00,True,True,False,True,True,-0.012107657945023498,BE0.10