position_id,symbol,split,cluster,neutral_label,centroid_distance,historical_max_mfe_pct,historical_realized_pnl_usdt,historical_realized_pnl_pct,historical_wd1_outcome
PAPER:NMRUSDT:1790661899999:SHORT,NMRUSDT,Discovery,0,SHORT_ARCHETYPE_0,25.68874945933586,1.962771,3.381407736078409,0.6762815472156818,CORRECT_RUNNER
PAPER:HAEDALUSDT:1790666699999:SHORT,HAEDALUSDT,Discovery,0,SHORT_ARCHETYPE_0,16.46044647457867,5.428362,11.557935650098557,2.3115871300197113,RECOVERED_DRAWDOWN
PAPER:0GUSDT:1790667599999:SHORT,0GUSDT,Discovery,0,SHORT_ARCHETYPE_0,10.09195007786164,2.566427,3.9891364373589675,0.7978272874717935,CORRECT_RUNNER
PAPER:ARXUSDT:1790668199999:SHORT,ARXUSDT,Discovery,0,SHORT_ARCHETYPE_0,11.484653928731749,1.102596,0.13722891211119387,0.027445782422238774,CORRECT_RUNNER
PAPER:ARXUSDT:1790668799999:SHORT,ARXUSDT,Discovery,0,SHORT_ARCHETYPE_0,14.865167621368157,1.262787,0.6548228308430633,0.13096456616861266,CORRECT_RUNNER
PAPER:MUBARAKUSDT:1790672399999:SHORT,MUBARAKUSDT,Discovery,1,SHORT_ARCHETYPE_1,8.692305029376953,1.078584,0.5052054426392056,0.10104108852784112,CORRECT_RUNNER
PAPER:MARSCOINUSDT:1790674499999:SHORT,MARSCOINUSDT,Discovery,1,SHORT_ARCHETYPE_1,9.746783650655152,1.319952,1.5484945702589128,0.3096989140517825,RECOVERED_DRAWDOWN
PAPER:EVAAUSDT:1790674499999:SHORT,EVAAUSDT,Discovery,1,SHORT_ARCHETYPE_1,12.755480997988522,1.67828,2.4048715574214454,0.4809743114842891,RECOVERED_DRAWDOWN
PAPER:MUSDT:1790676299999:SHORT,MUSDT,Discovery,1,SHORT_ARCHETYPE_1,9.51925520314825,1.385974,2.1020977061266892,0.42041954122533787,RECOVERED_DRAWDOWN
PAPER:龙虾USDT:1790676899999:SHORT,龙虾USDT,Discovery,1,SHORT_ARCHETYPE_1,8.976631112946327,6.842023,11.606568773932851,2.3213137547865705,RECOVERED_DRAWDOWN
PAPER:HANAUSDT:1790681399999:SHORT,HANAUSDT,Discovery,1,SHORT_ARCHETYPE_1,8.687358351491001,2.842131,4.85694673737543,0.971389347475086,RECOVERED_DRAWDOWN
PAPER:FIGHTUSDT:1790683499999:SHORT,FIGHTUSDT,Discovery,1,SHORT_ARCHETYPE_1,9.700911900183858,2.035042,3.724805899774521,0.7449611799549042,RECOVERED_DRAWDOWN
PAPER:LUNA2USDT:1790683799999:SHORT,LUNA2USDT,Discovery,1,SHORT_ARCHETYPE_1,8.635799173473552,1.113035,1.5429090530020004,0.30858181060040013,RECOVERED_DRAWDOWN
PAPER:VVVUSDT:1790683799999:SHORT,VVVUSDT,Discovery,1,SHORT_ARCHETYPE_1,10.486171093474344,1.975569,0.4830122383643807,0.09660244767287614,RECOVERED_DRAWDOWN
PAPER:HAEDALUSDT:1790684699999:SHORT,HAEDALUSDT,Discovery,0,SHORT_ARCHETYPE_0,11.104556281362946,1.010068,0.4675048874347637,0.09350097748695274,RECOVERED_DRAWDOWN
PAPER:PLAYUSDT:1790684699999:SHORT,PLAYUSDT,Discovery,1,SHORT_ARCHETYPE_1,8.238286535499672,1.258102,0.5259491200336944,0.10518982400673889,RECOVERED_DRAWDOWN
PAPER:HBARUSDT:1790685299999:SHORT,HBARUSDT,Discovery,1,SHORT_ARCHETYPE_1,9.296573122481172,1.067827,1.4911132194069379,0.2982226438813876,RECOVERED_DRAWDOWN
PAPER:AGLDUSDT:1790686199999:SHORT,AGLDUSDT,Discovery,1,SHORT_ARCHETYPE_1,11.247005311447165,2.16523,3.4927850215013683,0.6985570043002737,RECOVERED_DRAWDOWN
PAPER:MOVRUSDT:1790746799999:SHORT,MOVRUSDT,Discovery,0,SHORT_ARCHETYPE_0,24.369109796573355,2.535095,0.08567984290454106,0.017135968580908212,CORRECT_RUNNER
PAPER:JUPUSDT:1790747699999:SHORT,JUPUSDT,Discovery,0,SHORT_ARCHETYPE_0,10.67803865973033,2.63864,6.39096765274226,1.278193530548452,RECOVERED_DRAWDOWN
PAPER:EDENUSDT:1790748299999:SHORT,EDENUSDT,Discovery,1,SHORT_ARCHETYPE_1,9.375689203127772,1.288421,2.2410907727993985,0.4482181545598797,RECOVERED_DRAWDOWN
PAPER:ARUSDT:1790748599999:SHORT,ARUSDT,Discovery,1,SHORT_ARCHETYPE_1,6.98136667222868,1.906168,2.400301487610874,0.48006029752217483,RECOVERED_DRAWDOWN
PAPER:ALICEUSDT:1790748899999:SHORT,ALICEUSDT,Discovery,1,SHORT_ARCHETYPE_1,7.967235779542268,2.941313,2.528126992467979,0.5056253984935958,RECOVERED_DRAWDOWN
PAPER:SYRUPUSDT:1790748899999:SHORT,SYRUPUSDT,Discovery,1,SHORT_ARCHETYPE_1,9.38118479093488,1.050447,1.4139806675751345,0.2827961335150269,RECOVERED_DRAWDOWN
PAPER:ZKCUSDT:1790749499999:SHORT,ZKCUSDT,Discovery,1,SHORT_ARCHETYPE_1,8.429851432690363,1.028823,0.5410372917052664,0.10820745834105326,RECOVERED_DRAWDOWN
PAPER:BUSDT:1790749799999:SHORT,BUSDT,Discovery,0,SHORT_ARCHETYPE_0,18.735160673574608,1.476268,1.6419714754228885,0.32839429508457774,CORRECT_RUNNER
PAPER:AIOTUSDT:1790750999999:SHORT,AIOTUSDT,Discovery,1,SHORT_ARCHETYPE_1,9.56799910102077,1.244824,1.8038367096148598,0.36076734192297194,RECOVERED_DRAWDOWN
PAPER:INITUSDT:1790754299999:SHORT,INITUSDT,Discovery,1,SHORT_ARCHETYPE_1,9.302723012475868,6.107878,11.779213420003634,2.3558426840007267,RECOVERED_DRAWDOWN
PAPER:MERLUSDT:1790762399999:SHORT,MERLUSDT,Discovery,1,SHORT_ARCHETYPE_1,7.977204530602945,2.319447,1.3405777808104005,0.2681155561620801,RECOVERED_DRAWDOWN
PAPER:MMTUSDT:1790765399999:SHORT,MMTUSDT,Discovery,1,SHORT_ARCHETYPE_1,8.912114990790892,2.19914,5.925116322789142,1.1850232645578285,RECOVERED_DRAWDOWN
PAPER:SOONUSDT:1790768099999:SHORT,SOONUSDT,Discovery,0,SHORT_ARCHETYPE_0,12.21737799258306,1.977254,1.9137694293401812,0.38275388586803627,CORRECT_RUNNER
PAPER:ZESTUSDT:1790768699999:SHORT,ZESTUSDT,Discovery,1,SHORT_ARCHETYPE_1,11.411141712180193,1.051796,-0.6195267769852421,-0.12390535539704842,RIGHT_THEN_FAILURE
PAPER:RAREUSDT:1790770499999:SHORT,RAREUSDT,Discovery,1,SHORT_ARCHETYPE_1,10.908393261555018,1.482801,-0.39306684375275647,-0.07861336875055129,RIGHT_THEN_FAILURE
PAPER:VTHOUSDT:1790775299999:SHORT,VTHOUSDT,Discovery,1,SHORT_ARCHETYPE_1,7.46696414769498,4.040826,8.843352220753065,1.7686704441506131,RECOVERED_DRAWDOWN
PAPER:AZTECUSDT:1790777399999:SHORT,AZTECUSDT,Discovery,1,SHORT_ARCHETYPE_1,7.183384935658091,2.205265,5.4974997634188,1.0994999526837599,RECOVERED_DRAWDOWN
PAPER:JOEUSDT:1790777699999:SHORT,JOEUSDT,Discovery,1,SHORT_ARCHETYPE_1,8.247836906670122,1.204518,2.244415889559776,0.4488831779119552,RECOVERED_DRAWDOWN
PAPER:SKRUSDT:1790777699999:SHORT,SKRUSDT,Discovery,1,SHORT_ARCHETYPE_1,10.576484705974975,1.338858,2.2152078334980203,0.44304156669960404,RECOVERED_DRAWDOWN
PAPER:ERAUSDT:1790777999999:SHORT,ERAUSDT,Discovery,1,SHORT_ARCHETYPE_1,11.212819955619498,1.397555,1.0288107878924804,0.20576215757849609,RECOVERED_DRAWDOWN
PAPER:INJUSDT:1790777999999:SHORT,INJUSDT,Discovery,1,SHORT_ARCHETYPE_1,7.634595962998823,1.661796,3.7633239924821567,0.7526647984964313,RECOVERED_DRAWDOWN
PAPER:ONDOUSDT:1790777999999:SHORT,ONDOUSDT,Discovery,1,SHORT_ARCHETYPE_1,11.750670723676308,1.581107,2.710142379266356,0.5420284758532712,RECOVERED_DRAWDOWN
PAPER:COWUSDT:1790777999999:SHORT,COWUSDT,Discovery,0,SHORT_ARCHETYPE_0,11.151903427164147,1.187967,1.6191874470908318,0.32383748941816637,RECOVERED_DRAWDOWN
PAPER:EDGEUSDT:1790777999999:SHORT,EDGEUSDT,Discovery,1,SHORT_ARCHETYPE_1,8.161805707639118,1.628151,2.454757125500683,0.49095142510013656,RECOVERED_DRAWDOWN
PAPER:XLMUSDT:1790777999999:SHORT,XLMUSDT,Discovery,1,SHORT_ARCHETYPE_1,8.69786903497865,1.645067,2.815376022547171,0.5630752045094343,RECOVERED_DRAWDOWN
PAPER:ORCAUSDT:1790777999999:SHORT,ORCAUSDT,Discovery,1,SHORT_ARCHETYPE_1,8.012701133541057,1.660481,2.9435186586165765,0.5887037317233152,RECOVERED_DRAWDOWN
PAPER:REUSDT:1790777999999:SHORT,REUSDT,Discovery,1,SHORT_ARCHETYPE_1,8.517391140955134,1.102899,1.5021072799986035,0.3004214559997207,RECOVERED_DRAWDOWN
PAPER:AEROUSDT:1790777999999:SHORT,AEROUSDT,Discovery,1,SHORT_ARCHETYPE_1,8.184089013779728,1.097469,1.293025976281849,0.2586051952563698,RECOVERED_DRAWDOWN
PAPER:我踏马来了USDT:1790777999999:SHORT,我踏马来了USDT,Discovery,1,SHORT_ARCHETYPE_1,11.157724452927061,2.096646,3.705072331114967,0.7410144662229934,RECOVERED_DRAWDOWN
PAPER:CHIPUSDT:1790777999999:SHORT,CHIPUSDT,Discovery,0,SHORT_ARCHETYPE_0,10.704446034795751,1.233545,1.8564650512556224,0.3712930102511245,CORRECT_RUNNER
PAPER:FLUIDUSDT:1790777999999:SHORT,FLUIDUSDT,Discovery,0,SHORT_ARCHETYPE_0,13.105580128427254,1.125006,2.0835989925258036,0.4167197985051607,RECOVERED_DRAWDOWN
PAPER:XPLUSDT:1790778299999:SHORT,XPLUSDT,Discovery,0,SHORT_ARCHETYPE_0,10.550843064404429,3.444434,6.282951727278196,1.256590345455639,CORRECT_RUNNER
PAPER:UBUSDT:1790778299999:SHORT,UBUSDT,Discovery,1,SHORT_ARCHETYPE_1,12.256299233065903,1.400715,1.4886241040838222,0.2977248208167645,RECOVERED_DRAWDOWN
PAPER:APTUSDT:1790778299999:SHORT,APTUSDT,Discovery,0,SHORT_ARCHETYPE_0,11.858223736685503,1.394063,1.5141412434216384,0.30282824868432767,RECOVERED_DRAWDOWN
PAPER:FLOCKUSDT:1790778599999:SHORT,FLOCKUSDT,Discovery,0,SHORT_ARCHETYPE_0,12.6851236917587,7.371807,23.036578638024345,4.607315727604869,CORRECT_RUNNER
PAPER:MARSCOINUSDT:1790779199999:SHORT,MARSCOINUSDT,Discovery,0,SHORT_ARCHETYPE_0,11.847589502732319,1.506906,-0.8389016453802545,-0.1677803290760509,RIGHT_THEN_FAILURE
PAPER:龙虾USDT:1790779799999:SHORT,龙虾USDT,Discovery,1,SHORT_ARCHETYPE_1,11.036850219221291,1.034424,0.9345057076174321,0.1869011415234864,RECOVERED_DRAWDOWN
PAPER:MEGAUSDT:1790779799999:SHORT,MEGAUSDT,Discovery,1,SHORT_ARCHETYPE_1,10.616363521596748,1.197183,0.3384425597967883,0.06768851195935766,RECOVERED_DRAWDOWN
PAPER:CCUSDT:1790781599999:SHORT,CCUSDT,Discovery,1,SHORT_ARCHETYPE_1,7.696218314440117,1.405421,1.835236359721943,0.36704727194438863,RECOVERED_DRAWDOWN
PAPER:龙虾USDT:1790784599999:SHORT,龙虾USDT,Discovery,1,SHORT_ARCHETYPE_1,12.658797520686747,1.338001,2.2510483870681988,0.4502096774136397,CORRECT_RUNNER
PAPER:RIVERUSDT:1790786999999:SHORT,RIVERUSDT,Discovery,1,SHORT_ARCHETYPE_1,8.5097390241875,1.276852,-2.9784525584209294,-0.5956905116841859,RIGHT_THEN_FAILURE
PAPER:ONEUSDT:1790787899999:SHORT,ONEUSDT,Validation,1,SHORT_ARCHETYPE_1,6.400231273628241,1.126486,0.9473827749890564,0.1894765549978113,RECOVERED_DRAWDOWN
PAPER:AVAUSDT:1790788499999:SHORT,AVAUSDT,Validation,1,SHORT_ARCHETYPE_1,7.130936877410926,1.948261,3.171011325759178,0.6342022651518356,RECOVERED_DRAWDOWN
PAPER:MOCAUSDT:1790788799999:SHORT,MOCAUSDT,Validation,0,SHORT_ARCHETYPE_0,10.132596691168807,1.986047,2.419972493792603,0.4839944987585205,CORRECT_RUNNER
PAPER:AKEUSDT:1790789699999:SHORT,AKEUSDT,Validation,1,SHORT_ARCHETYPE_1,7.532995820632682,1.470787,0.3411437749508244,0.06822875499016487,RECOVERED_DRAWDOWN
PAPER:FOGOUSDT:1790789699999:SHORT,FOGOUSDT,Validation,1,SHORT_ARCHETYPE_1,7.626921283068676,1.07126,1.1214153383724228,0.22428306767448455,RECOVERED_DRAWDOWN
PAPER:GUSDT:1790789699999:SHORT,GUSDT,Validation,0,SHORT_ARCHETYPE_0,11.228668026944534,1.171208,0.8801622030424,0.17603244060848,CORRECT_RUNNER
PAPER:SLXUSDT:1790789999999:SHORT,SLXUSDT,Validation,0,SHORT_ARCHETYPE_0,8.189589535898397,1.038409,1.4174495493134494,0.28348990986268985,RECOVERED_DRAWDOWN
PAPER:LYNUSDT:1790790299999:SHORT,LYNUSDT,Validation,0,SHORT_ARCHETYPE_0,12.67801904208003,1.072958,-0.8099336104261838,-0.1619867220852368,RIGHT_THEN_FAILURE
PAPER:GRTUSDT:1790791499999:SHORT,GRTUSDT,Validation,1,SHORT_ARCHETYPE_1,6.5632776699567845,1.324166,2.0684405015048917,0.41368810030097836,RECOVERED_DRAWDOWN
PAPER:TURBOUSDT:1790792099999:SHORT,TURBOUSDT,Validation,1,SHORT_ARCHETYPE_1,7.9847312280450105,1.619032,3.1512938714475722,0.6302587742895145,RECOVERED_DRAWDOWN
PAPER:RAYSOLUSDT:1790792099999:SHORT,RAYSOLUSDT,Validation,1,SHORT_ARCHETYPE_1,8.538414554988199,2.758468,6.935430159877868,1.3870860319755733,RECOVERED_DRAWDOWN
PAPER:GPSUSDT:1790792699999:SHORT,GPSUSDT,Validation,1,SHORT_ARCHETYPE_1,18.044335455111728,1.553621,-1.2822937561638366,-0.25645875123276735,RIGHT_THEN_FAILURE
PAPER:PTBUSDT:1790793299999:SHORT,PTBUSDT,Validation,0,SHORT_ARCHETYPE_0,10.671442781906741,1.923731,-1.5547494462659879,-0.31094988925319755,RIGHT_THEN_FAILURE
PAPER:ROBOUSDT:1790793299999:SHORT,ROBOUSDT,Validation,1,SHORT_ARCHETYPE_1,4.540255676023845,1.205185,1.8369769443866684,0.3673953888773337,RECOVERED_DRAWDOWN
PAPER:SLXUSDT:1790793299999:SHORT,SLXUSDT,Validation,1,SHORT_ARCHETYPE_1,6.011231111931637,2.689857,2.7671546897106305,0.5534309379421261,RECOVERED_DRAWDOWN
PAPER:ONDOUSDT:1790793299999:SHORT,ONDOUSDT,Validation,1,SHORT_ARCHETYPE_1,6.916481791651521,1.085078,1.6140259816728677,0.32280519633457355,RECOVERED_DRAWDOWN
PAPER:LUMIAUSDT:1790793299999:SHORT,LUMIAUSDT,Validation,1,SHORT_ARCHETYPE_1,11.463233456278964,1.004333,1.7603995725572383,0.35207991451144766,RECOVERED_DRAWDOWN
PAPER:ACTUSDT:1790793599999:SHORT,ACTUSDT,Validation,1,SHORT_ARCHETYPE_1,6.3854759986912395,1.513586,2.981028731924451,0.5962057463848902,RECOVERED_DRAWDOWN
PAPER:NILUSDT:1790793599999:SHORT,NILUSDT,Validation,1,SHORT_ARCHETYPE_1,5.765436228416029,1.183227,0.21910496324920098,0.04382099264984019,RECOVERED_DRAWDOWN
PAPER:TACUSDT:1790794199999:SHORT,TACUSDT,Validation,1,SHORT_ARCHETYPE_1,6.567801368884881,1.490475,0.20017973555316615,0.040035947110633234,RECOVERED_DRAWDOWN
PAPER:METUSDT:1790795699999:SHORT,METUSDT,Validation,1,SHORT_ARCHETYPE_1,9.444856389300096,1.007919,1.1543770954440573,0.23087541908881146,RECOVERED_DRAWDOWN
PAPER:MUSDT:1790798399999:SHORT,MUSDT,Validation,0,SHORT_ARCHETYPE_0,9.093086072819855,2.223942,3.817884250624392,0.7635768501248784,RECOVERED_DRAWDOWN
PAPER:MAGICUSDT:1790799599999:SHORT,MAGICUSDT,Validation,0,SHORT_ARCHETYPE_0,11.410463455222335,2.084308,6.226181146674316,1.245236229334863,RECOVERED_DRAWDOWN
PAPER:B2USDT:1790799899999:SHORT,B2USDT,Validation,0,SHORT_ARCHETYPE_0,80.79059050026002,2.834312,-0.2557734049781989,-0.05115468099563978,RIGHT_THEN_FAILURE
PAPER:SAGAUSDT:1790801099999:SHORT,SAGAUSDT,Validation,1,SHORT_ARCHETYPE_1,6.438493965637472,1.318846,2.695731621718018,0.5391463243436035,RECOVERED_DRAWDOWN
PAPER:SYNUSDT:1790801099999:SHORT,SYNUSDT,Validation,1,SHORT_ARCHETYPE_1,7.817651173520537,1.884366,2.9715395549614643,0.5943079109922929,RECOVERED_DRAWDOWN
PAPER:CLOUSDT:1790801099999:SHORT,CLOUSDT,Validation,1,SHORT_ARCHETYPE_1,7.788095254675712,2.152527,5.657235193905942,1.1314470387811884,RECOVERED_DRAWDOWN
PAPER:GRASSUSDT:1790801699999:SHORT,GRASSUSDT,Reserve,1,SHORT_ARCHETYPE_1,8.70141629654361,1.518319,0.9382247822171118,0.18764495644342236,RECOVERED_DRAWDOWN
PAPER:EDENUSDT:1790804999999:SHORT,EDENUSDT,Reserve,1,SHORT_ARCHETYPE_1,9.953374569749247,1.128293,1.1626547620853134,0.23253095241706268,RECOVERED_DRAWDOWN
PAPER:POWERUSDT:1790804999999:SHORT,POWERUSDT,Reserve,0,SHORT_ARCHETYPE_0,8.816007370116425,2.226574,4.523649077551648,0.9047298155103296,RECOVERED_DRAWDOWN
PAPER:HUSDT:1790811599999:SHORT,HUSDT,Reserve,1,SHORT_ARCHETYPE_1,7.332545784312923,1.150488,1.5144658855418656,0.3028931771083731,RECOVERED_DRAWDOWN
PAPER:PHAUSDT:1790813399999:SHORT,PHAUSDT,Reserve,1,SHORT_ARCHETYPE_1,7.623744721718579,1.654134,2.005067668847218,0.4010135337694436,RECOVERED_DRAWDOWN
PAPER:PHAUSDT:1790813699999:SHORT,PHAUSDT,Reserve,0,SHORT_ARCHETYPE_0,10.715611808298997,1.716863,1.7621575774222804,0.3524315154844561,RECOVERED_DRAWDOWN
PAPER:0GUSDT:1790815499999:SHORT,0GUSDT,Reserve,0,SHORT_ARCHETYPE_0,11.473124940898568,1.05548,0.028451584745072533,0.0056903169490145076,CORRECT_RUNNER
PAPER:ONUSDT:1790816699999:SHORT,ONUSDT,Reserve,1,SHORT_ARCHETYPE_1,7.500226891534396,1.147195,2.8692795448676733,0.5738559089735348,RECOVERED_DRAWDOWN
PAPER:MTLUSDT:1790819099999:SHORT,MTLUSDT,Reserve,1,SHORT_ARCHETYPE_1,8.306028204478531,1.02251,2.195668758981781,0.4391337517963562,RECOVERED_DRAWDOWN
PAPER:USUSDT:1790819699999:SHORT,USUSDT,Reserve,0,SHORT_ARCHETYPE_0,7.793340035032407,2.611257,4.81116220537176,0.962232441074352,RECOVERED_DRAWDOWN
PAPER:PROMPTUSDT:1790821499999:SHORT,PROMPTUSDT,Reserve,1,SHORT_ARCHETYPE_1,7.202028091720317,14.917735,12.840426603928815,2.5680853207857632,RECOVERED_DRAWDOWN
PAPER:LDOUSDT:1790822399999:SHORT,LDOUSDT,Reserve,0,SHORT_ARCHETYPE_0,9.28103594933496,2.490021,3.536255761123047,0.7072511522246094,RECOVERED_DRAWDOWN
PAPER:NMRUSDT:1790823899999:SHORT,NMRUSDT,Reserve,1,SHORT_ARCHETYPE_1,6.463651229775705,1.331497,1.871844590394668,0.37436891807893363,RECOVERED_DRAWDOWN