position_id,symbol,split,loss_cluster,neutral_label,centroid_distance,historical_max_mfe_pct,historical_min_mae_pct,historical_realized_pnl_usdt,historical_realized_pnl_pct,historical_wd1_outcome
PAPER:AGTUSDT:1790659799999:SHORT,AGTUSDT,Discovery,1,SHORT_LOSS_CLUSTER_1,7.838549605126828,0.340398,-0.347139,-1.6300554493902397,-0.32601108987804794,STALL_NO_EDGE
PAPER:SAHARAUSDT:1790660099999:SHORT,SAHARAUSDT,Discovery,1,SHORT_LOSS_CLUSTER_1,8.688010477728938,0.05839,-1.251915,-5.630296226359761,-1.126059245271952,TRUE_WRONG_DIRECTION
PAPER:COTIUSDT:1790660099999:SHORT,COTIUSDT,Discovery,0,SHORT_LOSS_CLUSTER_0,11.044639167535411,0.116154,-1.501723,-3.716020284053533,-0.7432040568107066,TRUE_WRONG_DIRECTION
PAPER:INUSDT:1790660099999:SHORT,INUSDT,Discovery,1,SHORT_LOSS_CLUSTER_1,7.970920182765334,0.385702,-1.318263,-4.808057240842453,-0.9616114481684908,STALL_NO_EDGE
PAPER:SNXUSDT:1790660099999:SHORT,SNXUSDT,Discovery,1,SHORT_LOSS_CLUSTER_1,8.776860189113664,0.313535,-1.145698,-5.540708662783002,-1.1081417325566003,TRUE_WRONG_DIRECTION
PAPER:METISUSDT:1790660099999:SHORT,METISUSDT,Discovery,1,SHORT_LOSS_CLUSTER_1,7.331962826367959,0.370464,-1.401662,-5.384714994800708,-1.0769429989601418,STALL_NO_EDGE
PAPER:ACTUSDT:1790660099999:SHORT,ACTUSDT,Discovery,1,SHORT_LOSS_CLUSTER_1,8.46102320684218,0.199757,-1.080591,-5.230040965443713,-1.0460081930887426,TRUE_WRONG_DIRECTION
PAPER:APEUSDT:1790660099999:SHORT,APEUSDT,Discovery,1,SHORT_LOSS_CLUSTER_1,9.660581780734772,0.60599,-1.897987,-5.4755568464178745,-1.095111369283575,RIGHT_THEN_FAILURE
PAPER:IOSTUSDT:1790660099999:SHORT,IOSTUSDT,Discovery,1,SHORT_LOSS_CLUSTER_1,7.524187304408329,0.174543,-1.049958,-5.188469679061619,-1.0376939358123238,TRUE_WRONG_DIRECTION
PAPER:AUCTIONUSDT:1790660099999:SHORT,AUCTIONUSDT,Discovery,1,SHORT_LOSS_CLUSTER_1,6.626654799583087,0.172501,-0.927527,-4.597493457311149,-0.9194986914622297,TRUE_WRONG_DIRECTION
PAPER:GRAMUSDT:1790660099999:SHORT,GRAMUSDT,Discovery,1,SHORT_LOSS_CLUSTER_1,8.366813728352488,0.304736,-1.383913,-5.500873583807684,-1.100174716761537,TRUE_WRONG_DIRECTION
PAPER:NEOUSDT:1790660099999:SHORT,NEOUSDT,Discovery,1,SHORT_LOSS_CLUSTER_1,7.863594865299735,0.384608,-0.991072,-5.5063962580137265,-1.1012792516027452,STALL_NO_EDGE
PAPER:MOVEUSDT:1790660099999:SHORT,MOVEUSDT,Discovery,1,SHORT_LOSS_CLUSTER_1,7.852031052847929,0.244508,-1.066551,-5.957668655152153,-1.1915337310304306,TRUE_WRONG_DIRECTION
PAPER:DUSKUSDT:1790660099999:SHORT,DUSKUSDT,Discovery,1,SHORT_LOSS_CLUSTER_1,7.558391121088717,0.200116,-0.93717,-4.255124658627688,-0.8510249317255376,TRUE_WRONG_DIRECTION
PAPER:GMTUSDT:1790660099999:SHORT,GMTUSDT,Discovery,1,SHORT_LOSS_CLUSTER_1,8.77323450439723,0.23652,-1.119393,-6.81917125975257,-1.363834251950514,TRUE_WRONG_DIRECTION
PAPER:VELVETUSDT:1790660099999:SHORT,VELVETUSDT,Discovery,1,SHORT_LOSS_CLUSTER_1,7.586441248206137,0.091398,-1.282555,-6.711404402655136,-1.3422808805310271,TRUE_WRONG_DIRECTION
PAPER:CTSIUSDT:1790660099999:SHORT,CTSIUSDT,Discovery,1,SHORT_LOSS_CLUSTER_1,7.85904418112984,0.230135,-0.913359,-4.705845268732116,-0.9411690537464231,TRUE_WRONG_DIRECTION
PAPER:FRAXUSDT:1790660399999:SHORT,FRAXUSDT,Discovery,0,SHORT_LOSS_CLUSTER_0,16.71904091499262,0.114658,-0.794309,-3.814470829204555,-0.762894165840911,TRUE_WRONG_DIRECTION
PAPER:BOMEUSDT:1790660399999:SHORT,BOMEUSDT,Discovery,0,SHORT_LOSS_CLUSTER_0,27.40473241337545,0.349971,-1.626751,-8.462521150393663,-1.6925042300787325,TRUE_WRONG_DIRECTION
PAPER:QUSDT:1790660699999:SHORT,QUSDT,Discovery,0,SHORT_LOSS_CLUSTER_0,9.724843637921778,0.920034,-1.452442,-4.8371304010399685,-0.9674260802079937,RIGHT_THEN_FAILURE
PAPER:PHAROSUSDT:1790663099999:SHORT,PHAROSUSDT,Discovery,0,SHORT_LOSS_CLUSTER_0,11.81011821474381,0.068327,-0.520546,-3.234239330203362,-0.6468478660406725,TRUE_WRONG_DIRECTION
PAPER:BILLUSDT:1790663699999:SHORT,BILLUSDT,Discovery,1,SHORT_LOSS_CLUSTER_1,8.893953260817687,0.156398,-0.461009,-3.378023852124964,-0.6756047704249928,TRUE_WRONG_DIRECTION
PAPER:GPSUSDT:1790663699999:SHORT,GPSUSDT,Discovery,1,SHORT_LOSS_CLUSTER_1,18.088350565602934,0.135126,-1.251348,-2.9639424989010528,-0.5927884997802106,TRUE_WRONG_DIRECTION
PAPER:KGENUSDT:1790664599999:SHORT,KGENUSDT,Discovery,0,SHORT_LOSS_CLUSTER_0,13.051012134438945,0.602398,-1.327048,-0.015699950817647967,-0.0031399901635295936,RIGHT_THEN_FAILURE
PAPER:DRIFTUSDT:1790664599999:SHORT,DRIFTUSDT,Discovery,0,SHORT_LOSS_CLUSTER_0,12.80363568856473,0.570375,-0.757977,-1.4426398068595039,-0.2885279613719008,RIGHT_THEN_FAILURE
PAPER:OPGUSDT:1790664599999:SHORT,OPGUSDT,Discovery,1,SHORT_LOSS_CLUSTER_1,9.474364141104148,0.0,-0.499716,-2.7508202180004955,-0.5501640436000992,TRUE_WRONG_DIRECTION
PAPER:B2USDT:1790665199999:SHORT,B2USDT,Discovery,1,SHORT_LOSS_CLUSTER_1,9.165069736761174,0.319589,-0.499429,-3.0496665690237443,-0.6099333138047489,TRUE_WRONG_DIRECTION
PAPER:ACEUSDT:1790667299999:SHORT,ACEUSDT,Discovery,1,SHORT_LOSS_CLUSTER_1,8.064256371076734,0.050762,-0.39561,-2.639297569430126,-0.5278595138860251,TRUE_WRONG_DIRECTION
PAPER:METISUSDT:1790667299999:SHORT,METISUSDT,Discovery,1,SHORT_LOSS_CLUSTER_1,10.250958392426528,0.187261,-0.908281,-3.9139271015837136,-0.7827854203167427,TRUE_WRONG_DIRECTION
PAPER:PHAROSUSDT:1790668199999:SHORT,PHAROSUSDT,Discovery,1,SHORT_LOSS_CLUSTER_1,9.710111885469228,0.591876,-0.706504,-1.2489517151415344,-0.24979034302830685,RIGHT_THEN_FAILURE
PAPER:OPNUSDT:1790668799999:SHORT,OPNUSDT,Discovery,1,SHORT_LOSS_CLUSTER_1,7.383278500908799,0.26697,-0.421768,-3.2481633664146856,-0.6496326732829372,TRUE_WRONG_DIRECTION
PAPER:NOMUSDT:1790669399999:SHORT,NOMUSDT,Discovery,1,SHORT_LOSS_CLUSTER_1,8.409799851191117,0.320531,-0.506483,-3.141423846539718,-0.6282847693079436,TRUE_WRONG_DIRECTION
PAPER:STARUSDT:1790669999999:SHORT,STARUSDT,Discovery,1,SHORT_LOSS_CLUSTER_1,8.914201724395742,0.924629,-1.020204,-2.479725340901597,-0.49594506818031936,RIGHT_THEN_FAILURE
PAPER:BULLAUSDT:1790669999999:SHORT,BULLAUSDT,Discovery,1,SHORT_LOSS_CLUSTER_1,9.780214682950461,0.441758,-0.943527,-2.8658890400968913,-0.5731778080193783,STALL_NO_EDGE
PAPER:AKEUSDT:1790670899999:SHORT,AKEUSDT,Discovery,1,SHORT_LOSS_CLUSTER_1,11.38850217242135,0.701217,-1.468829,-0.7984618679686514,-0.15969237359373029,RIGHT_THEN_FAILURE
PAPER:INUSDT:1790670899999:SHORT,INUSDT,Discovery,1,SHORT_LOSS_CLUSTER_1,11.943879459409462,0.584585,-0.861171,-0.4897397974995752,-0.09794795949991504,RIGHT_THEN_FAILURE
PAPER:AEROUSDT:1790670899999:SHORT,AEROUSDT,Discovery,1,SHORT_LOSS_CLUSTER_1,8.437084763984934,0.21848,-0.604289,-2.859871258944146,-0.5719742517888292,TRUE_WRONG_DIRECTION
PAPER:WLDUSDT:1790670899999:SHORT,WLDUSDT,Discovery,1,SHORT_LOSS_CLUSTER_1,8.686610848007083,0.501351,-0.521307,-0.548766469412551,-0.1097532938825102,RIGHT_THEN_FAILURE
PAPER:龙虾USDT:1790671199999:SHORT,龙虾USDT,Discovery,0,SHORT_LOSS_CLUSTER_0,12.84511299618199,0.296939,-2.141086,-4.48868620159129,-0.897737240318258,TRUE_WRONG_DIRECTION
PAPER:NILUSDT:1790671499999:SHORT,NILUSDT,Discovery,1,SHORT_LOSS_CLUSTER_1,9.169338427989187,0.911327,-0.595958,-1.1955099057056597,-0.23910198114113193,RIGHT_THEN_FAILURE
PAPER:BABYUSDT:1790672099999:SHORT,BABYUSDT,Discovery,0,SHORT_LOSS_CLUSTER_0,10.627583805935892,0.356861,-1.301345,-5.2882568695350916,-1.0576513739070184,STALL_NO_EDGE
PAPER:FIGHTUSDT:1790672399999:SHORT,FIGHTUSDT,Discovery,0,SHORT_LOSS_CLUSTER_0,9.332171509534582,0.58802,-1.212667,-0.013879184534567157,-0.0027758369069134313,RIGHT_THEN_FAILURE
PAPER:SHELLUSDT:1790673899999:SHORT,SHELLUSDT,Discovery,0,SHORT_LOSS_CLUSTER_0,12.5698798702337,0.493527,-0.652042,-1.6421383654692674,-0.32842767309385346,STALL_NO_EDGE
PAPER:CUSDT:1790673899999:SHORT,CUSDT,Discovery,1,SHORT_LOSS_CLUSTER_1,9.576068552651217,0.234472,-0.694918,-2.472957485579032,-0.4945914971158064,TRUE_WRONG_DIRECTION
PAPER:HANAUSDT:1790674499999:SHORT,HANAUSDT,Discovery,1,SHORT_LOSS_CLUSTER_1,8.589866256633641,0.135066,-1.105492,-3.2784467358587515,-0.6556893471717503,TRUE_WRONG_DIRECTION
PAPER:EVAAUSDT:1790675099999:SHORT,EVAAUSDT,Discovery,0,SHORT_LOSS_CLUSTER_0,13.443332566096048,0.836409,-0.936516,-1.551752531669021,-0.31035050633380423,RIGHT_THEN_FAILURE
PAPER:牛来USDT:1790676299999:SHORT,牛来USDT,Discovery,1,SHORT_LOSS_CLUSTER_1,11.577432314642438,1.291068,-1.718858,-1.8743572863008198,-0.3748714572601639,RIGHT_THEN_FAILURE
PAPER:AKEUSDT:1790677799999:SHORT,AKEUSDT,Discovery,0,SHORT_LOSS_CLUSTER_0,10.364700646684245,0.813255,-1.026992,-2.9306573536071627,-0.5861314707214325,RIGHT_THEN_FAILURE
PAPER:MARSCOINUSDT:1790678099999:SHORT,MARSCOINUSDT,Discovery,1,SHORT_LOSS_CLUSTER_1,10.610007733187228,1.085449,-1.788728,-0.5478253598338098,-0.10956507196676195,RIGHT_THEN_FAILURE
PAPER:ARKMUSDT:1790678399999:SHORT,ARKMUSDT,Discovery,1,SHORT_LOSS_CLUSTER_1,9.099795360139035,0.133991,-1.020974,-0.9501900380076691,-0.19003800760153383,TRUE_WRONG_DIRECTION
PAPER:CROSSUSDT:1790678399999:SHORT,CROSSUSDT,Discovery,1,SHORT_LOSS_CLUSTER_1,7.988938861738796,0.383391,-1.01749,-4.272185689429418,-0.8544371378858835,STALL_NO_EDGE
PAPER:FLUXUSDT:1790678399999:SHORT,FLUXUSDT,Discovery,1,SHORT_LOSS_CLUSTER_1,9.368918590264704,0.22757,-0.748973,-3.428285038195707,-0.6856570076391414,TRUE_WRONG_DIRECTION
PAPER:NILUSDT:1790678399999:SHORT,NILUSDT,Discovery,1,SHORT_LOSS_CLUSTER_1,8.559301876823161,1.028812,-0.982447,-0.8266827125603569,-0.16533654251207136,RIGHT_THEN_FAILURE
PAPER:CRVUSDT:1790679899999:SHORT,CRVUSDT,Discovery,0,SHORT_LOSS_CLUSTER_0,9.194284494011026,0.466898,-1.378205,-4.348919870446026,-0.8697839740892053,STALL_NO_EDGE
PAPER:SOONUSDT:1790679899999:SHORT,SOONUSDT,Discovery,0,SHORT_LOSS_CLUSTER_0,12.730937023379038,0.779919,-2.034625,-1.9881125292000568,-0.39762250584001135,RIGHT_THEN_FAILURE
PAPER:ZAMAUSDT:1790679899999:SHORT,ZAMAUSDT,Discovery,1,SHORT_LOSS_CLUSTER_1,8.499073166159397,0.118441,-0.800329,-2.902855306810687,-0.5805710613621373,TRUE_WRONG_DIRECTION
PAPER:币安人生USDT:1790680199999:SHORT,币安人生USDT,Discovery,1,SHORT_LOSS_CLUSTER_1,10.208088838591502,0.273884,-0.646966,-2.2249162810035474,-0.4449832562007095,TRUE_WRONG_DIRECTION
PAPER:RPLUSDT:1790681099999:SHORT,RPLUSDT,Discovery,1,SHORT_LOSS_CLUSTER_1,11.109721640215376,0.079469,-1.61157,-1.696945667104428,-0.3393891334208856,TRUE_WRONG_DIRECTION
PAPER:1000CATUSDT:1790681999999:SHORT,1000CATUSDT,Discovery,1,SHORT_LOSS_CLUSTER_1,8.001627712554418,0.068548,-0.816976,-2.7229220080403103,-0.5445844016080621,TRUE_WRONG_DIRECTION
PAPER:INITUSDT:1790682599999:SHORT,INITUSDT,Discovery,0,SHORT_LOSS_CLUSTER_0,10.71379115804826,1.012905,-0.911141,0.41819409999240986,0.08363881999848198,CORRECT_RUNNER
PAPER:AZTECUSDT:1790683199999:SHORT,AZTECUSDT,Discovery,1,SHORT_LOSS_CLUSTER_1,8.260262347388032,0.190897,-1.074511,-2.797330960657063,-0.5594661921314126,TRUE_WRONG_DIRECTION
PAPER:RAREUSDT:1790683799999:SHORT,RAREUSDT,Discovery,1,SHORT_LOSS_CLUSTER_1,10.205275104854316,0.796486,-0.719852,-1.242070615289222,-0.24841412305784438,RIGHT_THEN_FAILURE
PAPER:ACHUSDT:1790684699999:SHORT,ACHUSDT,Discovery,1,SHORT_LOSS_CLUSTER_1,7.363982993181071,0.531517,-0.701295,-0.8690069063115913,-0.17380138126231826,RIGHT_THEN_FAILURE
PAPER:AGTUSDT:1790684699999:SHORT,AGTUSDT,Discovery,0,SHORT_LOSS_CLUSTER_0,12.371226663750194,1.477604,-0.378981,-0.20628904339073273,-0.041257808678146546,RIGHT_THEN_FAILURE
PAPER:币安人生USDT:1790685299999:SHORT,币安人生USDT,Discovery,0,SHORT_LOSS_CLUSTER_0,42.28304725653832,5.413279,-1.189945,-6.110759007471638,-1.2221518014943276,RIGHT_THEN_FAILURE
PAPER:OUSDT:1790685299999:SHORT,OUSDT,Discovery,1,SHORT_LOSS_CLUSTER_1,9.982921368710123,0.231438,-0.612689,-3.5119413247886073,-0.7023882649577216,TRUE_WRONG_DIRECTION
PAPER:COTIUSDT:1790685299999:SHORT,COTIUSDT,Discovery,1,SHORT_LOSS_CLUSTER_1,12.938867960048452,0.065265,-0.616884,-2.948145729471369,-0.5896291458942737,TRUE_WRONG_DIRECTION
PAPER:TRADOORUSDT:1790685299999:SHORT,TRADOORUSDT,Discovery,1,SHORT_LOSS_CLUSTER_1,9.096393414233798,0.256464,-0.695815,-1.9879303736207459,-0.3975860747241492,TRUE_WRONG_DIRECTION
PAPER:币安人生USDT:1790685899999:SHORT,币安人生USDT,Discovery,1,SHORT_LOSS_CLUSTER_1,13.223721945068155,0.220622,-1.403601,-2.756596096685209,-0.5513192193370419,TRUE_WRONG_DIRECTION
PAPER:PROMPTUSDT:1790686799999:SHORT,PROMPTUSDT,Discovery,0,SHORT_LOSS_CLUSTER_0,9.333038879330942,0.171147,-0.975761,-3.581019990428983,-0.7162039980857966,TRUE_WRONG_DIRECTION
PAPER:APRUSDT:1790741399999:SHORT,APRUSDT,Discovery,0,SHORT_LOSS_CLUSTER_0,10.78120078690404,0.997414,-1.741788,-1.7335627923706818,-0.34671255847413635,RIGHT_THEN_FAILURE
PAPER:INXUSDT:1790741399999:SHORT,INXUSDT,Discovery,1,SHORT_LOSS_CLUSTER_1,9.126817536470163,0.756281,-0.692784,-0.25950333219454813,-0.05190066643890962,RIGHT_THEN_FAILURE
PAPER:ARUSDT:1790741399999:SHORT,ARUSDT,Discovery,0,SHORT_LOSS_CLUSTER_0,10.777169892449146,0.09717,-0.887094,-2.4162607679690025,-0.48325215359380047,TRUE_WRONG_DIRECTION
PAPER:BRUSDT:1790742599999:SHORT,BRUSDT,Discovery,1,SHORT_LOSS_CLUSTER_1,7.100174874287831,0.11494,-0.880588,-3.9383372770242975,-0.7876674554048595,TRUE_WRONG_DIRECTION
PAPER:COMPUSDT:1790742899999:SHORT,COMPUSDT,Discovery,1,SHORT_LOSS_CLUSTER_1,11.307292114035516,0.252742,-1.11099,-0.5601820987492445,-0.1120364197498489,TRUE_WRONG_DIRECTION
PAPER:AEROUSDT:1790744099999:SHORT,AEROUSDT,Discovery,1,SHORT_LOSS_CLUSTER_1,8.297774231531577,0.142063,-0.531137,-2.821965645777805,-0.5643931291555611,TRUE_WRONG_DIRECTION
PAPER:TRIAUSDT:1790744399999:SHORT,TRIAUSDT,Discovery,1,SHORT_LOSS_CLUSTER_1,10.93984398532478,0.094988,-1.123927,-4.748530178558139,-0.9497060357116277,TRUE_WRONG_DIRECTION
PAPER:MITOUSDT:1790744399999:SHORT,MITOUSDT,Discovery,1,SHORT_LOSS_CLUSTER_1,9.46030919478071,0.04641,-0.750562,-4.938836970581371,-0.9877673941162742,TRUE_WRONG_DIRECTION
PAPER:TRBUSDT:1790744999999:SHORT,TRBUSDT,Discovery,0,SHORT_LOSS_CLUSTER_0,10.615595541835052,0.308993,-0.673088,-3.2479847391983565,-0.6495969478396714,TRUE_WRONG_DIRECTION
PAPER:COOKIEUSDT:1790744999999:SHORT,COOKIEUSDT,Discovery,1,SHORT_LOSS_CLUSTER_1,9.209783320752774,0.218342,-1.101071,-3.634125099487961,-0.7268250198975923,TRUE_WRONG_DIRECTION
PAPER:JASMYUSDT:1790745299999:SHORT,JASMYUSDT,Discovery,0,SHORT_LOSS_CLUSTER_0,10.86461206235862,1.556931,-1.385399,-1.816403595081597,-0.3632807190163194,RIGHT_THEN_FAILURE
PAPER:MARSCOINUSDT:1790747699999:SHORT,MARSCOINUSDT,Discovery,1,SHORT_LOSS_CLUSTER_1,9.693267061171811,0.348897,-0.914931,-2.505833173498896,-0.5011666346997793,TRUE_WRONG_DIRECTION
PAPER:我踏马来了USDT:1790747999999:SHORT,我踏马来了USDT,Discovery,1,SHORT_LOSS_CLUSTER_1,9.273784710982468,0.174872,-1.473453,-2.738248843144153,-0.5476497686288306,TRUE_WRONG_DIRECTION
PAPER:ESPORTSUSDT:1790748299999:SHORT,ESPORTSUSDT,Discovery,1,SHORT_LOSS_CLUSTER_1,10.690858866943092,1.324351,-1.005864,-3.192910423482492,-0.6385820846964985,RIGHT_THEN_FAILURE
PAPER:BABYUSDT:1790748899999:SHORT,BABYUSDT,Discovery,0,SHORT_LOSS_CLUSTER_0,10.898957465873517,1.044794,-0.800856,-0.9501900380075957,-0.19003800760151915,RIGHT_THEN_FAILURE
PAPER:GRASSUSDT:1790748899999:SHORT,GRASSUSDT,Discovery,0,SHORT_LOSS_CLUSTER_0,17.71576577674313,1.345362,-2.681074,-1.508011673375212,-0.30160233467504244,RIGHT_THEN_FAILURE
PAPER:PTBUSDT:1790748899999:SHORT,PTBUSDT,Discovery,1,SHORT_LOSS_CLUSTER_1,8.200270179651833,0.710997,-0.856947,-2.3022361502805624,-0.46044723005611243,RIGHT_THEN_FAILURE
PAPER:NIGHTUSDT:1790749199999:SHORT,NIGHTUSDT,Discovery,0,SHORT_LOSS_CLUSTER_0,11.661159917482118,0.937736,-1.584313,-1.1099650747257281,-0.22199301494514564,RIGHT_THEN_FAILURE
PAPER:ADAUSDT:1790749499999:SHORT,ADAUSDT,Discovery,1,SHORT_LOSS_CLUSTER_1,8.193440597592618,0.062419,-0.720597,-2.084579632242843,-0.4169159264485687,TRUE_WRONG_DIRECTION
PAPER:CHIPUSDT:1790749499999:SHORT,CHIPUSDT,Discovery,1,SHORT_LOSS_CLUSTER_1,7.058534759046185,0.486077,-2.251361,-7.62759597687711,-1.525519195375422,STALL_NO_EDGE
PAPER:COMPUSDT:1790749799999:SHORT,COMPUSDT,Discovery,0,SHORT_LOSS_CLUSTER_0,13.032924480722988,0.530637,-0.17733,-1.1470343911487921,-0.22940687822975844,RIGHT_THEN_FAILURE
PAPER:MAGMAUSDT:1790750099999:SHORT,MAGMAUSDT,Discovery,1,SHORT_LOSS_CLUSTER_1,6.894396472743513,0.038706,-1.279594,-3.421012080617778,-0.6842024161235556,TRUE_WRONG_DIRECTION
PAPER:SPACEUSDT:1790750099999:SHORT,SPACEUSDT,Discovery,1,SHORT_LOSS_CLUSTER_1,8.356936482911227,0.134259,-0.617772,-2.3977758969954936,-0.47955517939909875,TRUE_WRONG_DIRECTION
PAPER:LITUSDT:1790750099999:SHORT,LITUSDT,Discovery,1,SHORT_LOSS_CLUSTER_1,11.23797609791331,0.603341,-2.510697,-4.0564294647195505,-0.8112858929439101,RIGHT_THEN_FAILURE
PAPER:MARSCOINUSDT:1790750399999:SHORT,MARSCOINUSDT,Discovery,0,SHORT_LOSS_CLUSTER_0,10.204273139573774,0.54913,-1.607958,-0.5106262954381906,-0.10212525908763811,RIGHT_THEN_FAILURE
PAPER:AINUSDT:1790750399999:SHORT,AINUSDT,Discovery,1,SHORT_LOSS_CLUSTER_1,9.117060318208223,0.703853,-0.91418,0.861171867195947,0.1722343734391894,RECOVERED_DRAWDOWN
PAPER:FLOWUSDT:1790750399999:SHORT,FLOWUSDT,Discovery,0,SHORT_LOSS_CLUSTER_0,17.972629634399194,0.509202,-2.230219,-3.910329661637233,-0.7820659323274466,RIGHT_THEN_FAILURE
PAPER:AIOUSDT:1790750399999:SHORT,AIOUSDT,Discovery,0,SHORT_LOSS_CLUSTER_0,11.213921026064943,0.416092,-0.892197,-2.6192019565749707,-0.5238403913149942,STALL_NO_EDGE
PAPER:RVNUSDT:1790750399999:SHORT,RVNUSDT,Discovery,1,SHORT_LOSS_CLUSTER_1,8.188850627917496,0.195185,-0.493421,-3.2118249327575716,-0.6423649865515143,TRUE_WRONG_DIRECTION
PAPER:XPINUSDT:1790750399999:SHORT,XPINUSDT,Discovery,1,SHORT_LOSS_CLUSTER_1,10.035488521457578,0.329309,-1.067944,-1.5329318191926808,-0.30658636383853616,TRUE_WRONG_DIRECTION
PAPER:MUSDT:1790750699999:SHORT,MUSDT,Discovery,1,SHORT_LOSS_CLUSTER_1,8.43099696852375,0.511598,-0.77803,-0.21115186373884418,-0.042230372747768835,RIGHT_THEN_FAILURE
PAPER:HANAUSDT:1790750699999:SHORT,HANAUSDT,Discovery,1,SHORT_LOSS_CLUSTER_1,8.42152097886418,0.138758,-1.290099,-3.9298042644242743,-0.7859608528848548,TRUE_WRONG_DIRECTION
PAPER:牛来USDT:1790750999999:SHORT,牛来USDT,Discovery,1,SHORT_LOSS_CLUSTER_1,10.821384258681709,0.774113,-0.649487,-0.5139800544346109,-0.1027960108869222,RIGHT_THEN_FAILURE
PAPER:TNSRUSDT:1790750999999:SHORT,TNSRUSDT,Discovery,1,SHORT_LOSS_CLUSTER_1,8.890317105530933,0.262684,-0.868067,-2.8794366594283973,-0.5758873318856795,TRUE_WRONG_DIRECTION
PAPER:0GUSDT:1790750999999:SHORT,0GUSDT,Discovery,1,SHORT_LOSS_CLUSTER_1,10.848500867016169,0.514227,-1.593019,-2.435576358595157,-0.4871152717190314,RIGHT_THEN_FAILURE
PAPER:AWEUSDT:1790750999999:SHORT,AWEUSDT,Discovery,1,SHORT_LOSS_CLUSTER_1,10.423187732197412,0.596021,-1.224052,-0.6348781181908051,-0.126975623638161,RIGHT_THEN_FAILURE
PAPER:TRUMPUSDT:1790750999999:SHORT,TRUMPUSDT,Discovery,1,SHORT_LOSS_CLUSTER_1,8.361262874310402,0.327288,-0.91304,-2.6882983367506084,-0.5376596673501217,TRUE_WRONG_DIRECTION
PAPER:TSTUSDT:1790750999999:SHORT,TSTUSDT,Discovery,0,SHORT_LOSS_CLUSTER_0,9.274312782283658,0.316764,-0.525156,-2.635628388303931,-0.5271256776607862,TRUE_WRONG_DIRECTION
PAPER:ORCAUSDT:1790750999999:SHORT,ORCAUSDT,Discovery,0,SHORT_LOSS_CLUSTER_0,11.484076668848523,0.300162,-0.468237,-2.873014071444186,-0.5746028142888372,TRUE_WRONG_DIRECTION
PAPER:我踏马来了USDT:1790750999999:SHORT,我踏马来了USDT,Discovery,1,SHORT_LOSS_CLUSTER_1,8.154903967256033,0.711389,-0.50486,-1.6082463226685173,-0.32164926453370346,RIGHT_THEN_FAILURE
PAPER:SUSHIUSDT:1790750999999:SHORT,SUSHIUSDT,Discovery,0,SHORT_LOSS_CLUSTER_0,12.670899725013847,0.245603,-0.930657,-2.849185447863508,-0.5698370895727015,TRUE_WRONG_DIRECTION
PAPER:BROCCOLI714USDT:1790750999999:SHORT,BROCCOLI714USDT,Discovery,1,SHORT_LOSS_CLUSTER_1,11.282012904616893,0.248867,-0.749797,-4.218154028271066,-0.8436308056542132,TRUE_WRONG_DIRECTION
PAPER:OGNUSDT:1790750999999:SHORT,OGNUSDT,Discovery,1,SHORT_LOSS_CLUSTER_1,22.19856880659203,0.281261,-0.522112,-2.7092394005909366,-0.5418478801181873,TRUE_WRONG_DIRECTION
PAPER:MYXUSDT:1790750999999:SHORT,MYXUSDT,Discovery,1,SHORT_LOSS_CLUSTER_1,8.846340684138404,0.630195,-0.421191,-1.1578975857412201,-0.23157951714824404,RIGHT_THEN_FAILURE
PAPER:XNYUSDT:1790750999999:SHORT,XNYUSDT,Discovery,1,SHORT_LOSS_CLUSTER_1,15.78643828279138,0.503113,-0.483336,-0.38917480709233104,-0.07783496141846621,RIGHT_THEN_FAILURE
PAPER:哈基米USDT:1790750999999:SHORT,哈基米USDT,Discovery,1,SHORT_LOSS_CLUSTER_1,11.03126023798199,0.736401,-0.718224,-1.750993861512209,-0.3501987723024418,RIGHT_THEN_FAILURE
PAPER:ZBTUSDT:1790750999999:SHORT,ZBTUSDT,Discovery,0,SHORT_LOSS_CLUSTER_0,10.962796505648354,0.165368,-0.448678,-2.4867639446457863,-0.4973527889291573,TRUE_WRONG_DIRECTION
PAPER:ONEUSDT:1790751599999:SHORT,ONEUSDT,Discovery,1,SHORT_LOSS_CLUSTER_1,7.665697918950855,0.676787,-0.969382,-1.429689066214804,-0.2859378132429608,RIGHT_THEN_FAILURE
PAPER:MITOUSDT:1790751599999:SHORT,MITOUSDT,Discovery,1,SHORT_LOSS_CLUSTER_1,7.675262664639593,0.047034,-0.824454,-3.9697454738937408,-0.7939490947787482,TRUE_WRONG_DIRECTION
PAPER:CETUSUSDT:1790751599999:SHORT,CETUSUSDT,Discovery,1,SHORT_LOSS_CLUSTER_1,7.2353938589532465,0.124065,-1.208574,-4.0145682269330845,-0.8029136453866168,TRUE_WRONG_DIRECTION
PAPER:USTCUSDT:1790751599999:SHORT,USTCUSDT,Discovery,1,SHORT_LOSS_CLUSTER_1,9.62970838717063,0.489674,-1.074511,-3.7209014219817957,-0.7441802843963592,STALL_NO_EDGE
PAPER:ATHUSDT:1790751599999:SHORT,ATHUSDT,Discovery,1,SHORT_LOSS_CLUSTER_1,7.883569382061151,0.451709,-0.761267,-3.1002098032037346,-0.6200419606407469,STALL_NO_EDGE
PAPER:MAGICUSDT:1790751599999:SHORT,MAGICUSDT,Discovery,0,SHORT_LOSS_CLUSTER_0,11.500031578941272,0.177508,-0.691544,-3.0754599009256616,-0.6150919801851323,TRUE_WRONG_DIRECTION
PAPER:LIGHTUSDT:1790751899999:SHORT,LIGHTUSDT,Discovery,1,SHORT_LOSS_CLUSTER_1,9.39497002205672,0.540332,-0.916542,-0.8099728979409219,-0.16199457958818436,RIGHT_THEN_FAILURE
PAPER:CKBUSDT:1790752199999:SHORT,CKBUSDT,Discovery,1,SHORT_LOSS_CLUSTER_1,22.37901581808603,0.316158,-2.420046,-2.0848375689676413,-0.41696751379352825,TRUE_WRONG_DIRECTION
PAPER:AVAAIUSDT:1790752199999:SHORT,AVAAIUSDT,Discovery,1,SHORT_LOSS_CLUSTER_1,8.848469641857358,0.520645,-0.540251,-0.7970308773636974,-0.15940617547273947,RIGHT_THEN_FAILURE
PAPER:MEUSDT:1790752499999:SHORT,MEUSDT,Discovery,0,SHORT_LOSS_CLUSTER_0,10.655382609990644,0.991913,-0.85883,-2.416198315541659,-0.4832396631083318,RIGHT_THEN_FAILURE
PAPER:ILVUSDT:1790752499999:SHORT,ILVUSDT,Discovery,1,SHORT_LOSS_CLUSTER_1,8.711168733768178,0.315547,-0.716918,-3.5983942691763975,-0.7196788538352795,TRUE_WRONG_DIRECTION
PAPER:MAGICUSDT:1790752499999:SHORT,MAGICUSDT,Discovery,1,SHORT_LOSS_CLUSTER_1,8.965728226678605,0.596054,-0.496952,-1.5469417050506298,-0.30938834101012597,RIGHT_THEN_FAILURE
PAPER:XPLUSDT:1790752499999:SHORT,XPLUSDT,Discovery,1,SHORT_LOSS_CLUSTER_1,9.568172680168795,0.688608,-0.6017,-1.5853705688794841,-0.31707411377589684,RIGHT_THEN_FAILURE
PAPER:JOEUSDT:1790752499999:SHORT,JOEUSDT,Discovery,0,SHORT_LOSS_CLUSTER_0,8.732409328865954,0.372231,-1.641243,-6.5121365939854385,-1.3024273187970878,STALL_NO_EDGE
PAPER:RPLUSDT:1790752499999:SHORT,RPLUSDT,Discovery,0,SHORT_LOSS_CLUSTER_0,22.221727935366108,1.223124,-0.486177,-0.9501900380075456,-0.19003800760150913,RIGHT_THEN_FAILURE
PAPER:GRIFFAINUSDT:1790752499999:SHORT,GRIFFAINUSDT,Discovery,1,SHORT_LOSS_CLUSTER_1,7.876248915892913,0.010685,-0.731978,-3.3461684881159597,-0.669233697623192,TRUE_WRONG_DIRECTION
PAPER:SKLUSDT:1790752499999:SHORT,SKLUSDT,Discovery,1,SHORT_LOSS_CLUSTER_1,8.708957267775045,0.308793,-0.4584,-3.144251795789721,-0.6288503591579443,TRUE_WRONG_DIRECTION
PAPER:MINAUSDT:1790752499999:SHORT,MINAUSDT,Discovery,0,SHORT_LOSS_CLUSTER_0,10.398400995422248,1.200444,-0.559272,-1.0922374812647004,-0.21844749625294008,RIGHT_THEN_FAILURE
PAPER:BABYUSDT:1790752499999:SHORT,BABYUSDT,Discovery,1,SHORT_LOSS_CLUSTER_1,11.185298873824411,0.554411,-0.522617,-1.6688909569422632,-0.3337781913884526,RIGHT_THEN_FAILURE
PAPER:GRASSUSDT:1790753399999:SHORT,GRASSUSDT,Discovery,0,SHORT_LOSS_CLUSTER_0,15.458445430141458,1.058263,-1.313924,-1.957528353449982,-0.3915056706899964,RIGHT_THEN_FAILURE
PAPER:RAREUSDT:1790753699999:SHORT,RAREUSDT,Discovery,0,SHORT_LOSS_CLUSTER_0,15.443748597076269,0.642015,-2.502574,-2.882912779467075,-0.576582555893415,RIGHT_THEN_FAILURE
PAPER:GWEIUSDT:1790754599999:SHORT,GWEIUSDT,Discovery,0,SHORT_LOSS_CLUSTER_0,17.779948449181802,0.120145,-3.150009,-4.691060211107997,-0.9382120422215994,TRUE_WRONG_DIRECTION
PAPER:HEIUSDT:1790755199999:SHORT,HEIUSDT,Discovery,1,SHORT_LOSS_CLUSTER_1,8.826189938578722,0.188511,-1.613652,-3.8945307433162695,-0.7789061486632539,TRUE_WRONG_DIRECTION
PAPER:SHELLUSDT:1790755199999:SHORT,SHELLUSDT,Discovery,1,SHORT_LOSS_CLUSTER_1,9.809436374769254,0.182057,-0.989895,-2.5682108542920483,-0.5136421708584097,TRUE_WRONG_DIRECTION
PAPER:LSKUSDT:1790755499999:SHORT,LSKUSDT,Discovery,1,SHORT_LOSS_CLUSTER_1,6.707475636511673,0.540075,-1.337039,-0.6953665855345776,-0.13907331710691553,RIGHT_THEN_FAILURE
PAPER:FETUSDT:1790755499999:SHORT,FETUSDT,Discovery,1,SHORT_LOSS_CLUSTER_1,9.265404170050475,0.30534,-0.856603,-3.3925875730443122,-0.6785175146088624,TRUE_WRONG_DIRECTION
PAPER:ARCUSDT:1790755499999:SHORT,ARCUSDT,Discovery,1,SHORT_LOSS_CLUSTER_1,10.241356112013628,0.620169,-1.07768,-2.2038916409968348,-0.44077832819936696,RIGHT_THEN_FAILURE
PAPER:PTBUSDT:1790755499999:SHORT,PTBUSDT,Discovery,1,SHORT_LOSS_CLUSTER_1,9.712331436901982,0.022708,-0.735424,-2.6602792961709603,-0.5320558592341921,TRUE_WRONG_DIRECTION
PAPER:4USDT:1790755499999:SHORT,4USDT,Discovery,1,SHORT_LOSS_CLUSTER_1,9.526723542933892,0.193585,-0.68863,-2.3677234205023012,-0.47354468410046024,TRUE_WRONG_DIRECTION
PAPER:SPORTFUNUSDT:1790755499999:SHORT,SPORTFUNUSDT,Discovery,0,SHORT_LOSS_CLUSTER_0,13.662650546081265,0.598792,-0.695055,-0.10557498170033508,-0.021114996340067017,RIGHT_THEN_FAILURE
PAPER:BANKUSDT:1790755799999:SHORT,BANKUSDT,Discovery,1,SHORT_LOSS_CLUSTER_1,14.828369750001107,0.578541,-0.933573,-1.265512992362275,-0.253102598472455,RIGHT_THEN_FAILURE
PAPER:AEROUSDT:1790755799999:SHORT,AEROUSDT,Discovery,1,SHORT_LOSS_CLUSTER_1,8.535681821733377,0.030087,-0.884081,-3.3004554225606313,-0.6600910845121263,TRUE_WRONG_DIRECTION
PAPER:METISUSDT:1790755799999:SHORT,METISUSDT,Discovery,1,SHORT_LOSS_CLUSTER_1,7.584365338781367,0.130402,-0.982603,-2.982600584026568,-0.5965201168053136,TRUE_WRONG_DIRECTION
PAPER:ZETAUSDT:1790755799999:SHORT,ZETAUSDT,Discovery,1,SHORT_LOSS_CLUSTER_1,8.695806127242895,0.384701,-1.600282,-5.579787171307036,-1.1159574342614071,STALL_NO_EDGE
PAPER:CTRUSDT:1790756099999:SHORT,CTRUSDT,Discovery,1,SHORT_LOSS_CLUSTER_1,9.000900800644903,0.068809,-0.730511,-3.0110016857262303,-0.602200337145246,TRUE_WRONG_DIRECTION
PAPER:EDGEUSDT:1790757299999:SHORT,EDGEUSDT,Discovery,1,SHORT_LOSS_CLUSTER_1,8.386156311689724,0.52169,-0.851892,-0.36925171301176496,-0.073850342602353,RIGHT_THEN_FAILURE
PAPER:CCUSDT:1790757299999:SHORT,CCUSDT,Discovery,1,SHORT_LOSS_CLUSTER_1,7.890716620302192,0.272428,-0.897301,-1.8242553824254284,-0.3648510764850857,TRUE_WRONG_DIRECTION
PAPER:TRBUSDT:1790757299999:SHORT,TRBUSDT,Discovery,1,SHORT_LOSS_CLUSTER_1,10.061944329717974,0.360131,-1.422061,-2.9762100569175143,-0.5952420113835029,STALL_NO_EDGE
PAPER:BASUSDT:1790757299999:SHORT,BASUSDT,Discovery,1,SHORT_LOSS_CLUSTER_1,11.960577548329995,0.037772,-0.735544,-3.0966244231961166,-0.6193248846392233,TRUE_WRONG_DIRECTION
PAPER:WLDUSDT:1790757299999:SHORT,WLDUSDT,Discovery,1,SHORT_LOSS_CLUSTER_1,11.595983075587501,0.080904,-0.968539,-3.2227771598508603,-0.6445554319701721,TRUE_WRONG_DIRECTION
PAPER:BTWUSDT:1790757899999:SHORT,BTWUSDT,Discovery,0,SHORT_LOSS_CLUSTER_0,10.934578397770595,1.969861,-1.902573,-1.8777235479277739,-0.37554470958555475,RIGHT_THEN_FAILURE
PAPER:NILUSDT:1790759999999:SHORT,NILUSDT,Discovery,1,SHORT_LOSS_CLUSTER_1,13.151966847142036,0.5403,-0.648917,-1.808613251746011,-0.3617226503492022,RIGHT_THEN_FAILURE
PAPER:HANAUSDT:1790760299999:SHORT,HANAUSDT,Discovery,1,SHORT_LOSS_CLUSTER_1,18.13182723445777,0.865129,-1.951203,-1.755620754078319,-0.35112415081566384,RIGHT_THEN_FAILURE
PAPER:POWERUSDT:1790760599999:SHORT,POWERUSDT,Discovery,1,SHORT_LOSS_CLUSTER_1,8.992362973692709,0.133941,-0.866699,-3.1514881472336547,-0.630297629446731,TRUE_WRONG_DIRECTION
PAPER:AKTUSDT:1790762099999:SHORT,AKTUSDT,Discovery,1,SHORT_LOSS_CLUSTER_1,10.850498071129254,0.087511,-0.880127,-2.9488010547440346,-0.5897602109488069,TRUE_WRONG_DIRECTION
PAPER:HANAUSDT:1790762399999:SHORT,HANAUSDT,Discovery,1,SHORT_LOSS_CLUSTER_1,11.673492491513311,0.22296,-1.234822,-2.166162159557387,-0.43323243191147737,TRUE_WRONG_DIRECTION
PAPER:MAGICUSDT:1790762699999:SHORT,MAGICUSDT,Discovery,0,SHORT_LOSS_CLUSTER_0,17.2418285736417,0.24789,-1.20639,-0.662888417553426,-0.13257768351068522,TRUE_WRONG_DIRECTION
PAPER:TAKEUSDT:1790763299999:SHORT,TAKEUSDT,Discovery,0,SHORT_LOSS_CLUSTER_0,9.488146950457036,0.569675,-0.973897,-0.47279042898921775,-0.09455808579784354,RIGHT_THEN_FAILURE
PAPER:4USDT:1790763299999:SHORT,4USDT,Discovery,1,SHORT_LOSS_CLUSTER_1,10.42854429169799,0.292209,-0.770247,-2.5827032369760845,-0.5165406473952169,TRUE_WRONG_DIRECTION
PAPER:BERAUSDT:1790763299999:SHORT,BERAUSDT,Discovery,0,SHORT_LOSS_CLUSTER_0,12.35148653322075,0.943657,-0.943513,-1.3520970553002543,-0.27041941106005085,RIGHT_THEN_FAILURE
PAPER:COMPUSDT:1790763599999:SHORT,COMPUSDT,Discovery,1,SHORT_LOSS_CLUSTER_1,8.505786779249828,0.258936,-1.255311,-2.9445135042944273,-0.5889027008588855,TRUE_WRONG_DIRECTION
PAPER:OPNUSDT:1790764199999:SHORT,OPNUSDT,Discovery,1,SHORT_LOSS_CLUSTER_1,9.524094143723637,0.547356,-0.55076,-1.7745590609430146,-0.35491181218860296,RIGHT_THEN_FAILURE
PAPER:FFUSDT:1790764499999:SHORT,FFUSDT,Discovery,1,SHORT_LOSS_CLUSTER_1,7.786175911684507,0.762074,-0.770799,-0.40221500786193043,-0.08044300157238608,RIGHT_THEN_FAILURE
PAPER:BLURUSDT:1790764499999:SHORT,BLURUSDT,Discovery,1,SHORT_LOSS_CLUSTER_1,9.738759557048434,1.800283,-0.690636,1.3273311810350656,0.26546623620701315,RECOVERED_DRAWDOWN
PAPER:HANAUSDT:1790765099999:SHORT,HANAUSDT,Discovery,1,SHORT_LOSS_CLUSTER_1,9.707969256955913,0.302641,-0.907278,-4.179707393091471,-0.8359414786182943,TRUE_WRONG_DIRECTION
PAPER:POWERUSDT:1790765099999:SHORT,POWERUSDT,Discovery,0,SHORT_LOSS_CLUSTER_0,10.620224880829085,0.04675,-0.898934,-2.9547180515079905,-0.5909436103015981,TRUE_WRONG_DIRECTION
PAPER:NMRUSDT:1790765399999:SHORT,NMRUSDT,Discovery,1,SHORT_LOSS_CLUSTER_1,11.028382828409557,1.283188,-1.120673,-1.523081795247956,-0.3046163590495912,RIGHT_THEN_FAILURE
PAPER:CTRUSDT:1790765699999:SHORT,CTRUSDT,Discovery,0,SHORT_LOSS_CLUSTER_0,10.72377481250296,0.125715,-0.772886,-3.462182088380456,-0.6924364176760912,TRUE_WRONG_DIRECTION
PAPER:ASTERUSDT:1790766299999:SHORT,ASTERUSDT,Discovery,0,SHORT_LOSS_CLUSTER_0,9.069594282513242,0.537432,-0.988881,-1.0166145589786513,-0.20332291179573025,RIGHT_THEN_FAILURE
PAPER:ONEUSDT:1790766299999:SHORT,ONEUSDT,Discovery,1,SHORT_LOSS_CLUSTER_1,9.842074665034142,1.059538,-0.638766,0.1479478832761283,0.029589576655225654,RECOVERED_DRAWDOWN
PAPER:1000000MOGUSDT:1790766599999:SHORT,1000000MOGUSDT,Discovery,1,SHORT_LOSS_CLUSTER_1,7.838614508521594,0.404169,-1.886365,-6.681967023175589,-1.3363934046351178,STALL_NO_EDGE
PAPER:TAKEUSDT:1790766599999:SHORT,TAKEUSDT,Discovery,1,SHORT_LOSS_CLUSTER_1,7.198159016708668,0.137812,-1.037038,-2.1788107709199216,-0.4357621541839843,TRUE_WRONG_DIRECTION
PAPER:PLAYUSDT:1790766599999:SHORT,PLAYUSDT,Discovery,1,SHORT_LOSS_CLUSTER_1,9.16498924008813,0.971213,-0.918295,0.05747138511011202,0.011494277022022404,RECOVERED_DRAWDOWN
PAPER:APRUSDT:1790766599999:SHORT,APRUSDT,Discovery,1,SHORT_LOSS_CLUSTER_1,7.9268746240125,0.480931,-1.105363,-3.8750868078456877,-0.7750173615691375,STALL_NO_EDGE
PAPER:KAITOUSDT:1790766599999:SHORT,KAITOUSDT,Discovery,1,SHORT_LOSS_CLUSTER_1,8.768993851275159,0.332593,-0.607666,-3.0824874103786524,-0.6164974820757304,TRUE_WRONG_DIRECTION
PAPER:MONUSDT:1790766599999:SHORT,MONUSDT,Discovery,1,SHORT_LOSS_CLUSTER_1,7.5158163212755325,0.163586,-0.754365,-3.6147789717635055,-0.7229557943527011,TRUE_WRONG_DIRECTION
PAPER:ONDOUSDT:1790766599999:SHORT,ONDOUSDT,Discovery,1,SHORT_LOSS_CLUSTER_1,7.333389969306387,0.238292,-0.616071,-2.6903699795382154,-0.538073995907643,TRUE_WRONG_DIRECTION
PAPER:CFGUSDT:1790766599999:SHORT,CFGUSDT,Discovery,1,SHORT_LOSS_CLUSTER_1,11.05600595402632,0.512017,-0.618528,-2.6143362814849507,-0.5228672562969902,RIGHT_THEN_FAILURE
PAPER:MEWUSDT:1790766899999:SHORT,MEWUSDT,Discovery,0,SHORT_LOSS_CLUSTER_0,18.690803540533203,1.145909,-1.128577,-2.3850510834059877,-0.4770102166811976,RIGHT_THEN_FAILURE
PAPER:HUSDT:1790766899999:SHORT,HUSDT,Discovery,0,SHORT_LOSS_CLUSTER_0,12.524411578244715,0.516069,-1.529474,-0.8442855549247481,-0.16885711098494963,RIGHT_THEN_FAILURE
PAPER:EPICUSDT:1790766899999:SHORT,EPICUSDT,Discovery,1,SHORT_LOSS_CLUSTER_1,9.693530151550885,0.586067,-0.681172,-0.4906094375320358,-0.09812188750640716,RIGHT_THEN_FAILURE
PAPER:BERAUSDT:1790767199999:SHORT,BERAUSDT,Discovery,0,SHORT_LOSS_CLUSTER_0,12.857619751457106,0.228802,-1.886049,-2.195401953525016,-0.43908039070500327,TRUE_WRONG_DIRECTION
PAPER:BRETTUSDT:1790767199999:SHORT,BRETTUSDT,Discovery,1,SHORT_LOSS_CLUSTER_1,7.935995735852415,0.06473,-1.138493,-3.4946250941140162,-0.6989250188228033,TRUE_WRONG_DIRECTION
PAPER:LYNUSDT:1790767199999:SHORT,LYNUSDT,Discovery,1,SHORT_LOSS_CLUSTER_1,7.881433200231502,0.203255,-0.661873,-2.9753965825252813,-0.5950793165050562,TRUE_WRONG_DIRECTION
PAPER:ENSOUSDT:1790767199999:SHORT,ENSOUSDT,Discovery,1,SHORT_LOSS_CLUSTER_1,6.89824253425345,0.115907,-0.595012,-3.749476404374625,-0.749895280874925,TRUE_WRONG_DIRECTION
PAPER:BEATUSDT:1790767199999:SHORT,BEATUSDT,Discovery,1,SHORT_LOSS_CLUSTER_1,7.844829139984408,0.200547,-0.461107,-2.6058962895114335,-0.5211792579022867,TRUE_WRONG_DIRECTION
PAPER:AGLDUSDT:1790767199999:SHORT,AGLDUSDT,Discovery,1,SHORT_LOSS_CLUSTER_1,9.074771782144062,0.0,-0.648453,-4.095418394940431,-0.8190836789880861,TRUE_WRONG_DIRECTION
PAPER:ACUUSDT:1790768099999:SHORT,ACUUSDT,Discovery,1,SHORT_LOSS_CLUSTER_1,8.027136714003465,0.045219,-0.778225,-3.010757946135951,-0.6021515892271901,TRUE_WRONG_DIRECTION
PAPER:CAPUSDT:1790768399999:SHORT,CAPUSDT,Discovery,1,SHORT_LOSS_CLUSTER_1,9.151344410820151,0.642487,-0.973345,-1.920610438727503,-0.3841220877455006,RIGHT_THEN_FAILURE
PAPER:HUSDT:1790768399999:SHORT,HUSDT,Discovery,1,SHORT_LOSS_CLUSTER_1,10.518556455165657,0.555651,-1.171313,-1.6704421100046396,-0.334088422000928,RIGHT_THEN_FAILURE
PAPER:PHAUSDT:1790768399999:SHORT,PHAUSDT,Discovery,0,SHORT_LOSS_CLUSTER_0,14.870987838210342,1.615493,-1.400792,-1.0172822763186202,-0.20345645526372405,RIGHT_THEN_FAILURE
PAPER:INITUSDT:1790768699999:SHORT,INITUSDT,Discovery,0,SHORT_LOSS_CLUSTER_0,9.888959883831744,0.544019,-1.543854,-0.7520993415145181,-0.1504198683029036,RIGHT_THEN_FAILURE
PAPER:FLOCKUSDT:1790769899999:SHORT,FLOCKUSDT,Discovery,1,SHORT_LOSS_CLUSTER_1,10.537138857203232,0.558575,-1.028809,0.2006428670041165,0.0401285734008233,CORRECT_RUNNER
PAPER:COTIUSDT:1790769899999:SHORT,COTIUSDT,Discovery,1,SHORT_LOSS_CLUSTER_1,9.348711877616863,0.636781,-0.820224,-1.7625054267777798,-0.35250108535555597,RIGHT_THEN_FAILURE
PAPER:BSBUSDT:1790770199999:SHORT,BSBUSDT,Discovery,0,SHORT_LOSS_CLUSTER_0,11.94831166401112,0.282643,-0.713164,-2.0984103372651015,-0.4196820674530203,TRUE_WRONG_DIRECTION
PAPER:AXLUSDT:1790770199999:SHORT,AXLUSDT,Discovery,1,SHORT_LOSS_CLUSTER_1,9.005177979002951,0.327824,-0.734985,-2.449207705238848,-0.4898415410477696,TRUE_WRONG_DIRECTION
PAPER:MARSCOINUSDT:1790770199999:SHORT,MARSCOINUSDT,Discovery,1,SHORT_LOSS_CLUSTER_1,9.186931079719189,0.356256,-0.960654,-4.173165652084348,-0.8346331304168697,STALL_NO_EDGE
PAPER:FARTCOINUSDT:1790770799999:SHORT,FARTCOINUSDT,Discovery,0,SHORT_LOSS_CLUSTER_0,8.945099284802835,0.43003,-2.438935,-11.085570713692743,-2.2171141427385486,STALL_NO_EDGE
PAPER:OUSDT:1790770799999:SHORT,OUSDT,Discovery,1,SHORT_LOSS_CLUSTER_1,12.144388834182188,0.144053,-1.423602,-0.8589607341916352,-0.17179214683832703,TRUE_WRONG_DIRECTION
PAPER:1MBABYDOGEUSDT:1790770799999:SHORT,1MBABYDOGEUSDT,Discovery,1,SHORT_LOSS_CLUSTER_1,9.62417925138909,0.148867,-0.888484,-4.210086355187128,-0.8420172710374256,TRUE_WRONG_DIRECTION
PAPER:PONSUSDT:1790770799999:SHORT,PONSUSDT,Discovery,1,SHORT_LOSS_CLUSTER_1,8.312212942162972,0.230807,-1.220316,-1.846796145902942,-0.3693592291805884,TRUE_WRONG_DIRECTION
PAPER:MEGAUSDT:1790770799999:SHORT,MEGAUSDT,Discovery,1,SHORT_LOSS_CLUSTER_1,6.755088310350418,0.520264,-0.513292,-1.7731177811419536,-0.3546235562283907,RIGHT_THEN_FAILURE
PAPER:LTCUSDT:1790770799999:SHORT,LTCUSDT,Discovery,1,SHORT_LOSS_CLUSTER_1,6.905396289977817,0.054671,-0.677146,-4.239022106347499,-0.8478044212694998,TRUE_WRONG_DIRECTION
PAPER:LINEAUSDT:1790770799999:SHORT,LINEAUSDT,Discovery,1,SHORT_LOSS_CLUSTER_1,8.49834218698114,0.117955,-0.778776,-4.2298205934290625,-0.8459641186858126,TRUE_WRONG_DIRECTION
PAPER:GUNUSDT:1790771099999:SHORT,GUNUSDT,Discovery,1,SHORT_LOSS_CLUSTER_1,11.104098877884324,0.181649,-0.793008,-4.650678674041275,-0.9301357348082551,TRUE_WRONG_DIRECTION
PAPER:LITUSDT:1790772299999:SHORT,LITUSDT,Discovery,1,SHORT_LOSS_CLUSTER_1,13.722827723488143,0.784556,-1.211567,-0.6634844638334785,-0.1326968927666957,RIGHT_THEN_FAILURE
PAPER:PROMUSDT:1790772599999:SHORT,PROMUSDT,Discovery,0,SHORT_LOSS_CLUSTER_0,17.323581570259933,0.483162,-2.457215,-9.134409463247742,-1.8268818926495485,STALL_NO_EDGE
PAPER:HUSDT:1790772599999:SHORT,HUSDT,Discovery,0,SHORT_LOSS_CLUSTER_0,15.020888495664005,1.150412,-0.641336,-2.8304204542150457,-0.5660840908430091,RIGHT_THEN_FAILURE
PAPER:SKYUSDT:1790773199999:SHORT,SKYUSDT,Discovery,0,SHORT_LOSS_CLUSTER_0,11.348085536249574,0.369037,-0.883189,-0.40258134585468747,-0.08051626917093749,STALL_NO_EDGE
PAPER:BRUSDT:1790773499999:SHORT,BRUSDT,Discovery,1,SHORT_LOSS_CLUSTER_1,8.932489687301567,0.874639,-0.720102,-0.4865473035063299,-0.09730946070126598,RIGHT_THEN_FAILURE
PAPER:龙虾USDT:1790774099999:SHORT,龙虾USDT,Discovery,1,SHORT_LOSS_CLUSTER_1,9.64563575396583,0.516921,-1.90984,-1.1269780267195508,-0.22539560534391018,RIGHT_THEN_FAILURE
PAPER:QNTUSDT:1790774399999:SHORT,QNTUSDT,Discovery,0,SHORT_LOSS_CLUSTER_0,20.144221874840643,0.783865,-1.937949,-1.3007562686084249,-0.26015125372168496,RIGHT_THEN_FAILURE
PAPER:SIRENUSDT:1790774399999:SHORT,SIRENUSDT,Discovery,1,SHORT_LOSS_CLUSTER_1,9.638158807307342,0.330022,-0.851316,-2.8114713657954438,-0.5622942731590888,TRUE_WRONG_DIRECTION
PAPER:0GUSDT:1790774399999:SHORT,0GUSDT,Discovery,1,SHORT_LOSS_CLUSTER_1,11.483976529640286,0.193388,-1.727142,-1.4078936558418407,-0.2815787311683681,TRUE_WRONG_DIRECTION
PAPER:COOKIEUSDT:1790774999999:SHORT,COOKIEUSDT,Discovery,0,SHORT_LOSS_CLUSTER_0,17.775604689115678,0.608951,-1.858488,-3.210123175876698,-0.6420246351753396,RIGHT_THEN_FAILURE
PAPER:AUSDT:1790775299999:SHORT,AUSDT,Discovery,1,SHORT_LOSS_CLUSTER_1,10.712115635372223,0.600669,-1.424151,-0.5173427221049636,-0.10346854442099271,RIGHT_THEN_FAILURE
PAPER:CRVUSDT:1790775599999:SHORT,CRVUSDT,Discovery,1,SHORT_LOSS_CLUSTER_1,12.528651629259041,0.800252,-1.42982,-1.591624161582709,-0.3183248323165418,RIGHT_THEN_FAILURE
PAPER:THETAUSDT:1790775599999:SHORT,THETAUSDT,Discovery,1,SHORT_LOSS_CLUSTER_1,13.709179980871891,0.848602,-1.670356,-0.08075853121118418,-0.016151706242236833,RIGHT_THEN_FAILURE
PAPER:ARKMUSDT:1790775599999:SHORT,ARKMUSDT,Discovery,1,SHORT_LOSS_CLUSTER_1,11.85954784331752,0.787793,-1.341854,-0.9501900380075856,-0.1900380076015171,RIGHT_THEN_FAILURE
PAPER:我踏马来了USDT:1790775599999:SHORT,我踏马来了USDT,Discovery,0,SHORT_LOSS_CLUSTER_0,15.05058526877918,0.163213,-0.961075,-4.1178598500715715,-0.8235719700143143,TRUE_WRONG_DIRECTION
PAPER:SKYUSDT:1790775599999:SHORT,SKYUSDT,Discovery,1,SHORT_LOSS_CLUSTER_1,12.73178907994413,0.117061,-1.31589,-4.099442199078933,-0.8198884398157865,TRUE_WRONG_DIRECTION
PAPER:INJUSDT:1790775599999:SHORT,INJUSDT,Discovery,1,SHORT_LOSS_CLUSTER_1,15.185558991424855,1.267289,-1.629121,-2.7621661917851115,-0.5524332383570223,RIGHT_THEN_FAILURE
PAPER:PONSUSDT:1790775599999:SHORT,PONSUSDT,Discovery,1,SHORT_LOSS_CLUSTER_1,13.849778378967223,0.125453,-1.129115,-4.3625822624076624,-0.8725164524815325,TRUE_WRONG_DIRECTION
PAPER:XPLUSDT:1790775599999:SHORT,XPLUSDT,Discovery,1,SHORT_LOSS_CLUSTER_1,13.860846850456069,0.228931,-1.689943,-5.622155930719417,-1.1244311861438834,TRUE_WRONG_DIRECTION
PAPER:JASMYUSDT:1790775599999:SHORT,JASMYUSDT,Discovery,0,SHORT_LOSS_CLUSTER_0,14.306516707655046,0.156849,-1.277623,-3.7530177228962973,-0.7506035445792595,TRUE_WRONG_DIRECTION
PAPER:SANDUSDT:1790775599999:SHORT,SANDUSDT,Discovery,1,SHORT_LOSS_CLUSTER_1,13.208607805319977,0.249956,-0.784889,-3.4271702856090274,-0.6854340571218055,TRUE_WRONG_DIRECTION
PAPER:FILUSDT:1790775599999:SHORT,FILUSDT,Discovery,1,SHORT_LOSS_CLUSTER_1,13.331271634377819,0.339168,-1.14478,-3.2681057733943693,-0.6536211546788738,TRUE_WRONG_DIRECTION
PAPER:WIFUSDT:1790775599999:SHORT,WIFUSDT,Discovery,1,SHORT_LOSS_CLUSTER_1,12.090861405970704,0.655002,-0.69501,-2.937388092942098,-0.5874776185884195,RIGHT_THEN_FAILURE
PAPER:BEAMXUSDT:1790775599999:SHORT,BEAMXUSDT,Discovery,0,SHORT_LOSS_CLUSTER_0,15.282694219395877,1.039744,-1.78625,-1.202750678793663,-0.2405501357587326,RIGHT_THEN_FAILURE
PAPER:KASUSDT:1790775599999:SHORT,KASUSDT,Discovery,1,SHORT_LOSS_CLUSTER_1,12.062944022247303,1.855805,-1.201069,-0.7763389648293231,-0.1552677929658646,RIGHT_THEN_FAILURE
PAPER:SNXUSDT:1790775599999:SHORT,SNXUSDT,Discovery,1,SHORT_LOSS_CLUSTER_1,14.22478338081555,1.668594,-0.844668,-0.1640491820390022,-0.03280983640780044,RIGHT_THEN_FAILURE
PAPER:FARTCOINUSDT:1790775599999:SHORT,FARTCOINUSDT,Discovery,1,SHORT_LOSS_CLUSTER_1,14.828584612817053,0.597057,-1.646802,-2.7750575283312755,-0.555011505666255,RIGHT_THEN_FAILURE
PAPER:4USDT:1790775599999:SHORT,4USDT,Discovery,1,SHORT_LOSS_CLUSTER_1,11.30728576174614,0.757757,-0.52437,-2.1297347621651834,-0.4259469524330367,RIGHT_THEN_FAILURE
PAPER:OPUSDT:1790775599999:SHORT,OPUSDT,Discovery,0,SHORT_LOSS_CLUSTER_0,14.57519087003715,0.616921,-0.687259,-2.7337571619395034,-0.5467514323879007,RIGHT_THEN_FAILURE
PAPER:PYTHUSDT:1790775599999:SHORT,PYTHUSDT,Discovery,0,SHORT_LOSS_CLUSTER_0,13.38255151601927,2.287753,-0.845124,0.5015941558381272,0.10031883116762544,RECOVERED_DRAWDOWN
PAPER:CAPUSDT:1790776799999:SHORT,CAPUSDT,Discovery,1,SHORT_LOSS_CLUSTER_1,18.34451589970331,0.707184,-1.426955,0.19701088747861129,0.03940217749572226,RECOVERED_DRAWDOWN
PAPER:NILUSDT:1790776799999:SHORT,NILUSDT,Discovery,0,SHORT_LOSS_CLUSTER_0,13.227562471065864,3.09844,-2.427224,-1.0049515728546867,-0.20099031457093736,RIGHT_THEN_FAILURE
PAPER:TRIAUSDT:1790778299999:SHORT,TRIAUSDT,Discovery,0,SHORT_LOSS_CLUSTER_0,11.018976626755018,1.554559,-1.242053,-1.538271793221371,-0.30765435864427415,RIGHT_THEN_FAILURE
PAPER:龙虾USDT:1790778299999:SHORT,龙虾USDT,Discovery,1,SHORT_LOSS_CLUSTER_1,11.226423057081512,1.065949,-1.424253,-1.0438956145776976,-0.20877912291553952,RIGHT_THEN_FAILURE
PAPER:ZKUSDT:1790778299999:SHORT,ZKUSDT,Discovery,1,SHORT_LOSS_CLUSTER_1,9.022979255239902,0.812672,-1.02581,-0.24875760884121653,-0.04975152176824331,RIGHT_THEN_FAILURE
PAPER:PHAUSDT:1790778599999:SHORT,PHAUSDT,Discovery,1,SHORT_LOSS_CLUSTER_1,10.352863662552975,0.624112,-0.77614,-3.1927220387378568,-0.6385444077475713,RIGHT_THEN_FAILURE
PAPER:MAVIAUSDT:1790778599999:SHORT,MAVIAUSDT,Discovery,1,SHORT_LOSS_CLUSTER_1,8.918941250099365,0.906679,-0.637793,-0.022626375182362823,-0.004525275036472564,RIGHT_THEN_FAILURE
PAPER:WUSDT:1790778599999:SHORT,WUSDT,Discovery,1,SHORT_LOSS_CLUSTER_1,9.017587421859306,0.900935,-0.623898,-0.7612937398800368,-0.15225874797600736,RIGHT_THEN_FAILURE
PAPER:BNTUSDT:1790778599999:SHORT,BNTUSDT,Discovery,1,SHORT_LOSS_CLUSTER_1,9.245959996095735,0.733552,-2.628465,-1.8205033211799706,-0.36410066423599413,RIGHT_THEN_FAILURE
PAPER:LINEAUSDT:1790778599999:SHORT,LINEAUSDT,Discovery,1,SHORT_LOSS_CLUSTER_1,10.319161640227357,0.528426,-0.94548,-0.6070953224229382,-0.12141906448458764,RIGHT_THEN_FAILURE
PAPER:MORPHOUSDT:1790778899999:SHORT,MORPHOUSDT,Discovery,0,SHORT_LOSS_CLUSTER_0,13.44064181633854,0.737844,-1.523734,-0.960171199078639,-0.19203423981572781,RIGHT_THEN_FAILURE
PAPER:1000BONKUSDT:1790778899999:SHORT,1000BONKUSDT,Discovery,1,SHORT_LOSS_CLUSTER_1,10.193552950404243,0.190564,-1.41502,-3.321335675029715,-0.664267135005943,TRUE_WRONG_DIRECTION
PAPER:ETHWUSDT:1790778899999:SHORT,ETHWUSDT,Discovery,1,SHORT_LOSS_CLUSTER_1,8.918406563133459,0.326446,-0.851483,-2.597389312465775,-0.5194778624931551,TRUE_WRONG_DIRECTION
PAPER:CHIPUSDT:1790778899999:SHORT,CHIPUSDT,Discovery,1,SHORT_LOSS_CLUSTER_1,10.06058436714829,0.27173,-1.388911,-4.544178389189122,-0.9088356778378245,TRUE_WRONG_DIRECTION
PAPER:BROCCOLIF3BUSDT:1790778899999:SHORT,BROCCOLIF3BUSDT,Discovery,1,SHORT_LOSS_CLUSTER_1,9.347270807671313,0.613717,-0.775075,-0.5453031223661928,-0.10906062447323857,RIGHT_THEN_FAILURE
PAPER:DOLOUSDT:1790778899999:SHORT,DOLOUSDT,Discovery,1,SHORT_LOSS_CLUSTER_1,9.184733066544467,0.175986,-0.901957,-2.6667280835330964,-0.5333456167066193,TRUE_WRONG_DIRECTION
PAPER:ATHUSDT:1790778899999:SHORT,ATHUSDT,Discovery,1,SHORT_LOSS_CLUSTER_1,11.953973036040688,0.511664,-1.000266,-2.9458386361656825,-0.5891677272331365,RIGHT_THEN_FAILURE
PAPER:XMRUSDT:1790778899999:SHORT,XMRUSDT,Discovery,0,SHORT_LOSS_CLUSTER_0,12.918331472466846,0.314816,-0.650581,-2.812067964912364,-0.5624135929824727,TRUE_WRONG_DIRECTION
PAPER:COOKIEUSDT:1790778899999:SHORT,COOKIEUSDT,Discovery,1,SHORT_LOSS_CLUSTER_1,10.070427238866671,0.061426,-0.69587,-2.7025903613515494,-0.5405180722703099,TRUE_WRONG_DIRECTION
PAPER:OGNUSDT:1790778899999:SHORT,OGNUSDT,Discovery,1,SHORT_LOSS_CLUSTER_1,11.292865168506292,0.128247,-0.563591,-2.928748101398882,-0.5857496202797764,TRUE_WRONG_DIRECTION
PAPER:VIRTUALUSDT:1790778899999:SHORT,VIRTUALUSDT,Discovery,0,SHORT_LOSS_CLUSTER_0,13.495654471887105,0.107735,-0.952502,-3.1557895343435742,-0.6311579068687148,TRUE_WRONG_DIRECTION
PAPER:QUSDT:1790778899999:SHORT,QUSDT,Discovery,0,SHORT_LOSS_CLUSTER_0,18.2555709050208,1.538164,-2.447324,-2.6405610084195676,-0.5281122016839136,RIGHT_THEN_FAILURE
PAPER:MONUSDT:1790779199999:SHORT,MONUSDT,Discovery,1,SHORT_LOSS_CLUSTER_1,8.468594489930128,0.200385,-1.048487,-3.340009160480619,-0.6680018320961237,TRUE_WRONG_DIRECTION
PAPER:SYRUPUSDT:1790779499999:SHORT,SYRUPUSDT,Discovery,1,SHORT_LOSS_CLUSTER_1,9.436109057932667,0.339449,-0.822198,-2.4420212569488555,-0.4884042513897711,TRUE_WRONG_DIRECTION
PAPER:FOLKSUSDT:1790780399999:SHORT,FOLKSUSDT,Discovery,0,SHORT_LOSS_CLUSTER_0,9.226925617600042,0.579397,-1.058965,-0.25022473032359194,-0.05004494606471839,RIGHT_THEN_FAILURE
PAPER:BLURUSDT:1790780999999:SHORT,BLURUSDT,Discovery,0,SHORT_LOSS_CLUSTER_0,19.601052804203142,1.281372,-2.018545,-0.252362170854191,-0.0504724341708382,RIGHT_THEN_FAILURE
PAPER:YBUSDT:1790781599999:SHORT,YBUSDT,Discovery,1,SHORT_LOSS_CLUSTER_1,11.009148307920585,0.612683,-1.096681,-0.7557595458165842,-0.15115190916331683,RIGHT_THEN_FAILURE
PAPER:AAVEUSDT:1790781599999:SHORT,AAVEUSDT,Discovery,1,SHORT_LOSS_CLUSTER_1,6.876915858826049,0.207933,-0.938083,-4.356649044723113,-0.8713298089446226,TRUE_WRONG_DIRECTION
PAPER:EIGENUSDT:1790781599999:SHORT,EIGENUSDT,Discovery,1,SHORT_LOSS_CLUSTER_1,9.02207728050683,0.309551,-1.091058,-2.393363979632817,-0.4786727959265634,TRUE_WRONG_DIRECTION
PAPER:WLDUSDT:1790781599999:SHORT,WLDUSDT,Discovery,1,SHORT_LOSS_CLUSTER_1,11.664131235089723,0.881924,-0.978302,-1.9846305960422272,-0.39692611920844545,RIGHT_THEN_FAILURE
PAPER:ZAMAUSDT:1790781599999:SHORT,ZAMAUSDT,Discovery,1,SHORT_LOSS_CLUSTER_1,10.095258860583803,0.278873,-1.657333,-2.445997413722068,-0.48919948274441355,TRUE_WRONG_DIRECTION
PAPER:UBUSDT:1790781599999:SHORT,UBUSDT,Discovery,1,SHORT_LOSS_CLUSTER_1,9.40164006504638,0.832203,-0.892997,-2.0598053110206664,-0.41196106220413325,RIGHT_THEN_FAILURE
PAPER:OPUSDT:1790781599999:SHORT,OPUSDT,Discovery,1,SHORT_LOSS_CLUSTER_1,8.361451411119955,0.189016,-0.739962,-3.1973542038128064,-0.6394708407625612,TRUE_WRONG_DIRECTION
PAPER:STARUSDT:1790781599999:SHORT,STARUSDT,Discovery,1,SHORT_LOSS_CLUSTER_1,7.684122095772105,0.225745,-0.620725,-2.658404582226816,-0.5316809164453632,TRUE_WRONG_DIRECTION
PAPER:RONINUSDT:1790781599999:SHORT,RONINUSDT,Discovery,1,SHORT_LOSS_CLUSTER_1,9.26787761666557,0.402417,-0.849202,-4.082210623260258,-0.8164421246520517,STALL_NO_EDGE
PAPER:SYRUPUSDT:1790781599999:SHORT,SYRUPUSDT,Discovery,1,SHORT_LOSS_CLUSTER_1,10.147167857776749,0.426771,-1.351481,-2.6769984420128714,-0.5353996884025742,STALL_NO_EDGE
PAPER:JTOUSDT:1790781899999:SHORT,JTOUSDT,Discovery,1,SHORT_LOSS_CLUSTER_1,10.702734673214248,0.643259,-1.725536,-1.8986083594133607,-0.37972167188267214,RIGHT_THEN_FAILURE
PAPER:BRUSDT:1790781899999:SHORT,BRUSDT,Discovery,1,SHORT_LOSS_CLUSTER_1,13.070145377559495,0.596805,-2.613372,-2.3375935580685736,-0.4675187116137147,RIGHT_THEN_FAILURE
PAPER:ONEUSDT:1790781899999:SHORT,ONEUSDT,Discovery,1,SHORT_LOSS_CLUSTER_1,9.141198257103737,0.763667,-0.817265,-1.9250420838244384,-0.3850084167648877,RIGHT_THEN_FAILURE
PAPER:ZECUSDT:1790781899999:SHORT,ZECUSDT,Discovery,0,SHORT_LOSS_CLUSTER_0,27.386886049021378,0.14872,-0.867169,-3.534900365271562,-0.7069800730543123,TRUE_WRONG_DIRECTION
PAPER:METISUSDT:1790781899999:SHORT,METISUSDT,Discovery,0,SHORT_LOSS_CLUSTER_0,9.630145162278097,0.463184,-1.831961,-6.995784120592193,-1.3991568241184387,STALL_NO_EDGE
PAPER:NOMUSDT:1790781899999:SHORT,NOMUSDT,Discovery,0,SHORT_LOSS_CLUSTER_0,18.385711367736747,0.927077,-1.37886,-3.423183978088289,-0.6846367956176578,RIGHT_THEN_FAILURE
PAPER:LSKUSDT:1790781899999:SHORT,LSKUSDT,Discovery,1,SHORT_LOSS_CLUSTER_1,12.401010819212317,0.497938,-1.73863,-5.915712787972717,-1.1831425575945433,STALL_NO_EDGE
PAPER:ZESTUSDT:1790782499999:SHORT,ZESTUSDT,Discovery,1,SHORT_LOSS_CLUSTER_1,10.450892212908967,0.209411,-0.805114,-3.0679198291873093,-0.6135839658374619,TRUE_WRONG_DIRECTION
PAPER:BIRBUSDT:1790783399999:SHORT,BIRBUSDT,Discovery,1,SHORT_LOSS_CLUSTER_1,10.064412712554903,0.342606,-0.745225,-2.991810903721538,-0.5983621807443076,TRUE_WRONG_DIRECTION
PAPER:EULUSDT:1790783999999:SHORT,EULUSDT,Discovery,0,SHORT_LOSS_CLUSTER_0,15.710881586356628,1.096802,-1.067443,-1.852815389348706,-0.37056307786974124,RIGHT_THEN_FAILURE
PAPER:APRUSDT:1790784599999:SHORT,APRUSDT,Discovery,0,SHORT_LOSS_CLUSTER_0,41.493043269777,3.776376,-3.37834,0.8767267139558637,0.17534534279117273,CORRECT_RUNNER
PAPER:PLAYUSDT:1790785799999:SHORT,PLAYUSDT,Discovery,1,SHORT_LOSS_CLUSTER_1,7.813653882194138,0.289847,-0.825617,-2.8110643504164465,-0.5622128700832894,TRUE_WRONG_DIRECTION
PAPER:SUSHIUSDT:1790786099999:SHORT,SUSHIUSDT,Discovery,0,SHORT_LOSS_CLUSTER_0,29.622546752550523,0.336955,-2.911375,-3.093981001767766,-0.6187962003535531,TRUE_WRONG_DIRECTION
PAPER:ZESTUSDT:1790787599999:SHORT,ZESTUSDT,Discovery,0,SHORT_LOSS_CLUSTER_0,14.530688180724272,2.116673,-1.144571,-1.001355284600086,-0.2002710569200172,RIGHT_THEN_FAILURE
PAPER:LITUSDT:1790787599999:SHORT,LITUSDT,Discovery,1,SHORT_LOSS_CLUSTER_1,13.840710425295194,0.280657,-1.570915,-2.467464536870343,-0.4934929073740686,TRUE_WRONG_DIRECTION
PAPER:INITUSDT:1790787899999:SHORT,INITUSDT,Discovery,1,SHORT_LOSS_CLUSTER_1,10.104013799282678,0.888026,-1.133073,-1.1456508697287355,-0.2291301739457471,RIGHT_THEN_FAILURE
PAPER:2ZUSDT:1790787899999:SHORT,2ZUSDT,Discovery,1,SHORT_LOSS_CLUSTER_1,7.356215438527357,0.680327,-0.911334,-0.9501900380076727,-0.19003800760153453,RIGHT_THEN_FAILURE
PAPER:COTIUSDT:1790787899999:SHORT,COTIUSDT,Validation,1,SHORT_LOSS_CLUSTER_1,6.9634938193153655,0.152976,-0.644236,-3.170953720407903,-0.6341907440815806,TRUE_WRONG_DIRECTION
PAPER:GPSUSDT:1790787899999:SHORT,GPSUSDT,Validation,1,SHORT_LOSS_CLUSTER_1,8.111813248718192,0.570942,-0.770412,-0.9501900380075556,-0.19003800760151113,RIGHT_THEN_FAILURE
PAPER:PONSUSDT:1790787899999:SHORT,PONSUSDT,Validation,1,SHORT_LOSS_CLUSTER_1,6.4314857826732315,0.541171,-0.674708,-1.5118977507863471,-0.3023795501572694,RIGHT_THEN_FAILURE
PAPER:RAREUSDT:1790788499999:SHORT,RAREUSDT,Validation,1,SHORT_LOSS_CLUSTER_1,8.269596736355453,0.668602,-1.339832,-0.8065941716742636,-0.16131883433485272,RIGHT_THEN_FAILURE
PAPER:AKEUSDT:1790788799999:SHORT,AKEUSDT,Validation,1,SHORT_LOSS_CLUSTER_1,8.804628117104437,0.170868,-1.587657,-2.1403578604036486,-0.4280715720807297,TRUE_WRONG_DIRECTION
PAPER:STARUSDT:1790788799999:SHORT,STARUSDT,Validation,1,SHORT_LOSS_CLUSTER_1,7.873538599695916,0.584679,-0.707143,-1.2940861564728985,-0.2588172312945797,RIGHT_THEN_FAILURE
PAPER:ASTERUSDT:1790788799999:SHORT,ASTERUSDT,Validation,1,SHORT_LOSS_CLUSTER_1,8.510729286842565,0.29639,-0.824172,-3.0614864768128847,-0.6122972953625769,TRUE_WRONG_DIRECTION
PAPER:FARTCOINUSDT:1790788799999:SHORT,FARTCOINUSDT,Validation,0,SHORT_LOSS_CLUSTER_0,10.855589429868084,0.480931,-0.687917,-0.1145052466252231,-0.02290104932504462,STALL_NO_EDGE
PAPER:SAGAUSDT:1790789699999:SHORT,SAGAUSDT,Validation,1,SHORT_LOSS_CLUSTER_1,9.816235001879928,0.289536,-0.948623,-2.78982806716074,-0.557965613432148,TRUE_WRONG_DIRECTION
PAPER:LDOUSDT:1790789699999:SHORT,LDOUSDT,Validation,1,SHORT_LOSS_CLUSTER_1,5.921318243140809,0.543245,-0.713233,-0.5165099946564662,-0.10330199893129324,RIGHT_THEN_FAILURE
PAPER:HOMEUSDT:1790789699999:SHORT,HOMEUSDT,Validation,1,SHORT_LOSS_CLUSTER_1,7.40438996481427,0.228555,-0.898245,-2.5673564074147013,-0.5134712814829403,TRUE_WRONG_DIRECTION
PAPER:XPINUSDT:1790789699999:SHORT,XPINUSDT,Validation,1,SHORT_LOSS_CLUSTER_1,8.737648314991308,0.215892,-1.199485,-1.540490969656177,-0.3080981939312354,TRUE_WRONG_DIRECTION
PAPER:ETCUSDT:1790789699999:SHORT,ETCUSDT,Validation,1,SHORT_LOSS_CLUSTER_1,6.978982549175259,0.844075,-0.547429,-1.0625147749172703,-0.21250295498345406,RIGHT_THEN_FAILURE
PAPER:SENTUSDT:1790789699999:SHORT,SENTUSDT,Validation,1,SHORT_LOSS_CLUSTER_1,6.639629167904422,0.20961,-0.662924,-3.018682558825775,-0.603736511765155,TRUE_WRONG_DIRECTION
PAPER:EIGENUSDT:1790789999999:SHORT,EIGENUSDT,Validation,0,SHORT_LOSS_CLUSTER_0,18.81404690760363,0.345923,-1.361736,-2.5780768348791563,-0.5156153669758313,TRUE_WRONG_DIRECTION
PAPER:TRIAUSDT:1790789999999:SHORT,TRIAUSDT,Validation,0,SHORT_LOSS_CLUSTER_0,9.940975340058886,0.311895,-0.754922,-3.0265270433798146,-0.6053054086759629,TRUE_WRONG_DIRECTION
PAPER:HEMIUSDT:1790789999999:SHORT,HEMIUSDT,Validation,1,SHORT_LOSS_CLUSTER_1,6.370629819047184,0.582813,-0.654548,-1.5456403037149697,-0.309128060742994,RIGHT_THEN_FAILURE
PAPER:LITUSDT:1790790299999:SHORT,LITUSDT,Validation,0,SHORT_LOSS_CLUSTER_0,8.8134583942398,0.905281,-1.376069,-1.4732304516663866,-0.2946460903332773,RIGHT_THEN_FAILURE
PAPER:FILUSDT:1790790299999:SHORT,FILUSDT,Validation,1,SHORT_LOSS_CLUSTER_1,9.90792730587644,0.0,-0.759044,-3.1598108749471607,-0.6319621749894321,TRUE_WRONG_DIRECTION
PAPER:CUSDT:1790790299999:SHORT,CUSDT,Validation,1,SHORT_LOSS_CLUSTER_1,9.334081270564408,0.0,-0.456919,-2.5200943078400293,-0.5040188615680058,TRUE_WRONG_DIRECTION
PAPER:FOGOUSDT:1790790299999:SHORT,FOGOUSDT,Validation,1,SHORT_LOSS_CLUSTER_1,8.657546720621166,0.678908,-0.605579,-2.0846380607566664,-0.4169276121513333,RIGHT_THEN_FAILURE
PAPER:FIGHTUSDT:1790790899999:SHORT,FIGHTUSDT,Validation,1,SHORT_LOSS_CLUSTER_1,6.352194202492416,2.170215,-0.932595,3.878089949324625,0.775617989864925,RECOVERED_DRAWDOWN
PAPER:ZEREBROUSDT:1790790899999:SHORT,ZEREBROUSDT,Validation,1,SHORT_LOSS_CLUSTER_1,8.341404397464844,0.180737,-0.781545,-3.023295316916127,-0.6046590633832254,TRUE_WRONG_DIRECTION
PAPER:TOWNSUSDT:1790790899999:SHORT,TOWNSUSDT,Validation,1,SHORT_LOSS_CLUSTER_1,9.223500205090536,1.158921,-0.727359,0.3478597239958151,0.06957194479916302,RECOVERED_DRAWDOWN
PAPER:ZAMAUSDT:1790790899999:SHORT,ZAMAUSDT,Validation,1,SHORT_LOSS_CLUSTER_1,9.507783346808694,0.287356,-1.211023,-2.103884458069567,-0.4207768916139134,TRUE_WRONG_DIRECTION
PAPER:SEIUSDT:1790790899999:SHORT,SEIUSDT,Validation,1,SHORT_LOSS_CLUSTER_1,8.682742735353134,0.007395,-1.061166,-2.6642538307689376,-0.5328507661537875,TRUE_WRONG_DIRECTION
PAPER:EIGENUSDT:1790790899999:SHORT,EIGENUSDT,Validation,1,SHORT_LOSS_CLUSTER_1,10.793396001753042,0.10272,-1.001795,-2.58806387044275,-0.5176127740885499,TRUE_WRONG_DIRECTION
PAPER:ASTERUSDT:1790790899999:SHORT,ASTERUSDT,Validation,1,SHORT_LOSS_CLUSTER_1,10.088816280077468,0.01994,-0.712368,-3.4157494138604263,-0.6831498827720852,TRUE_WRONG_DIRECTION
PAPER:XVSUSDT:1790791499999:SHORT,XVSUSDT,Validation,1,SHORT_LOSS_CLUSTER_1,8.424662856730142,0.774458,-0.814466,-2.184146956753729,-0.4368293913507458,RIGHT_THEN_FAILURE
PAPER:JELLYJELLYUSDT:1790791499999:SHORT,JELLYJELLYUSDT,Validation,1,SHORT_LOSS_CLUSTER_1,7.413279347770509,0.194977,-0.790353,-2.967553780772275,-0.5935107561544549,TRUE_WRONG_DIRECTION
PAPER:STARUSDT:1790791499999:SHORT,STARUSDT,Validation,0,SHORT_LOSS_CLUSTER_0,9.590896732798932,0.563608,-0.825945,-0.39384084096612715,-0.07876816819322544,RIGHT_THEN_FAILURE
PAPER:1000SATSUSDT:1790791499999:SHORT,1000SATSUSDT,Validation,0,SHORT_LOSS_CLUSTER_0,11.338418662972604,0.698416,-0.498951,-1.1499407124042378,-0.22998814248084756,RIGHT_THEN_FAILURE
PAPER:BSBUSDT:1790791499999:SHORT,BSBUSDT,Validation,1,SHORT_LOSS_CLUSTER_1,6.7994337105548395,0.060124,-0.460709,-2.153254784744215,-0.430650956948843,TRUE_WRONG_DIRECTION
PAPER:HOMEUSDT:1790791499999:SHORT,HOMEUSDT,Validation,1,SHORT_LOSS_CLUSTER_1,8.950945382000059,0.0,-1.171193,-2.7036644318019887,-0.5407328863603977,TRUE_WRONG_DIRECTION
PAPER:FOLKSUSDT:1790791799999:SHORT,FOLKSUSDT,Validation,1,SHORT_LOSS_CLUSTER_1,9.571948563014024,0.348168,-1.410875,-1.7691269542251906,-0.3538253908450381,TRUE_WRONG_DIRECTION
PAPER:PUMPBTCUSDT:1790792999999:SHORT,PUMPBTCUSDT,Validation,1,SHORT_LOSS_CLUSTER_1,8.604708477280244,0.161192,-0.382395,-3.2172878189768683,-0.6434575637953737,TRUE_WRONG_DIRECTION
PAPER:ESPUSDT:1790793299999:SHORT,ESPUSDT,Validation,1,SHORT_LOSS_CLUSTER_1,9.227070982735976,0.198775,-0.914144,-2.7116053524541694,-0.5423210704908339,TRUE_WRONG_DIRECTION
PAPER:CETUSUSDT:1790793299999:SHORT,CETUSUSDT,Validation,1,SHORT_LOSS_CLUSTER_1,9.670287697814883,0.088048,-0.920436,-2.842894213520343,-0.5685788427040687,TRUE_WRONG_DIRECTION
PAPER:MMTUSDT:1790793299999:SHORT,MMTUSDT,Validation,1,SHORT_LOSS_CLUSTER_1,8.865232416256163,0.139518,-1.030307,-1.216311882791259,-0.24326237655825178,TRUE_WRONG_DIRECTION
PAPER:ONDOUSDT:1790793599999:SHORT,ONDOUSDT,Validation,0,SHORT_LOSS_CLUSTER_0,31.778964516645374,0.997219,-3.590664,-1.7813651148659768,-0.35627302297319535,RIGHT_THEN_FAILURE
PAPER:EDENUSDT:1790793599999:SHORT,EDENUSDT,Validation,1,SHORT_LOSS_CLUSTER_1,6.965131420878437,0.280256,-0.720611,-2.077235579287252,-0.4154471158574504,TRUE_WRONG_DIRECTION
PAPER:ZETAUSDT:1790793599999:SHORT,ZETAUSDT,Validation,0,SHORT_LOSS_CLUSTER_0,10.1450319545425,0.345383,-0.693086,-2.2495103736186444,-0.4499020747237289,TRUE_WRONG_DIRECTION
PAPER:CKBUSDT:1790793599999:SHORT,CKBUSDT,Validation,1,SHORT_LOSS_CLUSTER_1,7.679062295404134,0.072671,-0.676455,-2.2450142883568844,-0.4490028576713769,TRUE_WRONG_DIRECTION
PAPER:SKYAIUSDT:1790793599999:SHORT,SKYAIUSDT,Validation,1,SHORT_LOSS_CLUSTER_1,14.056197111596177,0.856741,-1.678711,0.05783865550652742,0.011567731101305483,RECOVERED_DRAWDOWN
PAPER:JUPUSDT:1790793599999:SHORT,JUPUSDT,Validation,0,SHORT_LOSS_CLUSTER_0,11.22218416632673,0.288224,-0.759751,-2.955576007343156,-0.5911152014686312,TRUE_WRONG_DIRECTION
PAPER:FLOWUSDT:1790793599999:SHORT,FLOWUSDT,Validation,0,SHORT_LOSS_CLUSTER_0,9.827689783213488,0.687306,-0.663013,-1.9156195269912546,-0.3831239053982509,RIGHT_THEN_FAILURE
PAPER:ASTERUSDT:1790793599999:SHORT,ASTERUSDT,Validation,1,SHORT_LOSS_CLUSTER_1,9.06654328237728,0.433904,-0.834369,-3.522553200909784,-0.7045106401819569,STALL_NO_EDGE
PAPER:ALCHUSDT:1790793899999:SHORT,ALCHUSDT,Validation,1,SHORT_LOSS_CLUSTER_1,7.418927966508124,0.490603,-1.31616,-6.699973783780914,-1.3399947567561827,STALL_NO_EDGE
PAPER:REDUSDT:1790793899999:SHORT,REDUSDT,Validation,1,SHORT_LOSS_CLUSTER_1,9.088315838568962,1.112084,-1.321906,1.4577834285023998,0.29155668570048,RECOVERED_DRAWDOWN
PAPER:LTCUSDT:1790793899999:SHORT,LTCUSDT,Validation,1,SHORT_LOSS_CLUSTER_1,8.596902602576323,0.329504,-0.658236,-2.775441414627564,-0.5550882829255128,TRUE_WRONG_DIRECTION
PAPER:BRUSDT:1790793899999:SHORT,BRUSDT,Validation,1,SHORT_LOSS_CLUSTER_1,9.612351465272248,0.675549,-0.708503,-1.4727037426443872,-0.2945407485288774,RIGHT_THEN_FAILURE
PAPER:AGTUSDT:1790794199999:SHORT,AGTUSDT,Validation,0,SHORT_LOSS_CLUSTER_0,12.27713809964005,0.752157,-1.144673,-1.706282462332799,-0.3412564924665598,RIGHT_THEN_FAILURE
PAPER:JCTUSDT:1790794199999:SHORT,JCTUSDT,Validation,0,SHORT_LOSS_CLUSTER_0,12.015496430221509,0.719621,-2.40956,-2.94337907683928,-0.588675815367856,RIGHT_THEN_FAILURE
PAPER:ENAUSDT:1790794199999:SHORT,ENAUSDT,Validation,0,SHORT_LOSS_CLUSTER_0,9.526545635188837,0.449645,-1.898601,-6.119328763156725,-1.223865752631345,STALL_NO_EDGE
PAPER:GRIFFAINUSDT:1790794199999:SHORT,GRIFFAINUSDT,Validation,0,SHORT_LOSS_CLUSTER_0,9.751529348924885,1.6925,-0.513644,-0.08092407919186173,-0.016184815838372345,RIGHT_THEN_FAILURE
PAPER:AVAAIUSDT:1790794199999:SHORT,AVAAIUSDT,Validation,1,SHORT_LOSS_CLUSTER_1,10.901256476598423,1.510967,-0.475158,-0.4842497432156724,-0.09684994864313448,RIGHT_THEN_FAILURE
PAPER:ROBOUSDT:1790795399999:SHORT,ROBOUSDT,Validation,0,SHORT_LOSS_CLUSTER_0,16.848724384186735,1.692667,-3.21699,-2.6644886340280047,-0.532897726805601,RIGHT_THEN_FAILURE
PAPER:LIGHTUSDT:1790795699999:SHORT,LIGHTUSDT,Validation,1,SHORT_LOSS_CLUSTER_1,8.641661189579901,0.252679,-0.838052,-2.451369724599154,-0.49027394491983084,TRUE_WRONG_DIRECTION
PAPER:AVAAIUSDT:1790795999999:SHORT,AVAAIUSDT,Validation,0,SHORT_LOSS_CLUSTER_0,9.529553811751127,1.07101,-0.549925,-1.3142069017376867,-0.26284138034753735,RIGHT_THEN_FAILURE
PAPER:USUSDT:1790795999999:SHORT,USUSDT,Validation,1,SHORT_LOSS_CLUSTER_1,9.890532366907681,0.730394,-0.785638,-2.17026819180578,-0.43405363836115596,RIGHT_THEN_FAILURE
PAPER:STOUSDT:1790795999999:SHORT,STOUSDT,Validation,1,SHORT_LOSS_CLUSTER_1,9.06171410251209,0.405211,-0.539711,-2.132464931814828,-0.4264929863629656,STALL_NO_EDGE
PAPER:SKYAIUSDT:1790796299999:SHORT,SKYAIUSDT,Validation,1,SHORT_LOSS_CLUSTER_1,11.027512590223477,0.761021,-1.460019,-0.9501900380075652,-0.19003800760151304,RIGHT_THEN_FAILURE
PAPER:HUMAUSDT:1790796299999:SHORT,HUMAUSDT,Validation,1,SHORT_LOSS_CLUSTER_1,8.169981954163209,0.337933,-0.68919,-2.9596563368998337,-0.5919312673799667,TRUE_WRONG_DIRECTION
PAPER:BIGTIMEUSDT:1790796299999:SHORT,BIGTIMEUSDT,Validation,1,SHORT_LOSS_CLUSTER_1,8.370777294543428,0.117923,-0.422291,-2.963535435770245,-0.592707087154049,TRUE_WRONG_DIRECTION
PAPER:XPINUSDT:1790796299999:SHORT,XPINUSDT,Validation,1,SHORT_LOSS_CLUSTER_1,9.055712188938463,0.455715,-0.733583,-3.9262613224190823,-0.7852522644838165,STALL_NO_EDGE
PAPER:PIPPINUSDT:1790796899999:SHORT,PIPPINUSDT,Validation,0,SHORT_LOSS_CLUSTER_0,10.548689892974586,0.732026,-1.416631,-0.5469339772895206,-0.10938679545790413,RIGHT_THEN_FAILURE
PAPER:LSKUSDT:1790797499999:SHORT,LSKUSDT,Validation,0,SHORT_LOSS_CLUSTER_0,10.024303500057774,0.595887,-1.089163,-0.9242149183114257,-0.18484298366228513,RIGHT_THEN_FAILURE
PAPER:SYRUPUSDT:1790798099999:SHORT,SYRUPUSDT,Validation,1,SHORT_LOSS_CLUSTER_1,6.3384338602161305,0.149855,-0.766489,-2.9635868517106863,-0.5927173703421372,TRUE_WRONG_DIRECTION
PAPER:TAGUSDT:1790798099999:SHORT,TAGUSDT,Validation,1,SHORT_LOSS_CLUSTER_1,9.970440725398378,0.655327,-0.683487,-0.9501900380075616,-0.19003800760151232,RIGHT_THEN_FAILURE
PAPER:FARTCOINUSDT:1790798099999:SHORT,FARTCOINUSDT,Validation,1,SHORT_LOSS_CLUSTER_1,9.91863934976459,0.321555,-0.816976,-2.3747067996411153,-0.47494135992822306,TRUE_WRONG_DIRECTION
PAPER:EIGENUSDT:1790798099999:SHORT,EIGENUSDT,Validation,1,SHORT_LOSS_CLUSTER_1,10.399014429260243,0.845078,-0.390754,-0.950190038007614,-0.19003800760152278,RIGHT_THEN_FAILURE
PAPER:SPXUSDT:1790798099999:SHORT,SPXUSDT,Validation,1,SHORT_LOSS_CLUSTER_1,10.522419416531841,0.28175,-0.600301,-2.9831595960639548,-0.596631919212791,TRUE_WRONG_DIRECTION
PAPER:JTOUSDT:1790798099999:SHORT,JTOUSDT,Validation,1,SHORT_LOSS_CLUSTER_1,9.317493513367012,0.856863,-1.144681,-0.5685813549215082,-0.11371627098430165,RIGHT_THEN_FAILURE
PAPER:MAGMAUSDT:1790798099999:SHORT,MAGMAUSDT,Validation,1,SHORT_LOSS_CLUSTER_1,9.50164900313889,0.164205,-0.625261,-1.977470211207086,-0.3954940422414172,TRUE_WRONG_DIRECTION
PAPER:REZUSDT:1790798699999:SHORT,REZUSDT,Validation,0,SHORT_LOSS_CLUSTER_0,10.859290323908525,0.888089,-1.901055,-0.5173537301493611,-0.10347074602987223,RIGHT_THEN_FAILURE
PAPER:USUALUSDT:1790798699999:SHORT,USUALUSDT,Validation,1,SHORT_LOSS_CLUSTER_1,7.410309501619559,0.235283,-1.153779,-2.829084978470073,-0.5658169956940147,TRUE_WRONG_DIRECTION
PAPER:JASMYUSDT:1790798699999:SHORT,JASMYUSDT,Validation,1,SHORT_LOSS_CLUSTER_1,7.8228428252638444,0.18092,-0.683053,-2.5088311480094276,-0.5017662296018855,TRUE_WRONG_DIRECTION
PAPER:KMNOUSDT:1790798699999:SHORT,KMNOUSDT,Validation,1,SHORT_LOSS_CLUSTER_1,6.325691559374855,0.671857,-0.642679,-0.834770349273974,-0.1669540698547948,RIGHT_THEN_FAILURE
PAPER:TOWNSUSDT:1790798999999:SHORT,TOWNSUSDT,Validation,1,SHORT_LOSS_CLUSTER_1,6.391982714094301,0.267823,-0.739572,-3.110946253998996,-0.6221892507997991,TRUE_WRONG_DIRECTION
PAPER:RONINUSDT:1790798999999:SHORT,RONINUSDT,Validation,1,SHORT_LOSS_CLUSTER_1,9.836164970050977,0.313555,-1.068332,-1.1091785055439969,-0.22183570110879938,TRUE_WRONG_DIRECTION
PAPER:EPICUSDT:1790798999999:SHORT,EPICUSDT,Validation,1,SHORT_LOSS_CLUSTER_1,9.920783453984596,0.280019,-0.976326,-2.686343209305515,-0.537268641861103,TRUE_WRONG_DIRECTION
PAPER:BERAUSDT:1790799599999:SHORT,BERAUSDT,Validation,0,SHORT_LOSS_CLUSTER_0,9.949397882053816,0.732026,-0.811615,-0.9501900380076082,-0.19003800760152162,RIGHT_THEN_FAILURE
PAPER:NILUSDT:1790799599999:SHORT,NILUSDT,Validation,1,SHORT_LOSS_CLUSTER_1,8.451321018643334,0.674661,-1.409334,-1.4215969268014357,-0.2843193853602871,RIGHT_THEN_FAILURE
PAPER:BROCCOLIF3BUSDT:1790799899999:SHORT,BROCCOLIF3BUSDT,Validation,0,SHORT_LOSS_CLUSTER_0,140.2290530545297,0.70612,-3.935378,-5.510590345827085,-1.1021180691654169,RIGHT_THEN_FAILURE
PAPER:NMRUSDT:1790800499999:SHORT,NMRUSDT,Validation,0,SHORT_LOSS_CLUSTER_0,12.653515108983555,3.539234,-0.977565,-1.537931861571073,-0.3075863723142146,RIGHT_THEN_FAILURE
PAPER:USUSDT:1790800499999:SHORT,USUSDT,Validation,1,SHORT_LOSS_CLUSTER_1,11.444733108208839,0.850669,-0.959717,-2.735421954007646,-0.5470843908015292,RIGHT_THEN_FAILURE
PAPER:1000000MOGUSDT:1790801099999:SHORT,1000000MOGUSDT,Validation,0,SHORT_LOSS_CLUSTER_0,13.31705273208043,0.153944,-0.628821,-2.908962520764982,-0.5817925041529964,TRUE_WRONG_DIRECTION
PAPER:LSKUSDT:1790801099999:SHORT,LSKUSDT,Validation,1,SHORT_LOSS_CLUSTER_1,8.74836252408399,0.101569,-0.759864,-3.1840470242859205,-0.6368094048571841,TRUE_WRONG_DIRECTION
PAPER:BRUSDT:1790801399999:SHORT,BRUSDT,Validation,1,SHORT_LOSS_CLUSTER_1,8.440188231699647,0.339903,-1.305388,-4.0023034453960165,-0.8004606890792033,TRUE_WRONG_DIRECTION
PAPER:MUSDT:1790801399999:SHORT,MUSDT,Validation,0,SHORT_LOSS_CLUSTER_0,12.841678939487926,0.325664,-1.240008,-1.001071842239974,-0.2002143684479948,TRUE_WRONG_DIRECTION
PAPER:POWERUSDT:1790801699999:SHORT,POWERUSDT,Reserve,1,SHORT_LOSS_CLUSTER_1,9.36176493982673,0.120326,-1.50516,-0.7746112270507802,-0.15492224541015606,TRUE_WRONG_DIRECTION
PAPER:哈基米USDT:1790801699999:SHORT,哈基米USDT,Reserve,1,SHORT_LOSS_CLUSTER_1,7.629347701766998,0.1104,-1.356647,-3.2344314527833746,-0.6468862905566749,TRUE_WRONG_DIRECTION
PAPER:EPICUSDT:1790801699999:SHORT,EPICUSDT,Reserve,0,SHORT_LOSS_CLUSTER_0,10.324795413853115,0.207228,-0.89106,-2.7508202180005017,-0.5501640436001003,TRUE_WRONG_DIRECTION
PAPER:ONEUSDT:1790802599999:SHORT,ONEUSDT,Reserve,0,SHORT_LOSS_CLUSTER_0,10.066763475335355,1.55673,-0.757057,-1.0435765759560958,-0.20871531519121916,RIGHT_THEN_FAILURE
PAPER:AVNTUSDT:1790802599999:SHORT,AVNTUSDT,Reserve,1,SHORT_LOSS_CLUSTER_1,10.791723856370256,0.301755,-0.781239,-1.4411425586410542,-0.28822851172821085,TRUE_WRONG_DIRECTION
PAPER:HANAUSDT:1790802599999:SHORT,HANAUSDT,Reserve,1,SHORT_LOSS_CLUSTER_1,8.539828872148783,0.304736,-0.75067,-1.9659676151950904,-0.3931935230390181,TRUE_WRONG_DIRECTION
PAPER:PONSUSDT:1790802599999:SHORT,PONSUSDT,Reserve,1,SHORT_LOSS_CLUSTER_1,8.571480000898037,0.195768,-0.84386,-2.913614984224498,-0.5827229968448995,TRUE_WRONG_DIRECTION
PAPER:BANUSDT:1790802599999:SHORT,BANUSDT,Reserve,1,SHORT_LOSS_CLUSTER_1,21.083075078456268,0.108165,-0.532681,-2.5137358021820533,-0.5027471604364107,TRUE_WRONG_DIRECTION
PAPER:PIXELUSDT:1790802599999:SHORT,PIXELUSDT,Reserve,1,SHORT_LOSS_CLUSTER_1,8.095299770143237,0.294524,-0.491796,-2.7866818253587846,-0.557336365071757,TRUE_WRONG_DIRECTION
PAPER:MEUSDT:1790802599999:SHORT,MEUSDT,Reserve,1,SHORT_LOSS_CLUSTER_1,10.832739316260813,0.270521,-0.627466,-2.503334607045434,-0.5006669214090868,TRUE_WRONG_DIRECTION
PAPER:INXUSDT:1790802899999:SHORT,INXUSDT,Reserve,1,SHORT_LOSS_CLUSTER_1,8.075532590096723,0.243207,-0.476236,-1.6527517082364025,-0.3305503416472805,TRUE_WRONG_DIRECTION
PAPER:DRIFTUSDT:1790802899999:SHORT,DRIFTUSDT,Reserve,1,SHORT_LOSS_CLUSTER_1,7.31333236028394,0.663983,-0.861835,-2.2668002169608297,-0.45336004339216596,RIGHT_THEN_FAILURE
PAPER:XVSUSDT:1790803499999:SHORT,XVSUSDT,Reserve,1,SHORT_LOSS_CLUSTER_1,9.543355820049978,0.172713,-0.708278,-1.9146894407783719,-0.38293788815567437,TRUE_WRONG_DIRECTION
PAPER:STOUSDT:1790803499999:SHORT,STOUSDT,Reserve,1,SHORT_LOSS_CLUSTER_1,7.240555682245636,0.17133,-0.49834,-2.8653509755035,-0.5730701951007,TRUE_WRONG_DIRECTION
PAPER:ATOMUSDT:1790803499999:SHORT,ATOMUSDT,Reserve,1,SHORT_LOSS_CLUSTER_1,8.324524653709616,0.038012,-0.774215,-2.9826879093915917,-0.5965375818783183,TRUE_WRONG_DIRECTION
PAPER:CCUSDT:1790804399999:SHORT,CCUSDT,Reserve,1,SHORT_LOSS_CLUSTER_1,18.126034395979087,0.548107,-0.945213,-2.0468737552281473,-0.4093747510456295,RIGHT_THEN_FAILURE
PAPER:WLFIUSDT:1790804999999:SHORT,WLFIUSDT,Reserve,1,SHORT_LOSS_CLUSTER_1,11.066592603970317,0.474419,-0.972227,-3.195538290649631,-0.6391076581299262,STALL_NO_EDGE
PAPER:AIOTUSDT:1790805299999:SHORT,AIOTUSDT,Reserve,1,SHORT_LOSS_CLUSTER_1,9.589240166497296,0.062074,-0.857198,-2.223604685240303,-0.4447209370480606,TRUE_WRONG_DIRECTION
PAPER:BBUSDT:1790805299999:SHORT,BBUSDT,Reserve,1,SHORT_LOSS_CLUSTER_1,7.815078471969897,0.332593,-0.447394,-2.3940026788607085,-0.4788005357721417,TRUE_WRONG_DIRECTION
PAPER:THEUSDT:1790805599999:SHORT,THEUSDT,Reserve,1,SHORT_LOSS_CLUSTER_1,18.875578114556404,0.526044,-0.645961,-0.3502996637942622,-0.07005993275885244,RIGHT_THEN_FAILURE
PAPER:USUSDT:1790805599999:SHORT,USUSDT,Reserve,1,SHORT_LOSS_CLUSTER_1,12.241933204330808,1.247242,-1.221769,-0.37186925774258506,-0.07437385154851701,RIGHT_THEN_FAILURE
PAPER:COTIUSDT:1790805899999:SHORT,COTIUSDT,Reserve,1,SHORT_LOSS_CLUSTER_1,7.944185581425231,0.003567,-1.449984,-3.978021116792052,-0.7956042233584104,TRUE_WRONG_DIRECTION
PAPER:FLUXUSDT:1790805899999:SHORT,FLUXUSDT,Reserve,1,SHORT_LOSS_CLUSTER_1,7.906476447375359,0.171605,-1.087541,-2.0461400982986735,-0.4092280196597347,TRUE_WRONG_DIRECTION
PAPER:PENGUUSDT:1790805899999:SHORT,PENGUUSDT,Reserve,1,SHORT_LOSS_CLUSTER_1,7.713142981437938,0.17051,-1.247763,-2.539317625429805,-0.507863525085961,TRUE_WRONG_DIRECTION
PAPER:APEUSDT:1790805899999:SHORT,APEUSDT,Reserve,1,SHORT_LOSS_CLUSTER_1,16.315374196008808,0.317901,-0.898558,-2.6413224367846024,-0.5282644873569206,TRUE_WRONG_DIRECTION
PAPER:METISUSDT:1790805899999:SHORT,METISUSDT,Reserve,1,SHORT_LOSS_CLUSTER_1,8.586017110304637,0.0,-1.31257,-2.336398256574345,-0.4672796513148689,TRUE_WRONG_DIRECTION
PAPER:TIAUSDT:1790805899999:SHORT,TIAUSDT,Reserve,1,SHORT_LOSS_CLUSTER_1,8.055741081319804,0.141505,-1.150565,-1.5275547323997598,-0.3055109464799519,TRUE_WRONG_DIRECTION
PAPER:EIGENUSDT:1790805899999:SHORT,EIGENUSDT,Reserve,1,SHORT_LOSS_CLUSTER_1,9.955183465882833,0.480304,-1.145698,-5.853698569017679,-1.1707397138035358,STALL_NO_EDGE
PAPER:EGLDUSDT:1790805899999:SHORT,EGLDUSDT,Reserve,1,SHORT_LOSS_CLUSTER_1,6.948438053675299,0.048114,-1.087187,-1.972931629458631,-0.39458632589172615,TRUE_WRONG_DIRECTION
PAPER:TNSRUSDT:1790805899999:SHORT,TNSRUSDT,Reserve,1,SHORT_LOSS_CLUSTER_1,7.220371685322733,0.057812,-0.927862,-2.637813863343277,-0.5275627726686554,TRUE_WRONG_DIRECTION
PAPER:WCTUSDT:1790805899999:SHORT,WCTUSDT,Reserve,1,SHORT_LOSS_CLUSTER_1,9.138080482723407,0.077672,-0.825829,-2.7833511343381545,-0.5566702268676308,TRUE_WRONG_DIRECTION
PAPER:APTUSDT:1790805899999:SHORT,APTUSDT,Reserve,1,SHORT_LOSS_CLUSTER_1,6.300932254661612,0.309616,-0.837463,-2.797817947454429,-0.5595635894908858,TRUE_WRONG_DIRECTION
PAPER:POPCATUSDT:1790805899999:SHORT,POPCATUSDT,Reserve,1,SHORT_LOSS_CLUSTER_1,12.226670090753148,0.615716,-1.079538,-2.0107306948677746,-0.4021461389735549,RIGHT_THEN_FAILURE
PAPER:WUSDT:1790805899999:SHORT,WUSDT,Reserve,1,SHORT_LOSS_CLUSTER_1,6.389982961795958,0.07874,-0.954273,-2.7368724447350212,-0.5473744889470042,TRUE_WRONG_DIRECTION
PAPER:DOTUSDT:1790805899999:SHORT,DOTUSDT,Reserve,1,SHORT_LOSS_CLUSTER_1,6.6893908964040705,0.177827,-0.836056,-2.229061876739893,-0.4458123753479786,TRUE_WRONG_DIRECTION
PAPER:FILUSDT:1790805899999:SHORT,FILUSDT,Reserve,1,SHORT_LOSS_CLUSTER_1,7.37181833552387,0.048196,-0.945574,-3.1200318416985575,-0.6240063683397115,TRUE_WRONG_DIRECTION
PAPER:FETUSDT:1790805899999:SHORT,FETUSDT,Reserve,1,SHORT_LOSS_CLUSTER_1,6.310405069103645,0.203955,-1.050215,-1.1743616412489446,-0.23487232824978893,TRUE_WRONG_DIRECTION
PAPER:PARTIUSDT:1790805899999:SHORT,PARTIUSDT,Reserve,1,SHORT_LOSS_CLUSTER_1,8.720358962535071,0.209137,-0.707427,-2.479247510441298,-0.4958495020882596,TRUE_WRONG_DIRECTION
PAPER:WETUSDT:1790805899999:SHORT,WETUSDT,Reserve,1,SHORT_LOSS_CLUSTER_1,9.183311158722386,0.212637,-0.919548,-2.7742739216938577,-0.5548547843387716,TRUE_WRONG_DIRECTION
PAPER:MITOUSDT:1790805899999:SHORT,MITOUSDT,Reserve,0,SHORT_LOSS_CLUSTER_0,9.405687079185716,0.247072,-0.620925,-2.621001753755272,-0.5242003507510544,TRUE_WRONG_DIRECTION
PAPER:ZECUSDT:1790805899999:SHORT,ZECUSDT,Reserve,1,SHORT_LOSS_CLUSTER_1,24.532577278882282,0.441745,-1.513563,-6.31385227203597,-1.2627704544071943,STALL_NO_EDGE
PAPER:HBARUSDT:1790805899999:SHORT,HBARUSDT,Reserve,1,SHORT_LOSS_CLUSTER_1,9.69105692089725,0.673787,-1.322051,-0.5458866253010757,-0.10917732506021514,RIGHT_THEN_FAILURE
PAPER:SAGAUSDT:1790805899999:SHORT,SAGAUSDT,Reserve,0,SHORT_LOSS_CLUSTER_0,20.490588907776587,1.005632,-1.619996,-1.3608341643718882,-0.27216683287437765,RIGHT_THEN_FAILURE
PAPER:SPACEUSDT:1790806199999:SHORT,SPACEUSDT,Reserve,1,SHORT_LOSS_CLUSTER_1,8.746644344822146,0.172047,-0.3849,-2.7764052090371507,-0.5552810418074301,TRUE_WRONG_DIRECTION
PAPER:TRIAUSDT:1790806199999:SHORT,TRIAUSDT,Reserve,1,SHORT_LOSS_CLUSTER_1,11.359427468298488,0.803405,-0.189529,-0.8289853915093216,-0.16579707830186433,RIGHT_THEN_FAILURE
PAPER:4USDT:1790809799999:SHORT,4USDT,Reserve,1,SHORT_LOSS_CLUSTER_1,9.59351386220354,0.250977,-0.9077,-2.3882213434699047,-0.47764426869398097,TRUE_WRONG_DIRECTION
PAPER:PONSUSDT:1790810999999:SHORT,PONSUSDT,Reserve,1,SHORT_LOSS_CLUSTER_1,6.931555190794525,0.188016,-1.079017,-1.4234129440748158,-0.28468258881496317,TRUE_WRONG_DIRECTION
PAPER:牛来USDT:1790811299999:SHORT,牛来USDT,Reserve,1,SHORT_LOSS_CLUSTER_1,7.98846439868381,0.189024,-0.590081,-2.828476350014905,-0.5656952700029809,TRUE_WRONG_DIRECTION
PAPER:METUSDT:1790812499999:SHORT,METUSDT,Reserve,1,SHORT_LOSS_CLUSTER_1,8.397604951321462,0.676118,-0.684484,-1.74198882009865,-0.34839776401973,RIGHT_THEN_FAILURE
PAPER:SOPHUSDT:1790812499999:SHORT,SOPHUSDT,Reserve,0,SHORT_LOSS_CLUSTER_0,11.610282389627068,0.388241,-0.999792,-3.129565015043842,-0.6259130030087684,STALL_NO_EDGE
PAPER:APRUSDT:1790812499999:SHORT,APRUSDT,Reserve,0,SHORT_LOSS_CLUSTER_0,27.067265474545753,0.759741,-4.485816,-1.6597225540076244,-0.3319445108015249,RIGHT_THEN_FAILURE
PAPER:ARKUSDT:1790812799999:SHORT,ARKUSDT,Reserve,1,SHORT_LOSS_CLUSTER_1,13.692462815941788,1.148555,-0.755763,-3.7660608603762484,-0.7532121720752497,RIGHT_THEN_FAILURE
PAPER:LSKUSDT:1790813099999:SHORT,LSKUSDT,Reserve,1,SHORT_LOSS_CLUSTER_1,7.92283810967727,0.086901,-1.587939,-1.948914943313535,-0.389782988662707,TRUE_WRONG_DIRECTION
PAPER:ZETAUSDT:1790813099999:SHORT,ZETAUSDT,Reserve,1,SHORT_LOSS_CLUSTER_1,8.63257608655227,0.096253,-1.105072,-1.4350555843443118,-0.2870111168688624,TRUE_WRONG_DIRECTION
PAPER:币安人生USDT:1790813099999:SHORT,币安人生USDT,Reserve,1,SHORT_LOSS_CLUSTER_1,16.95876078003117,0.139804,-0.559357,-3.299604251287636,-0.6599208502575271,TRUE_WRONG_DIRECTION
PAPER:AXSUSDT:1790813099999:SHORT,AXSUSDT,Reserve,1,SHORT_LOSS_CLUSTER_1,8.877585608362088,0.214846,-0.394024,-2.3214500159359606,-0.4642900031871921,TRUE_WRONG_DIRECTION
PAPER:SKYUSDT:1790813099999:SHORT,SKYUSDT,Reserve,1,SHORT_LOSS_CLUSTER_1,6.614886618492303,0.174134,-0.382395,-2.7962553739396,-0.55925107478792,TRUE_WRONG_DIRECTION
PAPER:OUSDT:1790813099999:SHORT,OUSDT,Reserve,1,SHORT_LOSS_CLUSTER_1,9.889266635045063,0.0,-0.801268,-2.4960171462085574,-0.4992034292417115,TRUE_WRONG_DIRECTION
PAPER:TRBUSDT:1790813399999:SHORT,TRBUSDT,Reserve,1,SHORT_LOSS_CLUSTER_1,8.599068271787067,0.730362,-1.419726,-0.5650210930903583,-0.11300421861807167,RIGHT_THEN_FAILURE
PAPER:HBARUSDT:1790813399999:SHORT,HBARUSDT,Reserve,1,SHORT_LOSS_CLUSTER_1,8.011940416518827,0.461139,-0.770587,-3.598990831935807,-0.7197981663871613,STALL_NO_EDGE
PAPER:RAREUSDT:1790813399999:SHORT,RAREUSDT,Reserve,1,SHORT_LOSS_CLUSTER_1,7.6041171834625425,0.097667,-0.549522,-3.0113819969875726,-0.6022763993975145,TRUE_WRONG_DIRECTION
PAPER:MUBARAKUSDT:1790813999999:SHORT,MUBARAKUSDT,Reserve,1,SHORT_LOSS_CLUSTER_1,7.856581393404232,0.497283,-1.221445,-2.0776116371922564,-0.41552232743845124,STALL_NO_EDGE
PAPER:ZECUSDT:1790813999999:SHORT,ZECUSDT,Reserve,1,SHORT_LOSS_CLUSTER_1,24.570377205420982,0.372803,-1.158299,-2.5303085091269493,-0.5060617018253898,STALL_NO_EDGE
PAPER:FLUXUSDT:1790813999999:SHORT,FLUXUSDT,Reserve,1,SHORT_LOSS_CLUSTER_1,9.407153023305705,0.34857,-0.566039,-2.5215329301700136,-0.5043065860340027,TRUE_WRONG_DIRECTION
PAPER:POWERUSDT:1790814599999:SHORT,POWERUSDT,Reserve,1,SHORT_LOSS_CLUSTER_1,9.39779632950488,0.620913,-1.240211,-0.14828277115677446,-0.029656554231354892,RIGHT_THEN_FAILURE
PAPER:LAUSDT:1790814599999:SHORT,LAUSDT,Reserve,1,SHORT_LOSS_CLUSTER_1,11.506186426815919,0.763556,-1.616145,-1.8579500663660253,-0.37159001327320507,RIGHT_THEN_FAILURE
PAPER:LSKUSDT:1790814599999:SHORT,LSKUSDT,Reserve,0,SHORT_LOSS_CLUSTER_0,20.07127333570667,2.739019,-2.739198,-0.7871008144939986,-0.15742016289879973,RIGHT_THEN_FAILURE
PAPER:SUSDT:1790814899999:SHORT,SUSDT,Reserve,1,SHORT_LOSS_CLUSTER_1,9.311671747832765,0.004704,-1.107178,-2.928748101398882,-0.5857496202797764,TRUE_WRONG_DIRECTION
PAPER:JCTUSDT:1790815199999:SHORT,JCTUSDT,Reserve,1,SHORT_LOSS_CLUSTER_1,10.545148847517234,0.328295,-0.716603,-4.291231643020389,-0.8582463286040777,TRUE_WRONG_DIRECTION
PAPER:RSRUSDT:1790815499999:SHORT,RSRUSDT,Reserve,1,SHORT_LOSS_CLUSTER_1,10.460854932677172,0.336362,-0.970313,-2.5850852548775727,-0.5170170509755145,TRUE_WRONG_DIRECTION
PAPER:USUSDT:1790815799999:SHORT,USUSDT,Reserve,1,SHORT_LOSS_CLUSTER_1,12.757015769216304,1.042465,-1.728517,-1.0281005734221202,-0.20562011468442404,RIGHT_THEN_FAILURE
PAPER:ALICEUSDT:1790816099999:SHORT,ALICEUSDT,Reserve,0,SHORT_LOSS_CLUSTER_0,11.501776305343599,0.099494,-0.736993,-3.491939808212545,-0.6983879616425089,TRUE_WRONG_DIRECTION
PAPER:HANAUSDT:1790816699999:SHORT,HANAUSDT,Reserve,1,SHORT_LOSS_CLUSTER_1,11.66237691983153,0.301088,-0.74246,-2.3563001223839777,-0.47126002447679555,TRUE_WRONG_DIRECTION
PAPER:ARUSDT:1790818499999:SHORT,ARUSDT,Reserve,1,SHORT_LOSS_CLUSTER_1,8.776069843336911,0.523583,-0.390631,-1.5066594933364095,-0.3013318986672819,RIGHT_THEN_FAILURE
PAPER:BERAUSDT:1790818799999:SHORT,BERAUSDT,Reserve,1,SHORT_LOSS_CLUSTER_1,10.24968344033908,0.181487,-1.511035,-2.563647540144559,-0.5127295080289118,TRUE_WRONG_DIRECTION
PAPER:CROSSUSDT:1790818799999:SHORT,CROSSUSDT,Reserve,1,SHORT_LOSS_CLUSTER_1,8.396118820812474,1.587872,-0.524719,0.18649670407701735,0.03729934081540347,RECOVERED_DRAWDOWN
PAPER:XNYUSDT:1790819099999:SHORT,XNYUSDT,Reserve,1,SHORT_LOSS_CLUSTER_1,18.349069904533085,0.396387,-0.895861,-3.285632713321304,-0.6571265426642608,STALL_NO_EDGE
PAPER:BREVUSDT:1790819099999:SHORT,BREVUSDT,Reserve,1,SHORT_LOSS_CLUSTER_1,9.304741513453578,0.313857,-0.595626,-1.5263585348285027,-0.30527170696570055,TRUE_WRONG_DIRECTION
PAPER:USUSDT:1790819099999:SHORT,USUSDT,Reserve,1,SHORT_LOSS_CLUSTER_1,16.321342738008266,0.331813,-3.4902,-7.012796264784984,-1.4025592529569968,TRUE_WRONG_DIRECTION
PAPER:NILUSDT:1790819399999:SHORT,NILUSDT,Reserve,1,SHORT_LOSS_CLUSTER_1,6.996112835644441,1.040154,-0.832792,1.0247562423213883,0.20495124846427765,RECOVERED_DRAWDOWN
PAPER:NOMUSDT:1790819699999:SHORT,NOMUSDT,Reserve,0,SHORT_LOSS_CLUSTER_0,11.158099923646606,0.846345,-1.62275,-0.9501900380076234,-0.19003800760152467,RIGHT_THEN_FAILURE
PAPER:PONSUSDT:1790819999999:SHORT,PONSUSDT,Reserve,0,SHORT_LOSS_CLUSTER_0,9.23314756091575,0.342111,-0.725176,-2.85786987809146,-0.571573975618292,TRUE_WRONG_DIRECTION
PAPER:USUSDT:1790819999999:SHORT,USUSDT,Reserve,0,SHORT_LOSS_CLUSTER_0,14.262175008406077,1.617011,-0.984384,-1.5585701911894425,-0.3117140382378885,RIGHT_THEN_FAILURE
PAPER:GRASSUSDT:1790820299999:SHORT,GRASSUSDT,Reserve,1,SHORT_LOSS_CLUSTER_1,7.571937736815757,0.356011,-1.075739,-2.940620594115941,-0.5881241188231882,STALL_NO_EDGE
PAPER:ZAMAUSDT:1790820299999:SHORT,ZAMAUSDT,Reserve,1,SHORT_LOSS_CLUSTER_1,6.9101240000758315,0.211375,-0.919811,-2.815847474211391,-0.5631694948422782,TRUE_WRONG_DIRECTION
PAPER:XANUSDT:1790820299999:SHORT,XANUSDT,Reserve,1,SHORT_LOSS_CLUSTER_1,11.072536566116888,0.375989,-0.558555,-2.0798434481020722,-0.41596868962041444,STALL_NO_EDGE
PAPER:LINKUSDT:1790820299999:SHORT,LINKUSDT,Reserve,0,SHORT_LOSS_CLUSTER_0,10.472635206535328,0.218322,-0.826108,-2.8796620018516115,-0.5759324003703223,TRUE_WRONG_DIRECTION
PAPER:PLAYUSDT:1790820899999:SHORT,PLAYUSDT,Reserve,1,SHORT_LOSS_CLUSTER_1,10.164366910642332,0.920623,-1.211465,-0.1655894266627762,-0.03311788533255524,RIGHT_THEN_FAILURE
PAPER:GWEIUSDT:1790820899999:SHORT,GWEIUSDT,Reserve,0,SHORT_LOSS_CLUSTER_0,10.4039491871543,0.481007,-1.340851,-5.73711125421798,-1.147422250843596,STALL_NO_EDGE
PAPER:AINUSDT:1790820899999:SHORT,AINUSDT,Reserve,1,SHORT_LOSS_CLUSTER_1,7.4349321112053355,0.287615,-0.723132,-3.1495537903714013,-0.6299107580742802,TRUE_WRONG_DIRECTION
PAPER:INITUSDT:1790821199999:SHORT,INITUSDT,Reserve,1,SHORT_LOSS_CLUSTER_1,9.711996939729714,0.262373,-0.974245,-3.094398406550434,-0.6188796813100869,TRUE_WRONG_DIRECTION
PAPER:POWERUSDT:1790821199999:SHORT,POWERUSDT,Reserve,1,SHORT_LOSS_CLUSTER_1,8.475744027555514,0.418241,-1.860633,-7.09144800292046,-1.4182896005840921,STALL_NO_EDGE
PAPER:AEROUSDT:1790821199999:SHORT,AEROUSDT,Reserve,1,SHORT_LOSS_CLUSTER_1,6.482101605534182,0.202016,-0.698398,-3.049037794980422,-0.6098075589960845,TRUE_WRONG_DIRECTION
PAPER:AZTECUSDT:1790821199999:SHORT,AZTECUSDT,Reserve,1,SHORT_LOSS_CLUSTER_1,10.100589871491527,0.67781,-1.706388,-0.6591579507762163,-0.13183159015524326,RIGHT_THEN_FAILURE
PAPER:CLOUSDT:1790821199999:SHORT,CLOUSDT,Reserve,0,SHORT_LOSS_CLUSTER_0,11.892125029878422,0.325309,-0.848756,-4.752245684766101,-0.9504491369532202,TRUE_WRONG_DIRECTION
PAPER:2ZUSDT:1790821499999:SHORT,2ZUSDT,Reserve,0,SHORT_LOSS_CLUSTER_0,12.400121017272802,0.243253,-1.494242,-3.673094212630835,-0.7346188425261669,TRUE_WRONG_DIRECTION
PAPER:CGPTUSDT:1790821499999:SHORT,CGPTUSDT,Reserve,0,SHORT_LOSS_CLUSTER_0,13.773588905108413,0.596859,-2.002779,-1.2809665953013876,-0.25619331906027754,RIGHT_THEN_FAILURE
PAPER:HANAUSDT:1790821499999:SHORT,HANAUSDT,Reserve,1,SHORT_LOSS_CLUSTER_1,8.109918691040477,0.141319,-0.907278,-2.9686383849349682,-0.5937276769869936,TRUE_WRONG_DIRECTION
PAPER:FUSDT:1790821499999:SHORT,FUSDT,Reserve,0,SHORT_LOSS_CLUSTER_0,12.4805926538585,0.149857,-0.78438,-3.358845070740731,-0.6717690141481462,TRUE_WRONG_DIRECTION
PAPER:PHAROSUSDT:1790821499999:SHORT,PHAROSUSDT,Reserve,1,SHORT_LOSS_CLUSTER_1,9.842217250404268,0.313767,-0.854431,-4.0822650591019505,-0.8164530118203901,TRUE_WRONG_DIRECTION
PAPER:COAIUSDT:1790821499999:SHORT,COAIUSDT,Reserve,1,SHORT_LOSS_CLUSTER_1,6.735973154236583,0.166775,-0.486951,-2.5860566721187204,-0.5172113344237441,TRUE_WRONG_DIRECTION
PAPER:XVSUSDT:1790823299999:SHORT,XVSUSDT,Reserve,1,SHORT_LOSS_CLUSTER_1,18.519774545845365,0.76162,-1.862404,-2.9061076100232306,-0.581221522004646,RIGHT_THEN_FAILURE
PAPER:OUSDT:1790823299999:SHORT,OUSDT,Reserve,1,SHORT_LOSS_CLUSTER_1,10.618442860821538,0.182168,-0.718416,-2.9278391717483325,-0.5855678343496665,TRUE_WRONG_DIRECTION
PAPER:SPORTFUNUSDT:1790823299999:SHORT,SPORTFUNUSDT,Reserve,1,SHORT_LOSS_CLUSTER_1,11.750918804597278,0.037118,-0.93395,-3.237226885696961,-0.6474453771393921,TRUE_WRONG_DIRECTION
PAPER:NOMUSDT:1790824799999:SHORT,NOMUSDT,Reserve,1,SHORT_LOSS_CLUSTER_1,14.0419613673669,0.149163,-1.83855,-0.5268706383982853,-0.10537412767965706,TRUE_WRONG_DIRECTION
PAPER:LDOUSDT:1790825099999:SHORT,LDOUSDT,Reserve,1,SHORT_LOSS_CLUSTER_1,8.332134681419046,0.505095,-0.887559,-1.9785344137989818,-0.3957068827597964,RIGHT_THEN_FAILURE
PAPER:HUSDT:1790825399999:SHORT,HUSDT,Reserve,1,SHORT_LOSS_CLUSTER_1,7.80915424285411,0.109165,-0.852428,-2.781825472929299,-0.5563650945858598,TRUE_WRONG_DIRECTION