lane,size,rank_within_size,C,features,D_auc,V_auc,DV_floor
0,2,1,0.01,f_f_market_dispersion_15m|f_gate_impulse_concentration_ratio,0.7804878048780488,0.7447916666666666,0.7447916666666666
0,2,2,0.1,f_f_market_dispersion_15m|f_gate_impulse_concentration_ratio,0.8005738880918221,0.7291666666666666,0.7291666666666666
0,2,3,1.0,f_f_market_dispersion_15m|f_gate_impulse_concentration_ratio,0.8048780487804879,0.7291666666666666,0.7291666666666666
0,2,4,10.0,f_f_market_dispersion_15m|f_gate_impulse_concentration_ratio,0.7926829268292683,0.7239583333333333,0.7239583333333333
0,2,5,100.0,f_f_market_dispersion_15m|f_gate_impulse_concentration_ratio,0.7890961262553802,0.7239583333333333,0.7239583333333333
0,2,6,100.0,f_f_market_dispersion_15m|f_context_regime_ema20,0.7245337159253946,0.7239583333333333,0.7239583333333333
0,2,7,0.01,f_f_market_dispersion_15m|f_f_taker_selected_share_3m,0.772596843615495,0.71875,0.71875
0,2,8,0.01,f_f_market_dispersion_15m|f_context_regime_ema20,0.7252510760401721,0.71875,0.71875
0,2,9,0.1,f_f_market_dispersion_15m|f_context_regime_ema20,0.7266857962697274,0.71875,0.71875
0,2,10,1.0,f_f_market_dispersion_15m|f_context_regime_ema20,0.7266857962697274,0.71875,0.71875
0,2,11,10.0,f_f_market_dispersion_15m|f_context_regime_ema20,0.7238163558106169,0.71875,0.71875
0,2,12,0.1,f_f_market_dispersion_15m|f_f_taker_selected_share_3m,0.7754662840746055,0.7135416666666666,0.7135416666666666
0,2,13,1.0,f_f_market_dispersion_15m|f_new_volume_over_range,0.7051649928263989,0.7135416666666667,0.7051649928263989
0,2,14,10.0,f_f_market_dispersion_15m|f_new_volume_over_range,0.7051649928263989,0.7135416666666667,0.7051649928263989
0,2,15,100.0,f_f_market_dispersion_15m|f_new_volume_over_range,0.7051649928263989,0.7135416666666667,0.7051649928263989
0,2,16,0.01,f_f_market_dispersion_15m|f_new_trades_over_range,0.6994261119081779,0.7135416666666667,0.6994261119081779
0,2,17,0.01,f_f_market_dispersion_15m|f_f_taker_selected_share_prev1m,0.7395982783357246,0.6979166666666667,0.6979166666666667
0,2,18,10.0,f_f_market_dispersion_15m|f_f_taker_selected_share_3m,0.7740315638450502,0.6979166666666667,0.6979166666666667
0,2,19,100.0,f_f_market_dispersion_15m|f_f_taker_selected_share_3m,0.7740315638450502,0.6979166666666667,0.6979166666666667
0,2,20,0.1,f_f_market_dispersion_15m|f_new_trades_over_range,0.697274031563845,0.7291666666666667,0.697274031563845
0,2,21,10.0,f_f_market_dispersion_15m|f_new_trades_over_range,0.6951219512195121,0.7291666666666667,0.6951219512195121
0,2,22,100.0,f_f_market_dispersion_15m|f_new_trades_over_range,0.6944045911047346,0.7291666666666667,0.6944045911047346
0,2,23,1.0,f_f_market_dispersion_15m|f_new_trades_over_range,0.6929698708751794,0.734375,0.6929698708751794
0,2,24,0.1,f_f_market_dispersion_15m|f_f_taker_selected_share_prev1m,0.7352941176470589,0.6927083333333334,0.6927083333333334
0,2,25,1.0,f_f_market_dispersion_15m|f_f_taker_selected_share_prev1m,0.7374461979913915,0.6927083333333334,0.6927083333333334
0,3,1,0.01,f_f_market_dispersion_15m|f_gate_impulse_concentration_ratio|f_f_taker_selected_share_3m,0.8235294117647058,0.8020833333333334,0.8020833333333334
0,3,2,0.1,f_f_market_dispersion_15m|f_gate_impulse_concentration_ratio|f_f_taker_selected_share_3m,0.8443328550932567,0.796875,0.796875
0,3,3,1.0,f_f_market_dispersion_15m|f_gate_impulse_concentration_ratio|f_f_taker_selected_share_3m,0.8443328550932568,0.7760416666666666,0.7760416666666666
0,3,4,100.0,f_f_market_dispersion_15m|f_gate_impulse_concentration_ratio|f_context_taker_buy_sell_ratio,0.8385939741750358,0.7760416666666666,0.7760416666666666
0,3,5,10.0,f_f_market_dispersion_15m|f_gate_impulse_concentration_ratio|f_context_taker_buy_sell_ratio,0.8421807747489239,0.7708333333333333,0.7708333333333333
0,3,6,10.0,f_f_market_dispersion_15m|f_gate_impulse_concentration_ratio|f_f_taker_selected_share_3m,0.8443328550932568,0.765625,0.765625
0,3,7,100.0,f_f_market_dispersion_15m|f_gate_impulse_concentration_ratio|f_f_taker_selected_share_3m,0.8443328550932568,0.765625,0.765625
0,3,8,0.1,f_f_market_dispersion_15m|f_gate_impulse_concentration_ratio|f_context_taker_buy_sell_ratio,0.8350071736011477,0.7604166666666667,0.7604166666666667
0,3,9,1.0,f_f_market_dispersion_15m|f_gate_impulse_concentration_ratio|f_context_taker_buy_sell_ratio,0.8428981348637017,0.7604166666666667,0.7604166666666667
0,3,10,100.0,f_f_market_dispersion_15m|f_gate_impulse_concentration_ratio|f_f_taker_selected_share_prev1m,0.8127690100430416,0.7604166666666667,0.7604166666666667
0,3,11,10.0,f_f_market_dispersion_15m|f_gate_impulse_concentration_ratio|f_f_taker_selected_share_prev1m,0.8170731707317074,0.7552083333333334,0.7552083333333334
0,3,12,1.0,f_f_market_dispersion_15m|f_gate_impulse_concentration_ratio|f_f_taker_selected_share_prev1m,0.8206599713055954,0.7552083333333333,0.7552083333333333
0,3,13,0.1,f_f_market_dispersion_15m|f_gate_impulse_concentration_ratio|f_f_taker_selected_share_prev1m,0.8192252510760402,0.7500000000000001,0.7500000000000001
0,3,14,0.01,f_f_market_dispersion_15m|f_gate_impulse_concentration_ratio|f_context_taker_buy_sell_ratio,0.8299856527977044,0.7447916666666667,0.7447916666666667
0,3,15,0.01,f_f_market_dispersion_15m|f_gate_impulse_concentration_ratio|f_context_regime_ema20,0.7941176470588235,0.7447916666666666,0.7447916666666666
0,3,16,100.0,f_f_market_dispersion_15m|f_gate_impulse_concentration_ratio|f_micro_selected_vwap_extension_20,0.8500717360114778,0.7395833333333333,0.7395833333333333
0,3,17,0.1,f_f_market_dispersion_15m|f_gate_impulse_concentration_ratio|f_new_trades_over_range,0.7833572453371592,0.734375,0.734375
0,3,18,10.0,f_f_market_dispersion_15m|f_gate_impulse_concentration_ratio|f_micro_selected_vwap_extension_20,0.851506456241033,0.734375,0.734375
0,3,19,0.1,f_f_market_dispersion_15m|f_gate_impulse_concentration_ratio|f_context_regime_ema20,0.8149210903873745,0.7291666666666666,0.7291666666666666
0,3,20,1.0,f_f_market_dispersion_15m|f_gate_impulse_concentration_ratio|f_micro_selected_vwap_extension_20,0.8507890961262554,0.7291666666666666,0.7291666666666666
0,3,21,1.0,f_f_market_dispersion_15m|f_gate_impulse_concentration_ratio|f_context_regime_ema20,0.8185078909612625,0.7291666666666666,0.7291666666666666
0,3,22,10.0,f_f_market_dispersion_15m|f_gate_impulse_concentration_ratio|f_new_trades_over_range,0.7955523672883787,0.7291666666666666,0.7291666666666666
0,3,23,100.0,f_f_market_dispersion_15m|f_gate_impulse_concentration_ratio|f_new_trades_over_range,0.7948350071736011,0.7291666666666666,0.7291666666666666
0,3,24,1.0,f_f_market_dispersion_15m|f_gate_impulse_concentration_ratio|f_new_trades_over_range,0.8041606886657102,0.7239583333333334,0.7239583333333334
0,3,25,10.0,f_f_market_dispersion_15m|f_gate_impulse_concentration_ratio|f_context_regime_ema20,0.8084648493543759,0.7239583333333333,0.7239583333333333
0,4,1,0.01,f_f_market_dispersion_15m|f_gate_impulse_concentration_ratio|f_context_regime_ema20|f_f_taker_selected_share_3m,0.832855093256815,0.8020833333333334,0.8020833333333334
0,4,2,0.1,f_f_market_dispersion_15m|f_gate_impulse_concentration_ratio|f_context_regime_ema20|f_f_taker_selected_share_3m,0.8507890961262554,0.796875,0.796875
0,4,3,0.01,f_f_market_dispersion_15m|f_gate_impulse_concentration_ratio|f_f_market_selected_ret_1m|f_f_taker_selected_share_3m,0.8263988522238164,0.7916666666666666,0.7916666666666666
0,4,4,1.0,f_f_market_dispersion_15m|f_gate_impulse_concentration_ratio|f_context_taker_buy_sell_ratio|f_f_taker_selected_share_3m,0.8543758967001436,0.7916666666666666,0.7916666666666666
0,4,5,100.0,f_f_market_dispersion_15m|f_gate_impulse_concentration_ratio|f_context_taker_buy_sell_ratio|f_f_structure_reversal_score,0.8400286944045912,0.7916666666666666,0.7916666666666666
0,4,6,1.0,f_f_market_dispersion_15m|f_gate_impulse_concentration_ratio|f_context_taker_buy_sell_ratio|f_f_taker_selected_share_prev1m,0.8428981348637016,0.7864583333333334,0.7864583333333334
0,4,7,10.0,f_f_market_dispersion_15m|f_gate_impulse_concentration_ratio|f_context_taker_buy_sell_ratio|f_f_taker_selected_share_3m,0.8543758967001436,0.7864583333333334,0.7864583333333334
0,4,8,100.0,f_f_market_dispersion_15m|f_gate_impulse_concentration_ratio|f_context_taker_buy_sell_ratio|f_f_taker_selected_share_3m,0.8529411764705883,0.7864583333333333,0.7864583333333333
0,4,9,10.0,f_f_market_dispersion_15m|f_gate_impulse_concentration_ratio|f_context_taker_buy_sell_ratio|f_f_structure_reversal_score,0.8393113342898135,0.7812500000000001,0.7812500000000001
0,4,10,1.0,f_f_market_dispersion_15m|f_gate_impulse_concentration_ratio|f_f_structure_reversal_score|f_f_taker_selected_share_3m,0.845767575322812,0.78125,0.78125
0,4,11,10.0,f_f_market_dispersion_15m|f_gate_impulse_concentration_ratio|f_f_structure_reversal_score|f_f_taker_selected_share_3m,0.8472022955523674,0.78125,0.78125
0,4,12,10.0,f_f_market_dispersion_15m|f_gate_impulse_concentration_ratio|f_context_taker_buy_sell_ratio|f_f_taker_selected_share_prev1m,0.8464849354375896,0.78125,0.78125
0,4,13,100.0,f_f_market_dispersion_15m|f_gate_impulse_concentration_ratio|f_f_structure_reversal_score|f_f_taker_selected_share_3m,0.8443328550932567,0.78125,0.78125
0,4,14,100.0,f_f_market_dispersion_15m|f_gate_impulse_concentration_ratio|f_micro_selected_vwap_extension_20|f_new_volume_over_range,0.8737446197991391,0.7760416666666667,0.7760416666666667
0,4,15,10.0,f_f_market_dispersion_15m|f_gate_impulse_concentration_ratio|f_context_taker_buy_sell_ratio|f_context_regime_ema20,0.8493543758967002,0.7760416666666666,0.7760416666666666
0,4,16,100.0,f_f_market_dispersion_15m|f_gate_impulse_concentration_ratio|f_context_taker_buy_sell_ratio|f_f_taker_selected_share_prev1m,0.8428981348637015,0.7760416666666666,0.7760416666666666
0,4,17,100.0,f_f_market_dispersion_15m|f_gate_impulse_concentration_ratio|f_context_taker_buy_sell_ratio|f_f_last_body_opposite,0.8393113342898135,0.7760416666666666,0.7760416666666666
0,4,18,100.0,f_f_market_dispersion_15m|f_gate_impulse_concentration_ratio|f_context_taker_buy_sell_ratio|f_context_regime_ema20,0.8486370157819225,0.7760416666666666,0.7760416666666666
0,4,19,10.0,f_f_market_dispersion_15m|f_gate_impulse_concentration_ratio|f_micro_selected_vwap_extension_20|f_new_volume_over_range,0.8737446197991391,0.7708333333333334,0.7708333333333334
0,4,20,10.0,f_f_market_dispersion_15m|f_gate_impulse_concentration_ratio|f_micro_selected_vwap_extension_20|f_context_taker_buy_sell_ratio,0.8787661406025826,0.7708333333333334,0.7708333333333334
0,4,21,10.0,f_f_market_dispersion_15m|f_gate_impulse_concentration_ratio|f_f_last_body_opposite|f_f_taker_selected_share_3m,0.8436154949784792,0.7708333333333334,0.7708333333333334
0,4,22,10.0,f_f_market_dispersion_15m|f_gate_impulse_concentration_ratio|f_context_regime_ema20|f_f_taker_selected_share_3m,0.8493543758967002,0.7708333333333334,0.7708333333333334
0,4,23,100.0,f_f_market_dispersion_15m|f_gate_impulse_concentration_ratio|f_micro_selected_vwap_extension_20|f_context_taker_buy_sell_ratio,0.8809182209469154,0.7708333333333334,0.7708333333333334
0,4,24,100.0,f_f_market_dispersion_15m|f_gate_impulse_concentration_ratio|f_context_taker_buy_sell_ratio|f_gate_ret_1m_pct_raw,0.8436154949784792,0.7708333333333334,0.7708333333333334
0,4,25,100.0,f_f_market_dispersion_15m|f_gate_impulse_concentration_ratio|f_context_regime_ema20|f_f_taker_selected_share_3m,0.8500717360114778,0.7708333333333334,0.7708333333333334
1,2,1,0.01,f_f_selected_slope5_norm|f_new_extension_5m_norm,0.6716968477531858,0.7105263157894737,0.6716968477531858
1,2,2,0.1,f_score_component_delta_activity|f_micro_decay_5_vs_prev5,0.6708025933378046,0.6762360446570973,0.6708025933378046
1,2,3,100.0,f_score_component_delta_activity|f_micro_decay_5_vs_prev5,0.670020120724346,0.6778309409888357,0.670020120724346
1,2,4,10.0,f_score_component_delta_activity|f_micro_decay_5_vs_prev5,0.6699083389224234,0.6778309409888357,0.6699083389224234
1,2,5,1.0,f_score_component_delta_activity|f_micro_decay_5_vs_prev5,0.6696847753185781,0.6778309409888357,0.6696847753185781
1,2,6,0.1,f_f_selected_slope5_norm|f_new_extension_5m_norm,0.6694612117147328,0.7169059011164274,0.6694612117147328
1,2,7,1.0,f_f_selected_slope5_norm|f_new_extension_5m_norm,0.6689023027051196,0.7192982456140351,0.6689023027051196
1,2,8,10.0,f_f_selected_slope5_norm|f_new_extension_5m_norm,0.6683433936955063,0.7208931419457735,0.6683433936955063
1,2,9,0.01,f_score_component_delta_activity|f_micro_decay_5_vs_prev5,0.668455175497429,0.6682615629984051,0.6682615629984051
1,2,10,100.0,f_f_selected_slope5_norm|f_new_extension_5m_norm,0.6682316118935836,0.7208931419457735,0.6682316118935836
1,2,11,0.1,f_f_coin_residual_5m_vs_btc|f_new_extension_5m_norm,0.6672255756762799,0.6706539074960127,0.6672255756762799
1,2,12,100.0,f_f_coin_residual_5m_vs_btc|f_new_extension_5m_norm,0.6666666666666666,0.6770334928229664,0.6666666666666666
1,2,13,1.0,f_f_coin_residual_5m_vs_btc|f_new_extension_5m_norm,0.666554884864744,0.6754385964912281,0.666554884864744
1,2,14,10.0,f_f_coin_residual_5m_vs_btc|f_new_extension_5m_norm,0.6664431030628213,0.6770334928229664,0.6664431030628213
1,2,15,1.0,f_median_abs_ret_5m_pct|f_micro_decay_3_vs_prev3,0.6639839034205232,0.7009569377990431,0.6639839034205232
1,2,16,10.0,f_median_abs_ret_5m_pct|f_micro_decay_3_vs_prev3,0.6638721216186004,0.7009569377990431,0.6638721216186004
1,2,17,100.0,f_median_abs_ret_5m_pct|f_micro_decay_3_vs_prev3,0.6638721216186004,0.7009569377990431,0.6638721216186004
1,2,18,0.1,f_median_abs_ret_5m_pct|f_micro_decay_3_vs_prev3,0.6633132126089872,0.700159489633174,0.6633132126089872
1,2,19,10.0,f_median_abs_ret_5m_pct|f_micro_range_contraction_after_impulse,0.6630896490051419,0.7240829346092504,0.6630896490051419
1,2,20,100.0,f_median_abs_ret_5m_pct|f_micro_range_contraction_after_impulse,0.6630896490051419,0.7240829346092504,0.6630896490051419
1,2,21,1.0,f_median_abs_ret_5m_pct|f_micro_range_contraction_after_impulse,0.6628660854012967,0.7248803827751196,0.6628660854012967
1,2,22,0.1,f_median_abs_ret_5m_pct|f_micro_range_contraction_after_impulse,0.662418958193606,0.7232854864433811,0.662418958193606
1,2,23,0.01,f_ret_1h_pct_for_selected|f_micro_decay_5_vs_prev5,0.6610775765705343,0.6634768740031898,0.6610775765705343
1,2,24,1.0,f_ret_1h_pct_for_selected|f_micro_decay_5_vs_prev5,0.6610775765705342,0.6634768740031898,0.6610775765705342
1,2,25,10.0,f_ret_1h_pct_for_selected|f_micro_decay_5_vs_prev5,0.6610775765705342,0.6634768740031898,0.6610775765705342
1,3,1,0.01,f_f_market_selected_ret_1m|f_micro_decay_5_vs_prev5|f_new_extension_5m_norm,0.7116029510395707,0.696969696969697,0.696969696969697
1,3,2,10.0,f_f_market_selected_ret_1m|f_micro_decay_5_vs_prev5|f_new_extension_5m_norm,0.7104851330203443,0.6921850079744816,0.6921850079744816
1,3,3,100.0,f_f_market_selected_ret_1m|f_micro_decay_5_vs_prev5|f_new_extension_5m_norm,0.7104851330203443,0.6921850079744816,0.6921850079744816
1,3,4,0.1,f_f_coin_residual_5m_vs_btc|f_f_selected_slope5_norm|f_new_extension_5m_norm,0.6900290632684999,0.6929824561403508,0.6900290632684999
1,3,5,1.0,f_f_market_selected_ret_1m|f_micro_decay_5_vs_prev5|f_new_extension_5m_norm,0.7109322602280349,0.6897926634768741,0.6897926634768741
1,3,6,0.1,f_ret_1h_pct_for_selected|f_f_selected_slope5_norm|f_new_extension_5m_norm,0.6896937178627319,0.7105263157894736,0.6896937178627319
1,3,7,0.1,f_f_market_selected_ret_1m|f_micro_decay_5_vs_prev5|f_new_extension_5m_norm,0.7109322602280349,0.6889952153110048,0.6889952153110048
1,3,8,0.01,f_new_score_x_activity_heat|f_f_selected_slope5_norm|f_new_extension_5m_norm,0.6880169908338922,0.6945773524720893,0.6880169908338922
1,3,9,1.0,f_ret_1h_pct_for_selected|f_f_selected_slope5_norm|f_new_extension_5m_norm,0.6877934272300469,0.7065390749601276,0.6877934272300469
1,3,10,0.01,f_ret_1h_pct_for_selected|f_f_selected_slope5_norm|f_new_extension_5m_norm,0.6924882629107982,0.6874003189792662,0.6874003189792662
1,3,11,0.01,f_ret_1h_pct_for_selected|f_micro_decay_3_vs_prev3|f_micro_range_contraction_after_impulse,0.6873463000223564,0.689792663476874,0.6873463000223564
1,3,12,10.0,f_ret_1h_pct_for_selected|f_f_selected_slope5_norm|f_new_extension_5m_norm,0.6867873910127431,0.7065390749601276,0.6867873910127431
1,3,13,100.0,f_ret_1h_pct_for_selected|f_f_selected_slope5_norm|f_new_extension_5m_norm,0.6867873910127431,0.7065390749601276,0.6867873910127431
1,3,14,0.01,f_evidence_count|f_micro_decay_5_vs_prev5|f_new_extension_5m_norm,0.6860049183992847,0.696969696969697,0.6860049183992847
1,3,15,0.1,f_score_component_delta_activity|f_f_selected_slope5_norm|f_new_extension_5m_norm,0.6860049183992846,0.6889952153110047,0.6860049183992846
1,3,16,0.1,f_new_score_x_activity_heat|f_f_selected_slope5_norm|f_new_extension_5m_norm,0.6905879722781131,0.685805422647528,0.685805422647528
1,3,17,0.01,f_context_volume_ratio|f_f_selected_slope5_norm|f_new_extension_5m_norm,0.689023027051196,0.6858054226475279,0.6858054226475279
1,3,18,1.0,f_score_component_delta_activity|f_micro_decay_5_vs_prev5|f_micro_range_contraction_after_impulse,0.6856695729935167,0.6874003189792663,0.6856695729935167
1,3,19,100.0,f_f_coin_residual_5m_vs_btc|f_median_abs_ret_5m_pct|f_f_coin_residual_15m_vs_btc,0.6856695729935167,0.6858054226475279,0.6856695729935167
1,3,20,0.01,f_ret_1h_pct_for_selected|f_micro_decay_3_vs_prev3|f_new_extension_5m_norm,0.6856695729935166,0.7017543859649122,0.6856695729935166
1,3,21,10.0,f_f_coin_residual_5m_vs_btc|f_median_abs_ret_5m_pct|f_f_coin_residual_15m_vs_btc,0.6856695729935166,0.6866028708133971,0.6856695729935166
1,3,22,10.0,f_score_component_delta_activity|f_micro_decay_5_vs_prev5|f_micro_range_contraction_after_impulse,0.685557791191594,0.6874003189792663,0.685557791191594
1,3,23,100.0,f_score_component_delta_activity|f_micro_decay_5_vs_prev5|f_micro_range_contraction_after_impulse,0.6854460093896714,0.6874003189792663,0.6854460093896714
1,3,24,1.0,f_ret_1h_pct_for_selected|f_score_component_delta_activity|f_micro_decay_5_vs_prev5,0.6853342275877488,0.689792663476874,0.6853342275877488
1,3,25,0.1,f_score_component_delta_activity|f_micro_decay_5_vs_prev5|f_micro_range_contraction_after_impulse,0.6857813547954392,0.6850079744816586,0.6850079744816586
1,4,1,10.0,f_f_market_selected_ret_1m|f_micro_decay_5_vs_prev5|f_micro_range_contraction_after_impulse|f_new_extension_5m_norm,0.7202101497876147,0.7169059011164275,0.7169059011164275
1,4,2,100.0,f_f_market_selected_ret_1m|f_micro_decay_5_vs_prev5|f_micro_range_contraction_after_impulse|f_new_extension_5m_norm,0.7202101497876147,0.7169059011164275,0.7169059011164275
1,4,3,1.0,f_f_market_selected_ret_1m|f_micro_decay_5_vs_prev5|f_micro_range_contraction_after_impulse|f_new_extension_5m_norm,0.720098367985692,0.7161084529505582,0.7161084529505582
1,4,4,1.0,f_f_market_selected_ret_1m|f_micro_decay_5_vs_prev5|f_new_extension_5m_norm|f_micro_volume_climax_then_fade,0.7136150234741784,0.7185007974481659,0.7136150234741784
1,4,5,0.01,f_f_market_selected_ret_1m|f_micro_decay_5_vs_prev5|f_new_extension_5m_norm|f_micro_volume_climax_then_fade,0.713391459870333,0.7161084529505581,0.713391459870333
1,4,6,0.1,f_f_market_selected_ret_1m|f_micro_decay_5_vs_prev5|f_micro_range_contraction_after_impulse|f_new_extension_5m_norm,0.7209926224010732,0.7129186602870814,0.7129186602870814
1,4,7,100.0,f_f_market_selected_ret_1m|f_micro_decay_5_vs_prev5|f_new_extension_5m_norm|f_micro_volume_climax_then_fade,0.7120500782472613,0.7161084529505582,0.7120500782472613
1,4,8,10.0,f_f_market_selected_ret_1m|f_micro_decay_5_vs_prev5|f_new_extension_5m_norm|f_micro_volume_climax_then_fade,0.7119382964453387,0.7169059011164274,0.7119382964453387
1,4,9,0.01,f_f_market_selected_ret_1m|f_median_abs_ret_5m_pct|f_micro_decay_5_vs_prev5|f_new_extension_5m_norm,0.7113793874357255,0.7153110047846891,0.7113793874357255
1,4,10,0.01,f_f_market_selected_ret_1m|f_micro_decay_5_vs_prev5|f_micro_range_contraction_after_impulse|f_new_extension_5m_norm,0.7233400402414487,0.708133971291866,0.708133971291866
1,4,11,0.1,f_f_market_selected_ret_1m|f_micro_decay_5_vs_prev5|f_new_extension_5m_norm|f_micro_volume_climax_then_fade,0.7128325508607198,0.708133971291866,0.708133971291866
1,4,12,100.0,f_ret_1h_pct_for_selected|f_f_coin_residual_5m_vs_btc|f_f_coin_residual_15m_vs_btc|f_new_extension_5m_norm,0.7079141515761234,0.7145135566188198,0.7079141515761234
1,4,13,1.0,f_ret_1h_pct_for_selected|f_f_coin_residual_5m_vs_btc|f_f_coin_residual_15m_vs_btc|f_new_extension_5m_norm,0.7079141515761234,0.7137161084529506,0.7079141515761234
1,4,14,10.0,f_ret_1h_pct_for_selected|f_f_coin_residual_5m_vs_btc|f_f_coin_residual_15m_vs_btc|f_new_extension_5m_norm,0.7078023697742007,0.7137161084529505,0.7078023697742007
1,4,15,100.0,f_score_component_delta_activity|f_f_coin_residual_5m_vs_btc|f_f_coin_residual_15m_vs_btc|f_new_extension_5m_norm,0.7104851330203443,0.7073365231259968,0.7073365231259968
1,4,16,100.0,f_f_coin_residual_5m_vs_btc|f_score_component_selected_momentum|f_f_coin_residual_15m_vs_btc|f_new_extension_5m_norm,0.7072434607645874,0.7137161084529506,0.7072434607645874
1,4,17,10.0,f_f_coin_residual_5m_vs_btc|f_score_component_selected_momentum|f_f_coin_residual_15m_vs_btc|f_new_extension_5m_norm,0.7070198971607422,0.7137161084529506,0.7070198971607422
1,4,18,1.0,f_f_coin_residual_5m_vs_btc|f_score_component_selected_momentum|f_f_coin_residual_15m_vs_btc|f_new_extension_5m_norm,0.706796333556897,0.7073365231259968,0.706796333556897
1,4,19,10.0,f_f_market_selected_ret_1m|f_micro_decay_5_vs_prev5|f_micro_decay_3_vs_prev3|f_new_extension_5m_norm,0.7150681868991728,0.7057416267942584,0.7057416267942584
1,4,20,100.0,f_f_market_selected_ret_1m|f_micro_decay_5_vs_prev5|f_micro_decay_3_vs_prev3|f_new_extension_5m_norm,0.7150681868991728,0.7057416267942584,0.7057416267942584
1,4,21,10.0,f_score_component_delta_activity|f_f_coin_residual_5m_vs_btc|f_f_coin_residual_15m_vs_btc|f_new_extension_5m_norm,0.7107086966241897,0.7049441786283892,0.7049441786283892
1,4,22,1.0,f_f_market_selected_ret_1m|f_micro_decay_5_vs_prev5|f_micro_decay_3_vs_prev3|f_new_extension_5m_norm,0.7155153141068634,0.70414673046252,0.70414673046252
1,4,23,1.0,f_score_component_delta_activity|f_f_coin_residual_5m_vs_btc|f_f_coin_residual_15m_vs_btc|f_new_extension_5m_norm,0.7110440420299575,0.7025518341307815,0.7025518341307815
1,4,24,0.01,f_ret_1h_pct_for_selected|f_f_selected_slope5_norm|f_micro_range_contraction_after_impulse|f_new_extension_5m_norm,0.7017661524703779,0.7312599681020733,0.7017661524703779
1,4,25,100.0,f_f_market_selected_ret_1m|f_score_component_delta_activity|f_micro_decay_5_vs_prev5|f_new_extension_5m_norm,0.7206572769953052,0.700956937799043,0.700956937799043