split,policy,n,win_n,wr_pct,pnl_usdt,delta_vs_delayed_hist_usdt,avg_return_pct,median_return_pct,gross_profit_usdt,gross_loss_usdt,max_loss_usdt,winner_retention_median_pct
Discovery,DELAYED_HIST_CLOSE,67,16,23.880597014925375,-161.36455770457925,0.0,-0.48168524687934106,-0.4903230646129258,27.462916314599834,-188.82747401917908,-11.532202327413943,23.49012141062536
Discovery,SL1_TP1,67,16,23.880597014925375,-132.91416166034082,28.45039604423843,-0.3967586915234054,-0.5498070413339032,56.06931889718976,-188.98348055753058,-6.171767124634896,51.741014938964994
Discovery,V42_HYBRID,67,16,23.880597014925375,-147.6958996143515,13.668658090227751,-0.4408832824309001,-0.4903230646129258,36.629633357803925,-184.32553297215546,-8.58608276740099,23.258642512539403
Discovery,V43_SHORT_LS4,67,23,34.32835820895522,-130.49055983446007,30.873997870119183,-0.38952405920734345,-0.3710778593331668,39.49607605709972,-169.98663589155979,-8.58608276740099,25.32856800199823
Validation,DELAYED_HIST_CLOSE,19,7,36.8421052631579,-19.459885610821914,0.0,-0.20484090116654644,-0.19003800760152179,14.989395943340572,-34.44928155416249,-6.105237467849262,27.680606389857836
Validation,SL1_TP1,19,7,36.8421052631579,-4.829353892186543,14.630531718635371,-0.05083530412827938,-0.19003800760152179,29.48603032613593,-34.31538421832247,-5.971340132009247,56.930661468329646
Validation,V42_HYBRID,19,7,36.8421052631579,-7.239881856885716,12.220003753936197,-0.07620928270406015,-0.19003800760152179,25.696318096175403,-32.93619995306112,-6.105237467849262,37.74748045954616
Validation,V43_SHORT_LS4,19,9,47.36842105263158,-6.825889481047566,12.633996129774347,-0.07185146822155332,-0.10330199893129324,21.750065371368287,-28.57595485241585,-6.105237467849262,30.774120072360034
Reserve,DELAYED_HIST_CLOSE,26,3,11.538461538461538,-69.13591642241897,0.0,-0.5318147417109151,-0.5422005780382857,3.4264084531919394,-72.56232487561091,-10.00809747272396,17.375567776235737
Reserve,SL1_TP1,26,3,11.538461538461538,-63.86673579014402,5.269180632274953,-0.49128258300110783,-0.5422005780382857,5.783569022720256,-69.65030481286428,-5.993537803548957,17.375567776235737
Reserve,V42_HYBRID,26,4,15.384615384615385,-67.46261217740167,1.673304245017306,-0.5189431705953974,-0.5422005780382857,3.637457772061237,-71.1000699494629,-10.00809747272396,18.43138482451419
Reserve,V43_SHORT_LS4,26,6,23.076923076923077,-59.27274934425415,9.863167078164821,-0.4559442257250319,-0.5422005780382857,9.268751319910203,-68.54150066416436,-10.00809747272396,30.22557143971847
ALL,DELAYED_HIST_CLOSE,112,26,23.214285714285715,-249.96035973782014,0.0,-0.4463577852461074,-0.48443851594526577,45.878720711132345,-295.8390804489525,-11.532202327413943,25.560856474702298
ALL,SL1_TP1,112,26,23.214285714285715,-201.61025134267138,48.350108395148766,-0.36001830596905604,-0.5158370876170884,91.33891824604595,-292.9491695887173,-6.171767124634896,53.721816900082175
ALL,V42_HYBRID,112,27,24.107142857142858,-222.3983936486389,27.561966089181254,-0.39713998865828376,-0.46462433723538227,65.96340922604057,-288.3618028746795,-10.00809747272396,27.41577375139004
ALL,V43_SHORT_LS4,112,38,33.92857142857143,-196.5891986597618,53.37116107805835,-0.3510521404638603,-0.41495502415232155,70.51489274837822,-267.10409140814,-10.00809747272396,26.68529576098273