lane,horizon,feature,frozen_direction,D_auc,V_auc,R_auc,DV_floor,DVR_floor,all_ge_060
0,T+1,confirm_side_return_pct,HIGH,0.713768115942029,0.5097402597402598,1.0,0.5097402597402598,0.5097402597402598,False
0,T+1,confirm_selected_taker_share,HIGH,0.6114130434782609,0.5129870129870129,0.6857142857142857,0.5129870129870129,0.5129870129870129,False
0,T+1,f_micro_side_ret_1m,HIGH,0.7409420289855073,0.5519480519480519,0.8428571428571429,0.5519480519480519,0.5519480519480519,False
0,T+1,f_micro_side_ret_3m,HIGH,0.582427536231884,0.5909090909090908,0.6857142857142857,0.582427536231884,0.582427536231884,False
0,T+1,f_micro_side_ret_5m,HIGH,0.6340579710144928,0.44155844155844154,0.6285714285714286,0.44155844155844154,0.44155844155844154,False
0,T+1,f_micro_selected_taker_share_1m,HIGH,0.6114130434782609,0.5129870129870129,0.6857142857142857,0.5129870129870129,0.5129870129870129,False
0,T+1,f_micro_selected_taker_share_3m,LOW,0.5516304347826086,0.474025974025974,0.6142857142857142,0.474025974025974,0.474025974025974,False
0,T+1,f_micro_selected_vwap_extension_20,HIGH,0.7038043478260869,0.46753246753246747,0.7,0.46753246753246747,0.46753246753246747,False
0,T+1,f_micro_reversal_pressure,HIGH,0.5615942028985508,0.5194805194805194,0.32857142857142857,0.5194805194805194,0.32857142857142857,False
0,T+1,f_f_market_dispersion_15m,HIGH,0.7142210144927535,0.685064935064935,0.2928571428571429,0.685064935064935,0.2928571428571429,False
0,T+1,f_f_coin_minus_market_15m,HIGH,0.6231884057971014,0.4285714285714286,0.7571428571428571,0.4285714285714286,0.4285714285714286,False
0,T+1,f_f_coin_residual_5m_vs_btc,HIGH,0.5914855072463768,0.4675324675324675,0.6,0.4675324675324675,0.4675324675324675,False
0,T+1,f_f_taker_selected_share_3m,LOW,0.5516304347826086,0.474025974025974,0.6142857142857142,0.474025974025974,0.474025974025974,False
0,T+1,f_f_selected_slope5_norm,HIGH,0.5833333333333333,0.48701298701298695,0.6428571428571428,0.48701298701298695,0.48701298701298695,False
0,T+1,delta_micro_side_ret_1m,HIGH,0.5969202898550725,0.6558441558441559,0.8571428571428572,0.5969202898550725,0.5969202898550725,False
0,T+1,delta_micro_side_ret_3m,HIGH,0.5081521739130435,0.7727272727272727,0.6857142857142857,0.5081521739130435,0.5081521739130435,False
0,T+1,delta_micro_selected_taker_share_3m,HIGH,0.542572463768116,0.5714285714285714,0.5142857142857143,0.542572463768116,0.5142857142857143,False
0,T+1,delta_micro_selected_vwap_extension_20,HIGH,0.7110507246376812,0.5584415584415584,0.8142857142857143,0.5584415584415584,0.5584415584415584,False
0,T+1,delta_f_coin_minus_market_15m,HIGH,0.6684782608695653,0.6688311688311689,0.8142857142857143,0.6684782608695653,0.6684782608695653,True
0,T+1,delta_f_coin_residual_5m_vs_btc,HIGH,0.5416666666666666,0.487012987012987,0.7857142857142858,0.487012987012987,0.487012987012987,False
0,T+2,confirm_side_return_pct,HIGH,0.6462121212121212,0.653061224489796,1.0,0.6462121212121212,0.6462121212121212,True
0,T+2,confirm_selected_taker_share,HIGH,0.5742424242424242,0.6870748299319729,0.6153846153846154,0.5742424242424242,0.5742424242424242,False
0,T+2,f_micro_side_ret_1m,HIGH,0.6015151515151516,0.6462585034013605,0.7307692307692308,0.6015151515151516,0.6015151515151516,True
0,T+2,f_micro_side_ret_3m,HIGH,0.7742424242424242,0.5918367346938775,0.7692307692307692,0.5918367346938775,0.5918367346938775,False
0,T+2,f_micro_side_ret_5m,HIGH,0.6651515151515152,0.5442176870748299,0.6730769230769231,0.5442176870748299,0.5442176870748299,False
0,T+2,f_micro_selected_taker_share_1m,HIGH,0.5666666666666667,0.5306122448979592,0.6346153846153846,0.5306122448979592,0.5306122448979592,False
0,T+2,f_micro_selected_taker_share_3m,HIGH,0.5863636363636363,0.5034013605442177,0.8269230769230769,0.5034013605442177,0.5034013605442177,False
0,T+2,f_micro_selected_vwap_extension_20,HIGH,0.7378787878787878,0.4693877551020408,0.8269230769230769,0.4693877551020408,0.4693877551020408,False
0,T+2,f_micro_reversal_pressure,HIGH,0.5348484848484849,0.5850340136054422,0.40384615384615385,0.5348484848484849,0.40384615384615385,False
0,T+2,f_f_market_dispersion_15m,HIGH,0.8431818181818183,0.6938775510204082,0.3557692307692308,0.6938775510204082,0.3557692307692308,False
0,T+2,f_f_coin_minus_market_15m,HIGH,0.6363636363636364,0.44217687074829926,0.8846153846153846,0.44217687074829926,0.44217687074829926,False
0,T+2,f_f_coin_residual_5m_vs_btc,HIGH,0.6227272727272728,0.489795918367347,0.5961538461538461,0.489795918367347,0.489795918367347,False
0,T+2,f_f_taker_selected_share_3m,HIGH,0.5863636363636363,0.5034013605442177,0.8269230769230769,0.5034013605442177,0.5034013605442177,False
0,T+2,f_f_selected_slope5_norm,HIGH,0.6530303030303031,0.6870748299319728,0.6923076923076923,0.6530303030303031,0.6530303030303031,True
0,T+2,delta_micro_side_ret_1m,LOW,0.5106060606060606,0.3265306122448979,0.3846153846153846,0.3265306122448979,0.3265306122448979,False
0,T+2,delta_micro_side_ret_3m,HIGH,0.6045454545454545,0.6462585034013606,0.5576923076923077,0.6045454545454545,0.5576923076923077,False
0,T+2,delta_micro_selected_taker_share_3m,HIGH,0.6151515151515151,0.5510204081632654,0.8846153846153846,0.5510204081632654,0.5510204081632654,False
0,T+2,delta_micro_selected_vwap_extension_20,HIGH,0.6439393939393939,0.7006802721088435,0.75,0.6439393939393939,0.6439393939393939,True
0,T+2,delta_f_coin_minus_market_15m,HIGH,0.6787878787878787,0.7346938775510204,0.8846153846153847,0.6787878787878787,0.6787878787878787,True
0,T+2,delta_f_coin_residual_5m_vs_btc,HIGH,0.6348484848484849,0.673469387755102,0.6923076923076923,0.6348484848484849,0.6348484848484849,True
0,T+3,confirm_side_return_pct,HIGH,0.7222222222222222,0.5523809523809524,1.0,0.5523809523809524,0.5523809523809524,False
0,T+3,confirm_selected_taker_share,HIGH,0.5676328502415459,0.6,0.75,0.5676328502415459,0.5676328502415459,False
0,T+3,f_micro_side_ret_1m,HIGH,0.7681159420289855,0.47619047619047616,0.5,0.47619047619047616,0.47619047619047616,False
0,T+3,f_micro_side_ret_3m,HIGH,0.7826086956521738,0.657142857142857,0.9772727272727273,0.657142857142857,0.657142857142857,True
0,T+3,f_micro_side_ret_5m,HIGH,0.6908212560386473,0.6095238095238096,0.6363636363636364,0.6095238095238096,0.6095238095238096,True
0,T+3,f_micro_selected_taker_share_1m,HIGH,0.5845410628019323,0.5142857142857142,0.7272727272727273,0.5142857142857142,0.5142857142857142,False
0,T+3,f_micro_selected_taker_share_3m,HIGH,0.5700483091787439,0.6,0.75,0.5700483091787439,0.5700483091787439,False
0,T+3,f_micro_selected_vwap_extension_20,HIGH,0.7753623188405797,0.5142857142857142,0.8636363636363636,0.5142857142857142,0.5142857142857142,False
0,T+3,f_micro_reversal_pressure,HIGH,0.5652173913043478,0.638095238095238,0.2727272727272727,0.5652173913043478,0.2727272727272727,False
0,T+3,f_f_market_dispersion_15m,HIGH,0.8309178743961353,0.6714285714285714,0.3977272727272727,0.6714285714285714,0.3977272727272727,False
0,T+3,f_f_coin_minus_market_15m,HIGH,0.6932367149758454,0.5142857142857142,0.8636363636363636,0.5142857142857142,0.5142857142857142,False
0,T+3,f_f_coin_residual_5m_vs_btc,HIGH,0.6497584541062801,0.5809523809523809,0.6136363636363636,0.5809523809523809,0.5809523809523809,False
0,T+3,f_f_taker_selected_share_3m,HIGH,0.5700483091787439,0.6,0.75,0.5700483091787439,0.5700483091787439,False
0,T+3,f_f_selected_slope5_norm,HIGH,0.8381642512077294,0.5619047619047619,0.7954545454545454,0.5619047619047619,0.5619047619047619,False
0,T+3,delta_micro_side_ret_1m,HIGH,0.5217391304347826,0.5904761904761905,0.5227272727272727,0.5217391304347826,0.5217391304347826,False
0,T+3,delta_micro_side_ret_3m,HIGH,0.608695652173913,0.6000000000000001,0.6363636363636364,0.6000000000000001,0.6000000000000001,True
0,T+3,delta_micro_selected_taker_share_3m,HIGH,0.6376811594202898,0.5904761904761905,0.8181818181818181,0.5904761904761905,0.5904761904761905,False
0,T+3,delta_micro_selected_vwap_extension_20,HIGH,0.6714975845410627,0.6761904761904761,0.9772727272727273,0.6714975845410627,0.6714975845410627,True
0,T+3,delta_f_coin_minus_market_15m,HIGH,0.5966183574879227,0.6761904761904762,0.5,0.5966183574879227,0.5,False
0,T+3,delta_f_coin_residual_5m_vs_btc,HIGH,0.6014492753623187,0.6095238095238096,0.6590909090909091,0.6014492753623187,0.6014492753623187,True
1,T+1,confirm_side_return_pct,HIGH,0.5877625097225823,0.6888888888888889,0.6626984126984127,0.5877625097225823,0.5877625097225823,False
1,T+1,confirm_selected_taker_share,HIGH,0.5860772621208193,0.5948717948717949,0.5972222222222222,0.5860772621208193,0.5860772621208193,False
1,T+1,f_micro_side_ret_1m,HIGH,0.5672802696396163,0.6401709401709401,0.5376984126984127,0.5672802696396163,0.5376984126984127,False
1,T+1,f_micro_side_ret_3m,HIGH,0.6190044075706507,0.6188034188034188,0.3115079365079365,0.6188034188034188,0.3115079365079365,False
1,T+1,f_micro_side_ret_5m,HIGH,0.6397459165154264,0.647008547008547,0.37896825396825395,0.6397459165154264,0.37896825396825395,False
1,T+1,f_micro_selected_taker_share_1m,HIGH,0.5862068965517241,0.5948717948717949,0.5972222222222222,0.5862068965517241,0.5862068965517241,False
1,T+1,f_micro_selected_taker_share_3m,HIGH,0.5409644801659321,0.47777777777777775,0.46230158730158727,0.47777777777777775,0.46230158730158727,False
1,T+1,f_micro_selected_vwap_extension_20,HIGH,0.6007259528130671,0.6145299145299146,0.4107142857142857,0.6007259528130671,0.4107142857142857,False
1,T+1,f_micro_reversal_pressure,LOW,0.5773917552501945,0.5230769230769231,0.7103174603174603,0.5230769230769231,0.5230769230769231,False
1,T+1,f_f_market_dispersion_15m,HIGH,0.5637153227897329,0.38418803418803416,0.49503968253968245,0.38418803418803416,0.38418803418803416,False
1,T+1,f_f_coin_minus_market_15m,HIGH,0.5595022037853253,0.5564102564102564,0.3333333333333333,0.5564102564102564,0.3333333333333333,False
1,T+1,f_f_coin_residual_5m_vs_btc,HIGH,0.6516722841586725,0.6205128205128205,0.4246031746031746,0.6205128205128205,0.4246031746031746,False
1,T+1,f_f_taker_selected_share_3m,HIGH,0.5409644801659321,0.47777777777777775,0.46230158730158727,0.47777777777777775,0.46230158730158727,False
1,T+1,f_f_selected_slope5_norm,HIGH,0.6024112004148302,0.629059829059829,0.30158730158730157,0.6024112004148302,0.30158730158730157,False
1,T+1,delta_micro_side_ret_1m,HIGH,0.5707803992740471,0.5786324786324787,0.6130952380952381,0.5707803992740471,0.5707803992740471,False
1,T+1,delta_micro_side_ret_3m,HIGH,0.5763546798029556,0.5871794871794872,0.5615079365079365,0.5763546798029556,0.5615079365079365,False
1,T+1,delta_micro_selected_taker_share_3m,HIGH,0.593207155820586,0.5034188034188034,0.5634920634920635,0.5034188034188034,0.5034188034188034,False
1,T+1,delta_micro_selected_vwap_extension_20,HIGH,0.5740212600466684,0.5837606837606838,0.5694444444444444,0.5740212600466684,0.5694444444444444,False
1,T+1,delta_f_coin_minus_market_15m,HIGH,0.636764324604615,0.6487179487179487,0.5853174603174603,0.636764324604615,0.5853174603174603,False
1,T+1,delta_f_coin_residual_5m_vs_btc,HIGH,0.5716878402903811,0.6128205128205128,0.5813492063492063,0.5716878402903811,0.5716878402903811,False
1,T+2,confirm_side_return_pct,HIGH,0.7057453416149068,0.6266201395812562,0.8523206751054853,0.6266201395812562,0.6266201395812562,True
1,T+2,confirm_selected_taker_share,HIGH,0.6076086956521739,0.5672981056829511,0.7046413502109705,0.5672981056829511,0.5672981056829511,False
1,T+2,f_micro_side_ret_1m,HIGH,0.6855590062111802,0.5149551345962113,0.6371308016877637,0.5149551345962113,0.5149551345962113,False
1,T+2,f_micro_side_ret_3m,HIGH,0.5891304347826087,0.6041874376869392,0.6033755274261604,0.5891304347826087,0.5891304347826087,False
1,T+2,f_micro_side_ret_5m,HIGH,0.6400621118012423,0.6231306081754736,0.4472573839662447,0.6231306081754736,0.4472573839662447,False
1,T+2,f_micro_selected_taker_share_1m,HIGH,0.5902950310559006,0.4915254237288136,0.6350210970464134,0.4915254237288136,0.4915254237288136,False
1,T+2,f_micro_selected_taker_share_3m,HIGH,0.5631987577639752,0.5204386839481555,0.630801687763713,0.5204386839481555,0.5204386839481555,False
1,T+2,f_micro_selected_vwap_extension_20,HIGH,0.6666149068322982,0.5962113659022932,0.5654008438818565,0.5962113659022932,0.5654008438818565,False
1,T+2,f_micro_reversal_pressure,LOW,0.5208074534161491,0.48255234297108673,0.6877637130801688,0.48255234297108673,0.48255234297108673,False
1,T+2,f_f_market_dispersion_15m,HIGH,0.542080745341615,0.3808574277168495,0.5875527426160336,0.3808574277168495,0.3808574277168495,False
1,T+2,f_f_coin_minus_market_15m,HIGH,0.5813664596273291,0.5493519441674976,0.4430379746835443,0.5493519441674976,0.4430379746835443,False
1,T+2,f_f_coin_residual_5m_vs_btc,HIGH,0.6309006211180124,0.6011964107676968,0.42616033755274263,0.6011964107676968,0.42616033755274263,False
1,T+2,f_f_taker_selected_share_3m,HIGH,0.5631987577639752,0.5204386839481555,0.630801687763713,0.5204386839481555,0.5204386839481555,False
1,T+2,f_f_selected_slope5_norm,HIGH,0.6079192546583851,0.6201395812562313,0.4282700421940928,0.6079192546583851,0.4282700421940928,False
1,T+2,delta_micro_side_ret_1m,HIGH,0.6359472049689441,0.46560319042871384,0.7004219409282699,0.46560319042871384,0.46560319042871384,False
1,T+2,delta_micro_side_ret_3m,HIGH,0.5409937888198757,0.5324027916251247,0.770042194092827,0.5324027916251247,0.5324027916251247,False
1,T+2,delta_micro_selected_taker_share_3m,HIGH,0.5866459627329192,0.4835493519441675,0.5759493670886076,0.4835493519441675,0.4835493519441675,False
1,T+2,delta_micro_selected_vwap_extension_20,HIGH,0.6934782608695652,0.5403788634097706,0.7362869198312236,0.5403788634097706,0.5403788634097706,False
1,T+2,delta_f_coin_minus_market_15m,HIGH,0.611335403726708,0.5922233300099702,0.7067510548523207,0.5922233300099702,0.5922233300099702,False
1,T+2,delta_f_coin_residual_5m_vs_btc,HIGH,0.562888198757764,0.5453639082751744,0.5253164556962024,0.5453639082751744,0.5253164556962024,False
1,T+3,confirm_side_return_pct,HIGH,0.7791005291005291,0.7251336898395722,0.8425925925925927,0.7251336898395722,0.7251336898395722,True
1,T+3,confirm_selected_taker_share,HIGH,0.6524771524771525,0.6213903743315508,0.6481481481481481,0.6213903743315508,0.6213903743315508,True
1,T+3,f_micro_side_ret_1m,HIGH,0.7650312650312651,0.627807486631016,0.6342592592592593,0.627807486631016,0.627807486631016,True
1,T+3,f_micro_side_ret_3m,HIGH,0.7353294853294853,0.6983957219251338,0.7847222222222223,0.6983957219251338,0.6983957219251338,True
1,T+3,f_micro_side_ret_5m,HIGH,0.6773689273689274,0.6245989304812835,0.47222222222222215,0.6245989304812835,0.47222222222222215,False
1,T+3,f_micro_selected_taker_share_1m,HIGH,0.6495911495911496,0.6085561497326204,0.47685185185185186,0.6085561497326204,0.47685185185185186,False
1,T+3,f_micro_selected_taker_share_3m,HIGH,0.6522366522366523,0.6213903743315508,0.6481481481481481,0.6213903743315508,0.6213903743315508,True
1,T+3,f_micro_selected_vwap_extension_20,HIGH,0.696007696007696,0.6342245989304813,0.6527777777777778,0.6342245989304813,0.6342245989304813,True
1,T+3,f_micro_reversal_pressure,LOW,0.5983645983645984,0.46203208556149733,0.6712962962962963,0.46203208556149733,0.46203208556149733,False
1,T+3,f_f_market_dispersion_15m,HIGH,0.5004810004810004,0.3438502673796791,0.5856481481481481,0.3438502673796791,0.3438502673796791,False
1,T+3,f_f_coin_minus_market_15m,HIGH,0.5930735930735931,0.5497326203208556,0.5069444444444444,0.5497326203208556,0.5069444444444444,False
1,T+3,f_f_coin_residual_5m_vs_btc,HIGH,0.6293891293891294,0.5711229946524065,0.4351851851851852,0.5711229946524065,0.4351851851851852,False
1,T+3,f_f_taker_selected_share_3m,HIGH,0.6522366522366523,0.6213903743315508,0.6481481481481481,0.6213903743315508,0.6213903743315508,True
1,T+3,f_f_selected_slope5_norm,HIGH,0.6709956709956709,0.6802139037433155,0.7013888888888888,0.6709956709956709,0.6709956709956709,True
1,T+3,delta_micro_side_ret_1m,HIGH,0.702020202020202,0.5101604278074866,0.6273148148148149,0.5101604278074866,0.5101604278074866,False
1,T+3,delta_micro_side_ret_3m,HIGH,0.6228956228956228,0.548663101604278,0.7777777777777778,0.548663101604278,0.548663101604278,False
1,T+3,delta_micro_selected_taker_share_3m,HIGH,0.6505531505531504,0.5700534759358289,0.6365740740740741,0.5700534759358289,0.5700534759358289,False
1,T+3,delta_micro_selected_vwap_extension_20,HIGH,0.7578162578162577,0.651336898395722,0.7546296296296297,0.651336898395722,0.651336898395722,True
1,T+3,delta_f_coin_minus_market_15m,HIGH,0.6346801346801347,0.5807486631016043,0.6643518518518519,0.5807486631016043,0.5807486631016043,False
1,T+3,delta_f_coin_residual_5m_vs_btc,HIGH,0.5298220298220297,0.5433155080213904,0.5092592592592593,0.5298220298220297,0.5092592592592593,False