position_id,symbol,split,strong_win,t3_target_ms,old_close_ms,delayed_entry_open_ms,delayed_entry_market,entry_fill,executable,no_exec_reason,delayed_mfe_pct,delayed_mae_pct,trade_prints,samples_5s,DELAYED_HIST_CLOSE_pnl_usdt,DELAYED_HIST_CLOSE_return_pct,DELAYED_HIST_CLOSE_reason,SL1_TP1_pnl_usdt,SL1_TP1_return_pct,SL1_TP1_reason,V42_HYBRID_pnl_usdt,V42_HYBRID_return_pct,V42_HYBRID_reason,V43_SHORT_LS4_pnl_usdt,V43_SHORT_LS4_return_pct,V43_SHORT_LS4_reason
PAPER:INUSDT:1790660099999:SHORT,INUSDT,Discovery,False,1790660309337,1790662317573,1790660340000,0.03691,0.036902618,True,,0.1971707846863957,-1.5405069370330926,910,395,-7.866834495319624,-1.573366899063925,HIST_TIME_FALLBACK,-5.968147781547619,-1.1936295563095236,SL_-1.00,-7.866834495319624,-1.573366899063925,HIST_TIME_FALLBACK,-7.866834495319624,-1.573366899063925,HIST_TIME_FALLBACK
PAPER:SNXUSDT:1790660099999:SHORT,SNXUSDT,Discovery,False,1790660311843,1790660876919,1790660340000,0.2399,0.23985202,True,,-0.019999999999997797,-1.1327205276174812,108,107,-5.540708662783002,-1.1081417325566003,HIST_TIME_FALLBACK,-5.958028537762551,-1.19160570755251,SL_-1.00,-5.540708662783002,-1.1081417325566003,HIST_TIME_FALLBACK,-5.540708662783002,-1.1081417325566003,HIST_TIME_FALLBACK
PAPER:METISUSDT:1790660099999:SHORT,METISUSDT,Discovery,False,1790660317180,1790662317712,1790660340000,3.33,3.3293340000000002,True,,0.0400841346154035,-1.3822867298578068,1300,395,-7.263750993441857,-1.4527501986883713,HIST_TIME_FALLBACK,-5.910845074420272,-1.1821690148840545,SL_-1.00,-7.263750993441857,-1.4527501986883713,HIST_TIME_FALLBACK,-7.263750993441857,-1.4527501986883713,HIST_TIME_FALLBACK
PAPER:ACTUSDT:1790660099999:SHORT,ACTUSDT,Discovery,False,1790660317647,1790661139268,1790660340000,0.010497,0.010494900599999999,True,,0.04671687321258222,-0.9634745682740586,200,159,-4.812873699346963,-0.9625747398693926,HIST_TIME_FALLBACK,-4.812873699346963,-0.9625747398693926,HIST_TIME_FALLBACK,-4.812873699346963,-0.9625747398693926,HIST_TIME_FALLBACK,-4.812873699346963,-0.9625747398693926,HIST_TIME_FALLBACK
PAPER:APEUSDT:1790660099999:SHORT,APEUSDT,Discovery,False,1790660321592,1790662616259,1790660340000,0.1438,0.14377124000000002,True,,0.04957550452333592,-1.8626348122866676,2491,455,-8.260397959285768,-1.6520795918571536,HIST_TIME_FALLBACK,-6.171767124634896,-1.2343534249269792,SL_-1.00,-8.260397959285768,-1.6520795918571536,HIST_TIME_FALLBACK,-8.260397959285768,-1.6520795918571536,HIST_TIME_FALLBACK
PAPER:IOSTUSDT:1790660099999:SHORT,IOSTUSDT,Discovery,False,1790660323555,1790661149924,1790660340000,0.0008746,0.0008744250800000001,True,,-0.019999999999986695,-1.0495552789408058,615,161,-6.101318222711507,-1.2202636445423014,HIST_TIME_FALLBACK,-5.9296139498880205,-1.185922789977604,SL_-1.00,-6.101318222711507,-1.2202636445423014,HIST_TIME_FALLBACK,-6.101318222711507,-1.2202636445423014,HIST_TIME_FALLBACK
PAPER:AUCTIONUSDT:1790660099999:SHORT,AUCTIONUSDT,Discovery,False,1790660328640,1790660898009,1790660340000,3.643,3.6422714,True,,-0.019999999999997797,-0.7555476839237074,101,111,-3.9731530302766678,-0.7946306060553336,HIST_TIME_FALLBACK,-3.9731530302766678,-0.7946306060553336,HIST_TIME_FALLBACK,-3.9731530302766678,-0.7946306060553336,HIST_TIME_FALLBACK,-3.9731530302766678,-0.7946306060553336,HIST_TIME_FALLBACK
PAPER:GRAMUSDT:1790660099999:SHORT,GRAMUSDT,Discovery,False,1790660330688,1790661450923,1790660340000,1.542,1.5416916,True,,-0.019999999999997797,-1.2369250480461225,574,222,-4.845716808731413,-0.9691433617462826,HIST_TIME_FALLBACK,-6.144225732305948,-1.2288451464611896,SL_-1.00,-4.845716808731413,-0.9691433617462826,HIST_TIME_FALLBACK,-4.845716808731413,-0.9691433617462826,HIST_TIME_FALLBACK
PAPER:NEOUSDT:1790660099999:SHORT,NEOUSDT,Discovery,False,1790660332379,1790661160635,1790660340000,2.473,2.4725053999999997,True,,0.020444983818768137,-0.9412900641025734,188,164,-5.605761963148877,-1.1211523926297755,HIST_TIME_FALLBACK,-5.605761963148877,-1.1211523926297755,HIST_TIME_FALLBACK,-5.605761963148877,-1.1211523926297755,HIST_TIME_FALLBACK,-5.605761963148877,-1.1211523926297755,HIST_TIME_FALLBACK
PAPER:MOVEUSDT:1790660099999:SHORT,MOVEUSDT,Discovery,False,1790660333847,1790661171174,1790660340000,0.008712,0.0087102576,True,,0.002957520091850796,-1.019800000000004,268,166,-5.546840084270228,-1.1093680168540454,HIST_TIME_FALLBACK,-6.006505088896589,-1.2013010177793177,SL_-1.00,-5.546840084270228,-1.1093680168540454,HIST_TIME_FALLBACK,-5.546840084270228,-1.1093680168540454,HIST_TIME_FALLBACK
PAPER:DUSKUSDT:1790660099999:SHORT,DUSKUSDT,Discovery,False,1790660335688,1790660929270,1790660340000,0.08194,0.081923612,True,,0.04104530467701206,-0.7467748970196197,201,117,-3.332717791422492,-0.6665435582844984,HIST_TIME_FALLBACK,-3.332717791422492,-0.6665435582844984,HIST_TIME_FALLBACK,-3.332717791422492,-0.6665435582844984,HIST_TIME_FALLBACK,-3.332717791422492,-0.6665435582844984,HIST_TIME_FALLBACK
PAPER:GMTUSDT:1790660099999:SHORT,GMTUSDT,Discovery,False,1790660336925,1790660929565,1790660340000,0.008201,0.0081993598,True,,-0.019999999999997797,-1.069500482625485,277,117,-6.0163698664619565,-1.2032739732923912,HIST_TIME_FALLBACK,-5.955331555275852,-1.1910663110551705,SL_-1.00,-6.0163698664619565,-1.2032739732923912,HIST_TIME_FALLBACK,-6.0163698664619565,-1.2032739732923912,HIST_TIME_FALLBACK
PAPER:VELVETUSDT:1790660099999:SHORT,VELVETUSDT,Discovery,False,1790660339507,1790660929703,1790660340000,0.054,0.0539892,True,,0.017043349388656814,-1.0280476626947754,266,117,-5.5851455013224856,-1.1170291002644972,HIST_TIME_FALLBACK,-5.955941938387623,-1.1911883876775247,SL_-1.00,-5.5851455013224856,-1.1170291002644972,HIST_TIME_FALLBACK,-5.5851455013224856,-1.1170291002644972,HIST_TIME_FALLBACK
PAPER:BILLUSDT:1790663699999:SHORT,BILLUSDT,Discovery,False,1790663925733,1790664804951,1790663940000,0.01134,0.011337732,True,,-0.019999999999997797,-0.5462105263157935,159,172,-3.5987360170447267,-0.7197472034089454,HIST_TIME_FALLBACK,-3.5987360170447267,-0.7197472034089454,HIST_TIME_FALLBACK,-3.5987360170447267,-0.7197472034089454,HIST_TIME_FALLBACK,-3.5987360170447267,-0.7197472034089454,HIST_TIME_FALLBACK
PAPER:NOMUSDT:1790669399999:SHORT,NOMUSDT,Discovery,False,1790669645252,1790670151505,1790669700000,0.002053,0.0020525894,True,,0.12631219512195813,-0.649109390125846,248,90,-4.11993064711332,-0.823986129422664,HIST_TIME_FALLBACK,-4.11993064711332,-0.823986129422664,HIST_TIME_FALLBACK,-4.11993064711332,-0.823986129422664,HIST_TIME_FALLBACK,-4.11993064711332,-0.823986129422664,HIST_TIME_FALLBACK
PAPER:INUSDT:1790670899999:SHORT,INUSDT,Discovery,False,1790671124838,1790671055290,1790671140000,0.03813,,False,HIST_CLOSED_BEFORE_DELAYED_ENTRY,,,,,,,,,,,,,,,,
PAPER:AEROUSDT:1790670899999:SHORT,AEROUSDT,Discovery,False,1790671130524,1790671190901,1790671140000,0.8405,0.8403319,True,,0.015698643180206417,-0.23365784162412417,107,10,-1.8435425484858468,-0.36870850969716934,HIST_TIME_FALLBACK,-1.8435425484858468,-0.36870850969716934,HIST_TIME_FALLBACK,-1.8435425484858468,-0.36870850969716934,HIST_TIME_FALLBACK,-1.8435425484858468,-0.36870850969716934,HIST_TIME_FALLBACK
PAPER:WLDUSDT:1790670899999:SHORT,WLDUSDT,Discovery,False,1790671131160,1790671222161,1790671140000,0.4977,0.49760045999999997,True,,0.020192964824117254,-0.2804689378757552,187,16,-1.8553892966658339,-0.3710778593331668,HIST_TIME_FALLBACK,-1.8553892966658339,-0.3710778593331668,HIST_TIME_FALLBACK,-1.8553892966658339,-0.3710778593331668,HIST_TIME_FALLBACK,-1.8553892966658339,-0.3710778593331668,HIST_TIME_FALLBACK
PAPER:NILUSDT:1790671499999:SHORT,NILUSDT,Discovery,False,1790671703766,1790671761373,1790671740000,0.08171,0.081693658,True,,0.09024503798089611,-0.019999999999997797,29,4,-0.39882830623151855,-0.0797656612463037,HIST_TIME_FALLBACK,-0.39882830623151855,-0.0797656612463037,HIST_TIME_FALLBACK,-0.39882830623151855,-0.0797656612463037,HIST_TIME_FALLBACK,-0.39882830623151855,-0.0797656612463037,HIST_TIME_FALLBACK
PAPER:MUSDT:1790676299999:SHORT,MUSDT,Discovery,True,1790676501681,1790683084393,1790676540000,1.0691,1.06888618,True,,0.92400906429988,-0.5594771606660998,2726,1308,-0.5287910378820331,-0.10575820757640662,HIST_TIME_FALLBACK,-0.5287910378820331,-0.10575820757640662,HIST_TIME_FALLBACK,-0.24785837113168657,-0.04957167422633731,REDUCE25+HIST_FALLBACK,1.6718481849957416,0.33436963699914835,V43_FULL_CLOSE
PAPER:MARSCOINUSDT:1790678099999:SHORT,MARSCOINUSDT,Discovery,False,1790678298223,1790678299260,1790678340000,0.14988,,False,HIST_CLOSED_BEFORE_DELAYED_ENTRY,,,,,,,,,,,,,,,,
PAPER:ARKMUSDT:1790678399999:SHORT,ARKMUSDT,Discovery,False,1790678597838,1790678845429,1790678640000,0.13,0.129974,True,,0.1340523882896738,-0.17357910906298235,56,41,-0.5651321995167891,-0.11302643990335781,HIST_TIME_FALLBACK,-0.5651321995167891,-0.11302643990335781,HIST_TIME_FALLBACK,-0.5651321995167891,-0.11302643990335781,HIST_TIME_FALLBACK,-0.5651321995167891,-0.11302643990335781,HIST_TIME_FALLBACK
PAPER:FLUXUSDT:1790678399999:SHORT,FLUXUSDT,Discovery,False,1790678609316,1790678989545,1790678640000,0.07259,0.072575482,True,,0.021336824696804868,-0.866709465919957,125,69,-4.260234000237129,-0.8520468000474258,HIST_TIME_FALLBACK,-4.260234000237129,-0.8520468000474258,HIST_TIME_FALLBACK,-4.260234000237129,-0.8520468000474258,HIST_TIME_FALLBACK,-4.260234000237129,-0.8520468000474258,HIST_TIME_FALLBACK
PAPER:币安人生USDT:1790680199999:SHORT,币安人生USDT,Discovery,False,1790680425621,1790681580864,1790680440000,0.5102,0.51009796,True,,0.07807730037274752,-0.7591517509727752,369,228,-3.1086875254314106,-0.6217375050862821,HIST_TIME_FALLBACK,-3.1086875254314106,-0.6217375050862821,HIST_TIME_FALLBACK,-3.1086875254314106,-0.6217375050862821,HIST_TIME_FALLBACK,-3.1086875254314106,-0.6217375050862821,HIST_TIME_FALLBACK
PAPER:AZTECUSDT:1790683199999:SHORT,AZTECUSDT,Discovery,False,1790683414011,1790683564532,1790683440000,0.01895,0.01894621,True,,0.032787750791984926,-0.5448293963254525,34,24,-3.3275919959717752,-0.6655183991943551,HIST_TIME_FALLBACK,-3.3275919959717752,-0.6655183991943551,HIST_TIME_FALLBACK,-3.3275919959717752,-0.6655183991943551,HIST_TIME_FALLBACK,-3.3275919959717752,-0.6655183991943551,HIST_TIME_FALLBACK
PAPER:LUNA2USDT:1790683799999:SHORT,LUNA2USDT,Discovery,True,1790684008572,1790685516070,1790684040000,0.0512,0.05118976,True,,1.1255630185697418,-0.17597503900155242,1822,295,1.4940247570998417,0.2988049514199683,HIST_TIME_FALLBACK,4.133776735815886,0.8267553471631771,TP_1.00,1.5429090530019836,0.3085818106003967,REDUCE25+HIST_FALLBACK,2.178404899729932,0.43568097994598637,V43_FULL_CLOSE
PAPER:VVVUSDT:1790683799999:SHORT,VVVUSDT,Discovery,True,1790684013766,1790688037060,1790684040000,27.773,27.7674454,True,,2.0374284349391703,-0.4501294231527675,17431,799,3.970309255564466,0.7940618511128933,HIST_TIME_FALLBACK,4.114499711053693,0.8228999422107386,TP_1.00,5.083279333872433,1.0166558667744867,RUNNER_CLOSE,2.4563094729269066,0.4912618945853813,V43_FULL_CLOSE
PAPER:RAREUSDT:1790683799999:SHORT,RAREUSDT,Discovery,False,1790684017930,1790686881763,1790684040000,0.01713,0.017126574,True,,0.6853262786596037,-0.7730359212051119,1688,568,-0.3657473175896442,-0.07314946351792884,HIST_TIME_FALLBACK,-0.3657473175896442,-0.07314946351792884,HIST_TIME_FALLBACK,-0.07352595738064169,-0.014705191476128338,REDUCE25+HIST_FALLBACK,0.803138123246366,0.16062762464927322,V43_FULL_CLOSE
PAPER:PLAYUSDT:1790684699999:SHORT,PLAYUSDT,Discovery,True,1790684908070,1790687945210,1790684940000,0.03051,0.030503897999999998,True,,1.24094922004645,-0.11821218074656858,795,601,2.331194360799401,0.4662388721598802,HIST_TIME_FALLBACK,4.135955780143214,0.8271911560286428,TP_1.00,2.290177055814306,0.4580354111628612,REDUCE25+HIST_FALLBACK,2.331194360799401,0.4662388721598802,V43_FULL_CLOSE
PAPER:HBARUSDT:1790685299999:SHORT,HBARUSDT,Discovery,True,1790685511228,1790685453299,1790685540000,0.11574,,False,HIST_CLOSED_BEFORE_DELAYED_ENTRY,,,,,,,,,,,,,,,,
PAPER:AEROUSDT:1790744099999:SHORT,AEROUSDT,Discovery,False,1790744307631,1790744612423,1790744340000,0.8019,0.80173962,True,,0.09233707865168306,-0.6025762459707429,376,54,-3.197441171736051,-0.6394882343472102,HIST_TIME_FALLBACK,-3.197441171736051,-0.6394882343472102,HIST_TIME_FALLBACK,-3.197441171736051,-0.6394882343472102,HIST_TIME_FALLBACK,-3.197441171736051,-0.6394882343472102,HIST_TIME_FALLBACK
PAPER:EDENUSDT:1790748299999:SHORT,EDENUSDT,Discovery,True,1790748507412,1790750726766,1790748540000,0.06017,0.060157966,True,,0.936184563758391,-0.18588684254189358,1122,437,1.0464535652685174,0.20929071305370348,HIST_TIME_FALLBACK,1.0464535652685174,0.20929071305370348,HIST_TIME_FALLBACK,0.942461710931215,0.188492342186243,REDUCE25+HIST_FALLBACK,1.2128405322081666,0.24256810644163332,V43_FULL_CLOSE
PAPER:ARUSDT:1790748599999:SHORT,ARUSDT,Discovery,True,1790748807308,1790753629525,1790748840000,4.239,4.2381522,True,,1.4883189655172435,-0.3022300635144748,2747,957,0.7030424839391571,0.14060849678783144,HIST_TIME_FALLBACK,4.127595565114509,0.8255191130229018,TP_1.00,0.5849544466572485,0.11699088933144969,REDUCE25+HIST_FALLBACK,0.9392185585029746,0.1878437117005949,V43_FULL_CLOSE
PAPER:SYRUPUSDT:1790748899999:SHORT,SYRUPUSDT,Discovery,True,1790749114012,1790749790754,1790749140000,0.23012,0.23007397599999999,True,,0.7682095304835324,-0.2064732162220806,2110,130,0.5942580105191595,0.11885160210383189,HIST_TIME_FALLBACK,0.5942580105191595,0.11885160210383189,HIST_TIME_FALLBACK,0.6432017867048663,0.12864035734097326,REDUCE25+HIST_FALLBACK,1.0293137988365928,0.20586275976731855,V43_FULL_CLOSE
PAPER:ZKCUSDT:1790749499999:SHORT,ZKCUSDT,Discovery,True,1790749710728,1790751815293,1790749740000,0.04196,0.041951608,True,,1.039518304431608,-0.11521904761905288,762,415,0.6006863848938334,0.12013727697876668,HIST_TIME_FALLBACK,4.179631976204634,0.8359263952409268,TP_1.00,0.5410372917053078,0.10820745834106155,REDUCE25+HIST_FALLBACK,1.3164755031558943,0.26329510063117884,V43_FULL_CLOSE
PAPER:CHIPUSDT:1790749499999:SHORT,CHIPUSDT,Discovery,False,1790749717224,1790754323063,1790749740000,0.04352,0.043511296000000005,True,,0.5808969024503119,-2.1118200224971795,2682,916,-11.532202327413943,-2.3064404654827886,HIST_TIME_FALLBACK,-6.011152437288867,-1.2022304874577736,SL_-1.00,-8.48412270057406,-1.6968245401148119,REDUCE25+HIST_FALLBACK,1.0051817980783992,0.20103635961567987,V43_FULL_CLOSE
PAPER:MUSDT:1790750699999:SHORT,MUSDT,Discovery,False,1790750895807,1790750978056,1790750940000,1.0145,1.0142971,True,,0.029299802761340032,-0.1381214925667007,24,7,-0.9008479788613821,-0.18016959577227643,HIST_TIME_FALLBACK,-0.9008479788613821,-0.18016959577227643,HIST_TIME_FALLBACK,-0.9008479788613821,-0.18016959577227643,HIST_TIME_FALLBACK,-0.9008479788613821,-0.18016959577227643,HIST_TIME_FALLBACK
PAPER:AIOTUSDT:1790750999999:SHORT,AIOTUSDT,Discovery,True,1790751227185,1790751470637,1790751240000,0.0607,0.060687859999999996,True,,0.9445442448436481,-0.18444078947369436,261,46,0.2868161976711723,0.05736323953423445,HIST_TIME_FALLBACK,0.2868161976711723,0.05736323953423445,HIST_TIME_FALLBACK,0.2868161976711723,0.05736323953423445,HIST_TIME_FALLBACK,0.2868161976711723,0.05736323953423445,HIST_TIME_FALLBACK
PAPER:XNYUSDT:1790750999999:SHORT,XNYUSDT,Discovery,False,1790751256002,1790751796509,1790751300000,0.006668,0.0066666664,True,,0.14520654949676803,-0.3487832585949091,190,99,-2.451615323064629,-0.4903230646129258,HIST_TIME_FALLBACK,-2.451615323064629,-0.4903230646129258,HIST_TIME_FALLBACK,-2.451615323064629,-0.4903230646129258,HIST_TIME_FALLBACK,-2.451615323064629,-0.4903230646129258,HIST_TIME_FALLBACK
PAPER:CKBUSDT:1790752199999:SHORT,CKBUSDT,Discovery,False,1790752396989,1790752766327,1790752440000,0.0012801,0.00127984398,True,,0.372047682534693,-0.23043498596819756,446,65,-1.8495908169212916,-0.3699181633842583,HIST_TIME_FALLBACK,-1.8495908169212916,-0.3699181633842583,HIST_TIME_FALLBACK,-1.8495908169212916,-0.3699181633842583,HIST_TIME_FALLBACK,-1.8495908169212916,-0.3699181633842583,HIST_TIME_FALLBACK
PAPER:AVAAIUSDT:1790752199999:SHORT,AVAAIUSDT,Discovery,False,1790752402437,1790752273490,1790752440000,0.009793,,False,HIST_CLOSED_BEFORE_DELAYED_ENTRY,,,,,,,,,,,,,,,,
PAPER:HEIUSDT:1790755199999:SHORT,HEIUSDT,Discovery,False,1790755406214,1790755508072,1790755440000,0.13454,0.134513092,True,,0.20343563766389572,-0.5007086322952881,112,13,-3.2569881487818737,-0.6513976297563747,HIST_TIME_FALLBACK,-3.2569881487818737,-0.6513976297563747,HIST_TIME_FALLBACK,-3.2569881487818737,-0.6513976297563747,HIST_TIME_FALLBACK,-3.2569881487818737,-0.6513976297563747,HIST_TIME_FALLBACK
PAPER:FETUSDT:1790755499999:SHORT,FETUSDT,Discovery,False,1790755727661,1790756232295,1790755740000,0.2151,0.21505698,True,,0.25966433566433356,-0.6206192236598906,646,98,-3.74279918745249,-0.748559837490498,HIST_TIME_FALLBACK,-3.74279918745249,-0.748559837490498,HIST_TIME_FALLBACK,-3.74279918745249,-0.748559837490498,HIST_TIME_FALLBACK,-3.74279918745249,-0.748559837490498,HIST_TIME_FALLBACK
PAPER:EDGEUSDT:1790757299999:SHORT,EDGEUSDT,Discovery,False,1790757495254,1790757518763,1790757540000,0.5169,,False,HIST_CLOSED_BEFORE_DELAYED_ENTRY,,,,,,,,,,,,,,,,
PAPER:MERLUSDT:1790762399999:SHORT,MERLUSDT,Discovery,True,1790762608025,1790764000478,1790762640000,0.02946,0.029454108,True,,2.235709822978138,-0.3919242475481921,917,272,3.8074831870651105,0.7614966374130221,HIST_TIME_FALLBACK,4.147316988856028,0.8294633977712057,TP_1.00,5.506652196019639,1.1013304392039276,RUNNER_CLOSE,5.506652196019639,1.1013304392039276,RUNNER_CLOSE
PAPER:COMPUSDT:1790763599999:SHORT,COMPUSDT,Discovery,False,1790763825334,1790763912660,1790763840000,25.08,25.074984,True,,-0.019999999999986695,-1.318441558441552,256,14,-3.345286641060264,-0.6690573282120529,HIST_TIME_FALLBACK,-5.9399746277006,-1.18799492554012,SL_-1.00,-3.345286641060264,-0.6690573282120529,HIST_TIME_FALLBACK,-3.345286641060264,-0.6690573282120529,HIST_TIME_FALLBACK
PAPER:FFUSDT:1790764499999:SHORT,FFUSDT,Discovery,False,1790764709919,1790765663232,1790764740000,0.12741,0.127384518,True,,0.38972180628891184,-0.3796684132321926,668,184,-2.7574625238210255,-0.5514925047642051,HIST_TIME_FALLBACK,-2.7574625238210255,-0.5514925047642051,HIST_TIME_FALLBACK,-2.7574625238210255,-0.5514925047642051,HIST_TIME_FALLBACK,-2.7574625238210255,-0.5514925047642051,HIST_TIME_FALLBACK
PAPER:MMTUSDT:1790765399999:SHORT,MMTUSDT,Discovery,True,1790765602703,1790767463469,1790765640000,0.1885,0.1884623,True,,1.8164775796866595,-0.12596714361420291,512,364,2.2364955219160962,0.44729910438321924,HIST_TIME_FALLBACK,4.360952561865185,0.872190512373037,TP_1.00,6.750966731807928,1.3501933463615856,RUNNER_CLOSE,1.1742670019414785,0.23485340038829572,V43_FULL_CLOSE
PAPER:ONEUSDT:1790766299999:SHORT,ONEUSDT,Discovery,False,1790766534115,1790766425212,1790766540000,0.0022794,,False,HIST_CLOSED_BEFORE_DELAYED_ENTRY,,,,,,,,,,,,,,,,
PAPER:1000000MOGUSDT:1790766599999:SHORT,1000000MOGUSDT,Discovery,False,1790766798823,1790772316846,1790766840000,0.118,0.1179764,True,,0.4054468085106455,-1.7681931723563693,788,1095,-8.58608276740099,-1.717216553480198,HIST_TIME_FALLBACK,-6.040785190936504,-1.2081570381873008,SL_-1.00,-8.58608276740099,-1.717216553480198,HIST_TIME_FALLBACK,-8.58608276740099,-1.717216553480198,HIST_TIME_FALLBACK
PAPER:COTIUSDT:1790769899999:SHORT,COTIUSDT,Discovery,False,1790770108155,1790771439655,1790770140000,0.0132,0.01319736,True,,0.26865218051967954,-1.180381879445902,2189,259,-4.856193414819319,-0.9712386829638637,HIST_TIME_FALLBACK,-5.918019575506017,-1.1836039151012034,SL_-1.00,-4.856193414819319,-0.9712386829638637,HIST_TIME_FALLBACK,-4.856193414819319,-0.9712386829638637,HIST_TIME_FALLBACK
PAPER:MARSCOINUSDT:1790770199999:SHORT,MARSCOINUSDT,Discovery,False,1790770414065,1790771216735,1790770440000,0.13824,0.138212352,True,,0.36478977561542614,-0.9869245647968872,5071,155,-4.172932508593739,-0.8345865017187477,HIST_TIME_FALLBACK,-4.172932508593739,-0.8345865017187477,HIST_TIME_FALLBACK,-4.172932508593739,-0.8345865017187477,HIST_TIME_FALLBACK,-4.172932508593739,-0.8345865017187477,HIST_TIME_FALLBACK
PAPER:MEGAUSDT:1790770799999:SHORT,MEGAUSDT,Discovery,False,1790771017718,1790771420530,1790771040000,0.04238,0.042371524,True,,0.050824085005918285,-0.9779761626548256,281,76,-5.792941994486672,-1.1585883988973344,HIST_TIME_FALLBACK,-5.792941994486672,-1.1585883988973344,HIST_TIME_FALLBACK,-5.792941994486672,-1.1585883988973344,HIST_TIME_FALLBACK,-5.792941994486672,-1.1585883988973344,HIST_TIME_FALLBACK
PAPER:LITUSDT:1790772299999:SHORT,LITUSDT,Discovery,False,1790772527050,1790772401136,1790772540000,3.907,,False,HIST_CLOSED_BEFORE_DELAYED_ENTRY,,,,,,,,,,,,,,,,
PAPER:龙虾USDT:1790774099999:SHORT,龙虾USDT,Discovery,False,1790774304430,1790774361989,1790774340000,0.0567,0.05668866,True,,0.1035846724351197,-0.3188675927554008,163,4,-2.1861781615582156,-0.43723563231164314,HIST_TIME_FALLBACK,-2.1861781615582156,-0.43723563231164314,HIST_TIME_FALLBACK,-2.1861781615582156,-0.43723563231164314,HIST_TIME_FALLBACK,-2.1861781615582156,-0.43723563231164314,HIST_TIME_FALLBACK
PAPER:AUSDT:1790775299999:SHORT,AUSDT,Discovery,False,1790775510673,1790775440489,1790775540000,0.09794,,False,HIST_CLOSED_BEFORE_DELAYED_ENTRY,,,,,,,,,,,,,,,,
PAPER:AZTECUSDT:1790777399999:SHORT,AZTECUSDT,Discovery,True,1790777653635,1790781203265,1790777700000,0.01705,0.01704659,True,,2.0753892215569003,-0.019999999999997797,1414,700,3.453697264379599,0.6907394528759199,HIST_TIME_FALLBACK,4.334474724857005,0.866894944971401,TP_1.00,5.288650307040929,1.0577300614081857,RUNNER_CLOSE,1.6921423434247869,0.33842846868495735,V43_FULL_CLOSE
PAPER:JOEUSDT:1790777699999:SHORT,JOEUSDT,Discovery,True,1790777895338,1790779410074,1790777940000,0.03836,0.038352328,True,,1.1401054852320458,-0.09812972128159236,880,294,2.181667251072727,0.4363334502145454,HIST_TIME_FALLBACK,4.139078056747971,0.8278156113495942,TP_1.00,2.0837967107889472,0.4167593421577894,REDUCE25+HIST_FALLBACK,0.7462326602442217,0.14924653204884436,V43_FULL_CLOSE
PAPER:INJUSDT:1790777999999:SHORT,INJUSDT,Discovery,True,1790778211650,1790780535465,1790778240000,7.402,7.4005196,True,,1.2521494048433501,-0.1818235770164489,9601,459,0.5376043663204289,0.10752087326408577,HIST_TIME_FALLBACK,4.121836340383463,0.8243672680766926,TP_1.00,0.6221381392936135,0.1244276278587227,REDUCE25+HIST_FALLBACK,2.566414917676923,0.5132829835353846,V43_FULL_CLOSE
PAPER:XLMUSDT:1790777999999:SHORT,XLMUSDT,Discovery,True,1790778225760,1790779940969,1790778240000,0.22383,0.223785234,True,,1.2969554589896681,-0.06911047602036202,14754,340,1.152033429068884,0.23040668581377682,HIST_TIME_FALLBACK,4.126455994187718,0.8252911988375435,TP_1.00,1.0346220120247227,0.20692440240494456,REDUCE25+HIST_FALLBACK,1.062577111320993,0.21251542226419862,V43_FULL_CLOSE
PAPER:AEROUSDT:1790777999999:SHORT,AEROUSDT,Discovery,True,1790778239242,1790778385996,1790778240000,0.807,0.8068386000000001,True,,0.17861931959275434,-0.6967876923076877,651,29,-2.7490352066695163,-0.5498070413339032,HIST_TIME_FALLBACK,-2.7490352066695163,-0.5498070413339032,HIST_TIME_FALLBACK,-2.7490352066695163,-0.5498070413339032,HIST_TIME_FALLBACK,-2.7490352066695163,-0.5498070413339032,HIST_TIME_FALLBACK
PAPER:我踏马来了USDT:1790777999999:SHORT,我踏马来了USDT,Discovery,True,1790778241746,1790778653800,1790778300000,0.012059,0.012056588200000001,True,,1.8206925090786363,-0.119391931074464,418,70,2.412160935794436,0.48243218715888714,HIST_TIME_FALLBACK,4.114091675620206,0.8228183351240412,TP_1.00,2.4017833093320995,0.48035666186641995,REDUCE25+HIST_FALLBACK,3.7404971229755333,0.7480994245951067,V43_FULL_CLOSE
PAPER:UBUSDT:1790778299999:SHORT,UBUSDT,Discovery,True,1790778531569,1790779026397,1790778540000,0.14508,0.145050984,True,,0.9682472504524364,-0.1713805918788891,1421,97,-0.6051561325499426,-0.12103122650998853,HIST_TIME_FALLBACK,-0.6051561325499426,-0.12103122650998853,HIST_TIME_FALLBACK,-0.23424468418293581,-0.04684893683658716,REDUCE25+HIST_FALLBACK,0.9819998325553865,0.1963999665110773,V43_FULL_CLOSE
PAPER:ZKUSDT:1790778299999:SHORT,ZKUSDT,Discovery,False,1790778540490,1790778459795,1790778600000,0.0121,,False,HIST_CLOSED_BEFORE_DELAYED_ENTRY,,,,,,,,,,,,,,,,
PAPER:WUSDT:1790778599999:SHORT,WUSDT,Discovery,False,1790778820800,1790779175228,1790778840000,0.013212,0.0132093576,True,,0.3369358146600998,-0.3969416377620161,1196,67,-2.7309222459841203,-0.5461844491968241,HIST_TIME_FALLBACK,-2.7309222459841203,-0.5461844491968241,HIST_TIME_FALLBACK,-2.7309222459841203,-0.5461844491968241,HIST_TIME_FALLBACK,-2.7309222459841203,-0.5461844491968241,HIST_TIME_FALLBACK
PAPER:BNTUSDT:1790778599999:SHORT,BNTUSDT,Discovery,False,1790778827993,1790782274900,1790778840000,0.3447,0.34463106,True,,0.6222072992700722,-2.6740864162665967,1839,686,-0.9501900380076518,-0.19003800760153036,HIST_TIME_FALLBACK,-6.032908822843772,-1.2065817645687544,SL_-1.00,-0.5871386962336376,-0.11742773924672752,REDUCE25+HIST_FALLBACK,1.0828974759268606,0.21657949518537212,V43_FULL_CLOSE
PAPER:LINEAUSDT:1790778599999:SHORT,LINEAUSDT,Discovery,False,1790778835064,1790782217439,1790778840000,0.002915,0.0029144170000000003,True,,0.4278773259820845,-1.038471986417655,1155,675,-1.465361760173589,-0.2930723520347178,HIST_TIME_FALLBACK,-5.93018335227932,-1.186036670455864,SL_-1.00,-1.465361760173589,-0.2930723520347178,HIST_TIME_FALLBACK,-1.465361760173589,-0.2930723520347178,HIST_TIME_FALLBACK
PAPER:龙虾USDT:1790779799999:SHORT,龙虾USDT,Discovery,True,1790780003986,1790780197970,1790780040000,0.05292,0.052909416,True,,0.6647945205479511,-0.1709132075471631,1402,31,-0.5718263267165987,-0.11436526534331976,HIST_TIME_FALLBACK,-0.5718263267165987,-0.11436526534331976,HIST_TIME_FALLBACK,-0.5718263267165987,-0.11436526534331976,HIST_TIME_FALLBACK,-0.5718263267165987,-0.11436526534331976,HIST_TIME_FALLBACK
PAPER:MEGAUSDT:1790779799999:SHORT,MEGAUSDT,Discovery,True,1790780005325,1790782245920,1790780040000,0.04264,0.042631472,True,,0.9985122009002589,-0.4867600373482883,1171,441,-0.245815943207441,-0.0491631886414882,HIST_TIME_FALLBACK,-0.245815943207441,-0.0491631886414882,HIST_TIME_FALLBACK,-0.09907134012405724,-0.019814268024811447,REDUCE25+HIST_FALLBACK,1.1629322463929945,0.2325864492785989,V43_FULL_CLOSE
PAPER:CCUSDT:1790781599999:SHORT,CCUSDT,Discovery,True,1790781806545,1790782245716,1790781840000,0.12474,0.124715052,True,,1.2955263157894858,-0.05205000801410398,918,81,0.6549893432270042,0.13099786864540083,HIST_TIME_FALLBACK,4.106125012881402,0.8212250025762804,TP_1.00,1.0261870751375157,0.20523741502750315,REDUCE25+HIST_FALLBACK,3.4640532603875482,0.6928106520775097,V43_FULL_CLOSE
PAPER:SYRUPUSDT:1790781599999:SHORT,SYRUPUSDT,Discovery,False,1790781840401,1790784934296,1790781900000,0.22532,0.225274936,True,,0.0777147934251543,-1.678187849162005,3711,606,-7.9482898454801525,-1.5896579690960304,HIST_TIME_FALLBACK,-5.993265137360803,-1.1986530274721605,SL_-1.00,-7.9482898454801525,-1.5896579690960304,HIST_TIME_FALLBACK,-7.9482898454801525,-1.5896579690960304,HIST_TIME_FALLBACK
PAPER:JTOUSDT:1790781899999:SHORT,JTOUSDT,Discovery,False,1790782094079,1790782145506,1790782140000,0.529,0.5288942000000001,True,,0.09352763058292357,-0.13327039274921848,36,1,-1.5179501779371463,-0.30359003558742925,HIST_TIME_FALLBACK,-1.5179501779371463,-0.30359003558742925,HIST_TIME_FALLBACK,-1.5179501779371463,-0.30359003558742925,HIST_TIME_FALLBACK,-1.5179501779371463,-0.30359003558742925,HIST_TIME_FALLBACK
PAPER:BRUSDT:1790781899999:SHORT,BRUSDT,Discovery,False,1790782096762,1790782274694,1790782140000,0.71836,0.718216328,True,,0.01202122178434184,-0.9179124532674776,1652,26,-5.00574380773481,-1.001148761546962,HIST_TIME_FALLBACK,-5.00574380773481,-1.001148761546962,HIST_TIME_FALLBACK,-5.00574380773481,-1.001148761546962,HIST_TIME_FALLBACK,-5.00574380773481,-1.001148761546962,HIST_TIME_FALLBACK
PAPER:ONEUSDT:1790781899999:SHORT,ONEUSDT,Discovery,False,1790782104948,1790782145278,1790782140000,0.002211,0.0022105578,True,,-0.0019089839862540536,-0.11035698147311424,49,1,-1.4029943709230643,-0.2805988741846129,HIST_TIME_FALLBACK,-1.4029943709230643,-0.2805988741846129,HIST_TIME_FALLBACK,-1.4029943709230643,-0.2805988741846129,HIST_TIME_FALLBACK,-1.4029943709230643,-0.2805988741846129,HIST_TIME_FALLBACK
PAPER:RIVERUSDT:1790786999999:SHORT,RIVERUSDT,Discovery,True,1790787197190,1790787398530,1790787240000,1.23,1.229754,True,,0.9650246305418664,-0.8262903225806473,275,31,-4.612935330968632,-0.9225870661937265,HIST_TIME_FALLBACK,-4.612935330968632,-0.9225870661937265,HIST_TIME_FALLBACK,-4.612935330968632,-0.9225870661937265,REDUCE25+HIST_FALLBACK,1.0846684580818091,0.2169336916163618,V43_FULL_CLOSE
PAPER:2ZUSDT:1790787899999:SHORT,2ZUSDT,Discovery,False,1790788098874,1790788507651,1790788140000,0.06272,0.062707456,True,,0.38011205378580826,-0.8891164849059829,524,73,-1.66848989616166,-0.333697979232332,HIST_TIME_FALLBACK,-1.66848989616166,-0.333697979232332,HIST_TIME_FALLBACK,-1.66848989616166,-0.333697979232332,HIST_TIME_FALLBACK,-1.66848989616166,-0.333697979232332,HIST_TIME_FALLBACK
PAPER:ONEUSDT:1790787899999:SHORT,ONEUSDT,Validation,True,1790788125856,1790788610910,1790788140000,0.002213,0.0022125574,True,,1.006957315681345,-0.13281877679981458,1967,94,0.1355582277775409,0.027111645555508178,HIST_TIME_FALLBACK,4.11663520232288,0.8233270404645759,TP_1.00,0.16948786108331748,0.0338975722166635,REDUCE25+HIST_FALLBACK,1.4927435600088999,0.29854871200177996,V43_FULL_CLOSE
PAPER:AKEUSDT:1790789699999:SHORT,AKEUSDT,Validation,True,1790789898363,1790790453861,1790789940000,0.031121,0.0311147758,True,,0.5941476188936701,-0.8862619055203247,7247,102,-4.923136663739052,-0.9846273327478103,HIST_TIME_FALLBACK,-4.923136663739052,-0.9846273327478103,HIST_TIME_FALLBACK,-3.7569883626640257,-0.7513976725328051,REDUCE25+HIST_FALLBACK,1.044325676934502,0.20886513538690038,V43_FULL_CLOSE
PAPER:FOGOUSDT:1790789699999:SHORT,FOGOUSDT,Validation,True,1790789900450,1790790371703,1790789940000,0.005323,0.0053219354,True,,1.215964244960066,-0.15130581613508332,245,86,1.682931382444013,0.3365862764888026,HIST_TIME_FALLBACK,4.127972701434847,0.8255945402869694,TP_1.00,1.682931382444013,0.3365862764888026,HIST_TIME_FALLBACK,1.8710114839048841,0.37420229678097683,V43_FULL_CLOSE
PAPER:SAGAUSDT:1790789699999:SHORT,SAGAUSDT,Validation,False,1790789903217,1790790610792,1790789940000,0.02591,0.025904818,True,,0.5231587116802494,-0.28938414164741966,1027,134,-2.1093761206892183,-0.4218752241378436,HIST_TIME_FALLBACK,-2.1093761206892183,-0.4218752241378436,HIST_TIME_FALLBACK,-2.1093761206892183,-0.4218752241378436,HIST_TIME_FALLBACK,-2.1093761206892183,-0.4218752241378436,HIST_TIME_FALLBACK
PAPER:LDOUSDT:1790789699999:SHORT,LDOUSDT,Validation,False,1790789910113,1790790014048,1790789940000,0.4617,0.46160766000000003,True,,0.0666941252980724,-0.23607953317483776,69,14,-0.5165099946564662,-0.10330199893129324,HIST_TIME_FALLBACK,-0.5165099946564662,-0.10330199893129324,HIST_TIME_FALLBACK,-0.5165099946564662,-0.10330199893129324,HIST_TIME_FALLBACK,-0.5165099946564662,-0.10330199893129324,HIST_TIME_FALLBACK
PAPER:HOMEUSDT:1790789699999:SHORT,HOMEUSDT,Validation,False,1790789915838,1790790230612,1790789940000,0.006043,0.0060417914,True,,0.2620544307998518,-0.31692130011550246,154,58,-1.8613810177227208,-0.37227620354454416,HIST_TIME_FALLBACK,-1.8613810177227208,-0.37227620354454416,HIST_TIME_FALLBACK,-1.8613810177227208,-0.37227620354454416,HIST_TIME_FALLBACK,-1.8613810177227208,-0.37227620354454416,HIST_TIME_FALLBACK
PAPER:XPINUSDT:1790789699999:SHORT,XPINUSDT,Validation,False,1790789921741,1790790033426,1790789940000,0.000849,0.0008488302,True,,0.2160802833530262,-0.019999999999997797,18,18,-0.950190038007609,-0.19003800760152179,HIST_TIME_FALLBACK,-0.950190038007609,-0.19003800760152179,HIST_TIME_FALLBACK,-0.950190038007609,-0.19003800760152179,HIST_TIME_FALLBACK,-0.950190038007609,-0.19003800760152179,HIST_TIME_FALLBACK
PAPER:GRTUSDT:1790791499999:SHORT,GRTUSDT,Validation,True,1790791740913,1790794748583,1790791800000,0.02906,0.029054187999999998,True,,1.4816206776108842,-0.19172792854690313,1061,589,2.6671805713516905,0.5334361142703381,HIST_TIME_FALLBACK,4.217482261077122,0.8434964522154244,TP_1.00,2.7963723788288197,0.559274475765764,REDUCE25+HIST_FALLBACK,4.217482261077122,0.8434964522154244,V43_FULL_CLOSE
PAPER:TURBOUSDT:1790792099999:SHORT,TURBOUSDT,Validation,True,1790792300206,1790795148408,1790792340000,0.0010308,0.00103059384,True,,1.5963958990536264,-0.19428239395701263,1757,561,3.371811505781888,0.6743623011563776,HIST_TIME_FALLBACK,4.148800547362062,0.8297601094724124,TP_1.00,4.500873706828036,0.9001747413656072,RUNNER_CLOSE,1.526462532029055,0.305292506405811,V43_FULL_CLOSE
PAPER:RAYSOLUSDT:1790792099999:SHORT,RAYSOLUSDT,Validation,True,1790792305622,1790794705412,1790792340000,2.005,2.004599,True,,2.4636577387037395,-0.02997207261121737,6739,473,3.294088381267257,0.6588176762534514,HIST_TIME_FALLBACK,4.1179777214794555,0.8235955442958912,TP_1.00,7.788030236970043,1.5576060473940085,RUNNER_CLOSE,7.788030236970043,1.5576060473940085,RUNNER_CLOSE
PAPER:ROBOUSDT:1790793299999:SHORT,ROBOUSDT,Validation,True,1790793502047,1790794197702,1790793540000,0.00897,0.008968206000000001,True,,1.10717023675313,-0.019999999999997797,763,131,1.8400841539545825,0.3680168307909165,HIST_TIME_FALLBACK,4.630358345916797,0.9260716691833593,TP_1.00,1.5610567347583852,0.31221134695167707,REDUCE25+HIST_FALLBACK,0.7239744771697934,0.14479489543395865,V43_FULL_CLOSE
PAPER:SLXUSDT:1790793299999:SHORT,SLXUSDT,Validation,True,1790793504984,1790798337038,1790793540000,0.06113,0.061117774,True,,2.5293977520550293,-0.19958523840627462,7013,959,1.9977417207636008,0.39954834415272017,HIST_TIME_FALLBACK,4.1268035465427655,0.8253607093085531,TP_1.00,7.197565795262788,1.4395131590525576,RUNNER_CLOSE,1.2607587810708263,0.25215175621416525,V43_FULL_CLOSE
PAPER:NILUSDT:1790793599999:SHORT,NILUSDT,Validation,True,1790793823088,1790793681575,1790793840000,0.08546,,False,HIST_CLOSED_BEFORE_DELAYED_ENTRY,,,,,,,,,,,,,,,,
PAPER:ASTERUSDT:1790793599999:SHORT,ASTERUSDT,Validation,False,1790793909167,1790796720667,1790793960000,0.7477,0.74755046,True,,0.02013112122023486,-1.1045826167482509,3794,552,-6.105237467849262,-1.2210474935698523,HIST_TIME_FALLBACK,-5.971340132009247,-1.1942680264018493,SL_-1.00,-6.105237467849262,-1.2210474935698523,HIST_TIME_FALLBACK,-6.105237467849262,-1.2210474935698523,HIST_TIME_FALLBACK
PAPER:REDUSDT:1790793899999:SHORT,REDUSDT,Validation,False,1790794095316,1790794131218,1790794140000,0.1758,,False,HIST_CLOSED_BEFORE_DELAYED_ENTRY,,,,,,,,,,,,,,,,
PAPER:METUSDT:1790795699999:SHORT,METUSDT,Validation,True,1790795893077,1790796643431,1790795940000,0.3184,0.31833632,True,,0.10576100628931773,-0.4576860537836014,402,140,-3.1512116022449796,-0.6302423204489959,HIST_TIME_FALLBACK,-3.1512116022449796,-0.6302423204489959,HIST_TIME_FALLBACK,-3.1512116022449796,-0.6302423204489959,HIST_TIME_FALLBACK,-3.1512116022449796,-0.6302423204489959,HIST_TIME_FALLBACK
PAPER:LIGHTUSDT:1790795699999:SHORT,LIGHTUSDT,Validation,False,1790795895770,1790796919199,1790795940000,0.1837,0.18366326,True,,0.08897002724794767,-0.23722976643130167,185,195,-2.0401741208339974,-0.4080348241667995,HIST_TIME_FALLBACK,-2.0401741208339974,-0.4080348241667995,HIST_TIME_FALLBACK,-2.0401741208339974,-0.4080348241667995,HIST_TIME_FALLBACK,-2.0401741208339974,-0.4080348241667995,HIST_TIME_FALLBACK
PAPER:XPINUSDT:1790796299999:SHORT,XPINUSDT,Validation,False,1790796548206,1790799655937,1790796600000,0.000842,0.0008418316,True,,0.09888228299643753,-0.6102007083825245,416,611,-3.9227267959529875,-0.7845453591905975,HIST_TIME_FALLBACK,-3.9227267959529875,-0.7845453591905975,HIST_TIME_FALLBACK,-3.9227267959529875,-0.7845453591905975,HIST_TIME_FALLBACK,-3.9227267959529875,-0.7845453591905975,HIST_TIME_FALLBACK
PAPER:EIGENUSDT:1790798099999:SHORT,EIGENUSDT,Validation,False,1790798316672,1790798198476,1790798340000,0.2422,,False,HIST_CLOSED_BEFORE_DELAYED_ENTRY,,,,,,,,,,,,,,,,
PAPER:TOWNSUSDT:1790798999999:SHORT,TOWNSUSDT,Validation,False,1790799199512,1790799639370,1790799240000,0.002085,0.002084583,True,,0.22033653846154078,-0.4972315035799535,106,79,-3.110946253998996,-0.6221892507997991,HIST_TIME_FALLBACK,-3.110946253998996,-0.6221892507997991,HIST_TIME_FALLBACK,-3.110946253998996,-0.6221892507997991,HIST_TIME_FALLBACK,-3.110946253998996,-0.6221892507997991,HIST_TIME_FALLBACK
PAPER:SAGAUSDT:1790801099999:SHORT,SAGAUSDT,Validation,True,1790801296105,1790803082239,1790801340000,0.02525,0.025244950000000002,True,,0.7380287310454925,-0.21758893280631186,2143,348,-0.9501900380075817,-0.19003800760151635,HIST_TIME_FALLBACK,-0.9501900380075817,-0.19003800760151635,HIST_TIME_FALLBACK,-0.6032567379812389,-0.1206513475962478,REDUCE25+HIST_FALLBACK,1.825276362203161,0.3650552724406322,V43_FULL_CLOSE
PAPER:BRUSDT:1790801399999:SHORT,BRUSDT,Validation,False,1790801594900,1790801778365,1790801640000,0.69935,0.6992101300000001,True,,0.17480622931562717,-0.8212581560283483,989,27,-4.808201440459616,-0.9616402880919231,HIST_TIME_FALLBACK,-4.808201440459616,-0.9616402880919231,HIST_TIME_FALLBACK,-4.808201440459616,-0.9616402880919231,HIST_TIME_FALLBACK,-4.808201440459616,-0.9616402880919231,HIST_TIME_FALLBACK
PAPER:MEUSDT:1790802599999:SHORT,MEUSDT,Reserve,False,1790802850911,1790804409717,1790802900000,0.07577,0.075754846,True,,0.24460235543204423,-0.37500526038926063,234,301,-2.535752207852059,-0.5071504415704118,HIST_TIME_FALLBACK,-2.535752207852059,-0.5071504415704118,HIST_TIME_FALLBACK,-2.535752207852059,-0.5071504415704118,HIST_TIME_FALLBACK,-2.535752207852059,-0.5071504415704118,HIST_TIME_FALLBACK
PAPER:XVSUSDT:1790803499999:SHORT,XVSUSDT,Reserve,False,1790803694622,1790804044642,1790803740000,3.631,3.6302738,True,,0.03510057867179839,-0.5131871745683747,88,60,-3.293835929124734,-0.6587671858249469,HIST_TIME_FALLBACK,-3.293835929124734,-0.6587671858249469,HIST_TIME_FALLBACK,-3.293835929124734,-0.6587671858249469,HIST_TIME_FALLBACK,-3.293835929124734,-0.6587671858249469,HIST_TIME_FALLBACK
PAPER:STOUSDT:1790803499999:SHORT,STOUSDT,Reserve,False,1790803695765,1790804140115,1790803740000,0.04182,0.041811636000000006,True,,0.07572044040211612,-0.4721828136157846,158,80,-2.9850485340969803,-0.5970097068193961,HIST_TIME_FALLBACK,-2.9850485340969803,-0.5970097068193961,HIST_TIME_FALLBACK,-2.9850485340969803,-0.5970097068193961,HIST_TIME_FALLBACK,-2.9850485340969803,-0.5970097068193961,HIST_TIME_FALLBACK
PAPER:CCUSDT:1790804399999:SHORT,CCUSDT,Reserve,False,1790804615310,1790804527203,1790804640000,0.12338,,False,HIST_CLOSED_BEFORE_DELAYED_ENTRY,,,,,,,,,,,,,,,,
PAPER:EDENUSDT:1790804999999:SHORT,EDENUSDT,Reserve,True,1790805195486,1790806348592,1790805240000,0.05907,0.059058186,True,,0.8679521776259636,-0.10455683355886647,367,221,-0.2722483552068675,-0.05444967104137351,HIST_TIME_FALLBACK,-0.2722483552068675,-0.05444967104137351,HIST_TIME_FALLBACK,0.02435113101846359,0.004870226203692718,REDUCE25+HIST_FALLBACK,1.5920912724952307,0.31841825449904615,V43_FULL_CLOSE
PAPER:WLFIUSDT:1790804999999:SHORT,WLFIUSDT,Reserve,False,1790805197017,1790808311172,1790805240000,0.05459,0.054579082,True,,0.42149402023918814,-1.0172615161407328,2035,614,-5.718446107246708,-1.1436892214493417,HIST_TIME_FALLBACK,-5.993537803548957,-1.1987075607097912,SL_-1.00,-5.718446107246708,-1.1436892214493417,HIST_TIME_FALLBACK,-5.718446107246708,-1.1436892214493417,HIST_TIME_FALLBACK
PAPER:THEUSDT:1790805599999:SHORT,THEUSDT,Reserve,False,1790805801137,1790806123824,1790805840000,0.07504,0.075024992,True,,0.4485098406747712,-0.033321785476359,133,56,-1.0168978191960538,-0.20337956383921077,HIST_TIME_FALLBACK,-1.0168978191960538,-0.20337956383921077,HIST_TIME_FALLBACK,-1.0168978191960538,-0.20337956383921077,HIST_TIME_FALLBACK,-1.0168978191960538,-0.20337956383921077,HIST_TIME_FALLBACK
PAPER:DOTUSDT:1790805899999:SHORT,DOTUSDT,Reserve,False,1790806125011,1790806504851,1790806140000,1.2121,1.21185758,True,,0.01300486919204591,-0.5124718824398578,395,72,-3.428080591780418,-0.6856161183560836,HIST_TIME_FALLBACK,-3.428080591780418,-0.6856161183560836,HIST_TIME_FALLBACK,-3.428080591780418,-0.6856161183560836,HIST_TIME_FALLBACK,-3.428080591780418,-0.6856161183560836,HIST_TIME_FALLBACK
PAPER:PONSUSDT:1790810999999:SHORT,PONSUSDT,Reserve,False,1790811193734,1790811071144,1790811240000,0.528,,False,HIST_CLOSED_BEFORE_DELAYED_ENTRY,,,,,,,,,,,,,,,,
PAPER:HUSDT:1790811599999:SHORT,HUSDT,Reserve,True,1790811793331,1790813279276,1790811840000,0.07008,0.07006598400000001,True,,1.1783162454873652,-0.1909059829059645,804,287,1.8355451805258647,0.3671090361051729,HIST_TIME_FALLBACK,4.192705750054182,0.8385411500108363,TP_1.00,1.9069742886934031,0.38139485773868065,REDUCE25+HIST_FALLBACK,3.478414668378997,0.6956829336757994,V43_FULL_CLOSE
PAPER:币安人生USDT:1790813099999:SHORT,币安人生USDT,Reserve,False,1790813328140,1790813542249,1790813340000,0.5006,0.50049988,True,,0.01996003197444196,-0.5761064759634338,86,40,-3.350071092924139,-0.6700142185848278,HIST_TIME_FALLBACK,-3.350071092924139,-0.6700142185848278,HIST_TIME_FALLBACK,-3.350071092924139,-0.6700142185848278,HIST_TIME_FALLBACK,-3.350071092924139,-0.6700142185848278,HIST_TIME_FALLBACK
PAPER:HBARUSDT:1790813399999:SHORT,HBARUSDT,Reserve,False,1790813611361,1790817030208,1790813640000,0.10404,0.104019192,True,,0.5599303944315404,-0.6692207792207805,6359,678,-2.682284121184152,-0.5364568242368305,HIST_TIME_FALLBACK,-2.682284121184152,-0.5364568242368305,HIST_TIME_FALLBACK,-2.682284121184152,-0.5364568242368305,HIST_TIME_FALLBACK,-2.682284121184152,-0.5364568242368305,HIST_TIME_FALLBACK
PAPER:MUBARAKUSDT:1790813999999:SHORT,MUBARAKUSDT,Reserve,False,1790814196721,1790817931609,1790814240000,0.05969,0.059678062000000004,True,,0.08060036894181888,-1.227967560410459,2388,738,-5.1433144310215315,-1.0286628862043061,HIST_TIME_FALLBACK,-5.981939309624319,-1.1963878619248638,SL_-1.00,-5.1433144310215315,-1.0286628862043061,HIST_TIME_FALLBACK,-5.1433144310215315,-1.0286628862043061,HIST_TIME_FALLBACK
PAPER:POWERUSDT:1790814599999:SHORT,POWERUSDT,Reserve,False,1790814796471,1790814976888,1790814840000,0.08094,0.080923812,True,,0.128448403860415,-0.2787282809611824,211,27,-1.5067969950551254,-0.30135939901102504,HIST_TIME_FALLBACK,-1.5067969950551254,-0.30135939901102504,HIST_TIME_FALLBACK,-1.5067969950551254,-0.30135939901102504,HIST_TIME_FALLBACK,-1.5067969950551254,-0.30135939901102504,HIST_TIME_FALLBACK
PAPER:ONUSDT:1790816699999:SHORT,ONUSDT,Reserve,True,1790816914563,1790819712361,1790816940000,0.1112,0.11117776,True,,0.9788919164396059,-0.019999999999997797,438,554,0.8504401419852832,0.17008802839705664,HIST_TIME_FALLBACK,0.8504401419852832,0.17008802839705664,HIST_TIME_FALLBACK,0.8504401419852832,0.17008802839705664,REDUCE25+HIST_FALLBACK,1.3005976869833946,0.2601195373966789,V43_FULL_CLOSE
PAPER:BERAUSDT:1790818799999:SHORT,BERAUSDT,Reserve,False,1790818996866,1790818872591,1790819040000,0.2471,,False,HIST_CLOSED_BEFORE_DELAYED_ENTRY,,,,,,,,,,,,,,,,
PAPER:BREVUSDT:1790819099999:SHORT,BREVUSDT,Reserve,False,1790819298305,1790820557233,1790819340000,0.0868,0.08678264000000001,True,,0.2224737267582988,-0.4443730641275567,402,243,-2.6226186683188244,-0.5245237336637649,HIST_TIME_FALLBACK,-2.6226186683188244,-0.5245237336637649,HIST_TIME_FALLBACK,-2.6226186683188244,-0.5245237336637649,HIST_TIME_FALLBACK,-2.6226186683188244,-0.5245237336637649,HIST_TIME_FALLBACK
PAPER:MTLUSDT:1790819099999:SHORT,MTLUSDT,Reserve,True,1790819307156,1790820742134,1790819340000,0.3257,0.32563485999999997,True,,0.8782094175960431,-0.14263722784423338,618,280,0.7404231306807916,0.1480846261361583,HIST_TIME_FALLBACK,0.7404231306807916,0.1480846261361583,HIST_TIME_FALLBACK,0.8556922103640874,0.17113844207281748,REDUCE25+HIST_FALLBACK,1.0478073431695234,0.20956146863390468,V43_FULL_CLOSE
PAPER:GRASSUSDT:1790820299999:SHORT,GRASSUSDT,Reserve,False,1790820503489,1790824230640,1790820540000,0.694,0.6938612,True,,0.5887503624238954,-0.5644597305818344,4842,738,-2.392769836388029,-0.4785539672776058,HIST_TIME_FALLBACK,-2.392769836388029,-0.4785539672776058,HIST_TIME_FALLBACK,-1.6534476897180597,-0.33068953794361194,REDUCE25+HIST_FALLBACK,0.9972926898059618,0.19945853796119234,V43_FULL_CLOSE
PAPER:XANUSDT:1790820299999:SHORT,XANUSDT,Reserve,False,1790820509248,1790824230422,1790820540000,0.012645,0.012642471,True,,0.35300047626607434,-0.37453900709218946,1359,738,-1.2668845038283507,-0.25337690076567015,HIST_TIME_FALLBACK,-1.2668845038283507,-0.25337690076567015,HIST_TIME_FALLBACK,-1.2668845038283507,-0.25337690076567015,HIST_TIME_FALLBACK,-1.2668845038283507,-0.25337690076567015,HIST_TIME_FALLBACK
PAPER:PLAYUSDT:1790820899999:SHORT,PLAYUSDT,Reserve,False,1790821095908,1790821115482,1790821140000,0.03179,,False,HIST_CLOSED_BEFORE_DELAYED_ENTRY,,,,,,,,,,,,,,,,
PAPER:AINUSDT:1790820899999:SHORT,AINUSDT,Reserve,False,1790821146834,1790821777979,1790821200000,0.02276,0.022755448,True,,0.11195776506820465,-0.5008832531700924,206,115,-3.369490165607828,-0.6738980331215656,HIST_TIME_FALLBACK,-3.369490165607828,-0.6738980331215656,HIST_TIME_FALLBACK,-3.369490165607828,-0.6738980331215656,HIST_TIME_FALLBACK,-3.369490165607828,-0.6738980331215656,HIST_TIME_FALLBACK
PAPER:POWERUSDT:1790821199999:SHORT,POWERUSDT,Reserve,False,1790821401819,1790823944826,1790821440000,0.07958,0.079564084,True,,0.04285678360365086,-2.1953484941610424,3613,500,-10.00809747272396,-2.001619494544792,HIST_TIME_FALLBACK,-5.98236083507229,-1.1964721670144582,SL_-1.00,-10.00809747272396,-2.001619494544792,HIST_TIME_FALLBACK,-10.00809747272396,-2.001619494544792,HIST_TIME_FALLBACK
PAPER:AEROUSDT:1790821199999:SHORT,AEROUSDT,Reserve,False,1790821408108,1790822131755,1790821440000,0.8112,0.81103776,True,,0.23949573600297036,-0.47395263222480555,567,138,-2.739721659198705,-0.5479443318397409,HIST_TIME_FALLBACK,-2.739721659198705,-0.5479443318397409,HIST_TIME_FALLBACK,-2.739721659198705,-0.5479443318397409,HIST_TIME_FALLBACK,-2.739721659198705,-0.5479443318397409,HIST_TIME_FALLBACK
PAPER:AZTECUSDT:1790821199999:SHORT,AZTECUSDT,Reserve,False,1790821456190,1790821758973,1790821500000,0.0171,0.01709658,True,,0.09707259953160019,-0.7743470690655729,142,51,-3.8775303306275375,-0.7755060661255074,HIST_TIME_FALLBACK,-3.8775303306275375,-0.7755060661255074,HIST_TIME_FALLBACK,-3.8775303306275375,-0.7755060661255074,HIST_TIME_FALLBACK,-3.8775303306275375,-0.7755060661255074,HIST_TIME_FALLBACK
PAPER:PHAROSUSDT:1790821499999:SHORT,PHAROSUSDT,Reserve,False,1790821718970,1790821834367,1790821740000,0.72,0.7198559999999999,True,,-0.0200000000000089,-0.6272777471010627,104,18,-4.009260643795508,-0.8018521287591016,HIST_TIME_FALLBACK,-4.009260643795508,-0.8018521287591016,HIST_TIME_FALLBACK,-4.009260643795508,-0.8018521287591016,HIST_TIME_FALLBACK,-4.009260643795508,-0.8018521287591016,HIST_TIME_FALLBACK
PAPER:COAIUSDT:1790821499999:SHORT,COAIUSDT,Reserve,False,1790821724508,1790821796940,1790821740000,0.3218,0.32173564,True,,-0.019999999999997797,-0.26793552386856767,14,11,-2.194628049289194,-0.43892560985783874,HIST_TIME_FALLBACK,-2.194628049289194,-0.43892560985783874,HIST_TIME_FALLBACK,-2.194628049289194,-0.43892560985783874,HIST_TIME_FALLBACK,-2.194628049289194,-0.43892560985783874,HIST_TIME_FALLBACK
PAPER:OUSDT:1790823299999:SHORT,OUSDT,Reserve,False,1790823544002,1790823771223,1790823600000,0.5436,0.54349128,True,,-0.019999999999986695,-0.5869251874885628,84,34,-3.43649065077915,-0.68729813015583,HIST_TIME_FALLBACK,-3.43649065077915,-0.68729813015583,HIST_TIME_FALLBACK,-3.43649065077915,-0.68729813015583,HIST_TIME_FALLBACK,-3.43649065077915,-0.68729813015583,HIST_TIME_FALLBACK
PAPER:NMRUSDT:1790823899999:SHORT,NMRUSDT,Reserve,True,1790824112776,1790825200580,1790824140000,11.107,11.1047786,True,,0.7327521770682077,-0.10993433480256387,2866,212,-1.3558060198516562,-0.2711612039703313,HIST_TIME_FALLBACK,-1.3558060198516562,-0.2711612039703313,HIST_TIME_FALLBACK,-0.9051215955804859,-0.18102431911609718,REDUCE25+HIST_FALLBACK,0.8525476590770954,0.17050953181541909,V43_FULL_CLOSE
PAPER:LDOUSDT:1790825099999:SHORT,LDOUSDT,Reserve,False,1790825293761,1790825535923,1790825340000,0.4369,0.43681262000000004,True,,0.23235888022028472,-0.6114630261660925,297,39,-3.356250690513397,-0.6712501381026793,HIST_TIME_FALLBACK,-3.356250690513397,-0.6712501381026793,HIST_TIME_FALLBACK,-3.356250690513397,-0.6712501381026793,HIST_TIME_FALLBACK,-3.356250690513397,-0.6712501381026793,HIST_TIME_FALLBACK