position_id,symbol,split,primary_meta_label,strong_win,router_probability_lane1,router_lane,anatomy_lane,t3_causal,t3_confirm_side_return_pct,selected,selection_reason,historical_realized_pnl_usdt,historical_realized_pnl_pct,historical_max_mfe_pct,historical_realized_positive,peak_mfe_equiv_usdt
PAPER:INUSDT:1790660099999:SHORT,INUSDT,Discovery,META_LOSS,False,0.8614810642779094,1,1,True,0.08112493239589291,True,OPEN_ROUTE1_T3_PASS,-4.808057240842453,-0.9616114481684908,0.385702,False,1.92851
PAPER:SNXUSDT:1790660099999:SHORT,SNXUSDT,Discovery,META_LOSS,False,0.9405989276009872,1,1,True,0.16687526074258274,True,OPEN_ROUTE1_T3_PASS,-5.540708662783002,-1.1081417325566003,0.313535,False,1.567675
PAPER:METISUSDT:1790660099999:SHORT,METISUSDT,Discovery,META_LOSS,False,0.8320483359844654,1,1,True,0.3903903903903827,True,OPEN_ROUTE1_T3_PASS,-5.384714994800708,-1.0769429989601418,0.370464,False,1.8523200000000002
PAPER:ACTUSDT:1790660099999:SHORT,ACTUSDT,Discovery,META_LOSS,False,0.7674843853910361,1,1,True,0.19102196752627254,True,OPEN_ROUTE1_T3_PASS,-5.230040965443713,-1.0460081930887426,0.199757,False,0.9987849999999999
PAPER:APEUSDT:1790660099999:SHORT,APEUSDT,Discovery,META_LOSS,False,0.8883587076356766,1,1,True,0.3477051460361591,True,OPEN_ROUTE1_T3_PASS,-5.4755568464178745,-1.095111369283575,0.60599,False,3.0299500000000004
PAPER:IOSTUSDT:1790660099999:SHORT,IOSTUSDT,Discovery,META_LOSS,False,0.9420796671128369,1,1,True,0.17152658662092923,True,OPEN_ROUTE1_T3_PASS,-5.188469679061619,-1.0376939358123238,0.174543,False,0.872715
PAPER:AUCTIONUSDT:1790660099999:SHORT,AUCTIONUSDT,Discovery,META_LOSS,False,0.9517788440332061,1,1,True,0.13747594171019673,True,OPEN_ROUTE1_T3_PASS,-4.597493457311149,-0.9194986914622297,0.172501,False,0.862505
PAPER:GRAMUSDT:1790660099999:SHORT,GRAMUSDT,Discovery,META_LOSS,False,0.9210508883182462,1,1,True,0.1948051948052032,True,OPEN_ROUTE1_T3_PASS,-5.500873583807684,-1.100174716761537,0.304736,False,1.5236800000000001
PAPER:NEOUSDT:1790660099999:SHORT,NEOUSDT,Discovery,META_LOSS,False,0.9047163696905631,1,1,True,0.283286118980175,True,OPEN_ROUTE1_T3_PASS,-5.5063962580137265,-1.1012792516027452,0.384608,False,1.92304
PAPER:MOVEUSDT:1790660099999:SHORT,MOVEUSDT,Discovery,META_LOSS,False,0.9510152321590133,1,1,True,0.275893780894354,True,OPEN_ROUTE1_T3_PASS,-5.957668655152153,-1.1915337310304306,0.244508,False,1.22254
PAPER:DUSKUSDT:1790660099999:SHORT,DUSKUSDT,Discovery,META_LOSS,False,0.9066936496931537,1,1,True,0.0978114683946707,True,OPEN_ROUTE1_T3_PASS,-4.255124658627688,-0.8510249317255376,0.200116,False,1.00058
PAPER:GMTUSDT:1790660099999:SHORT,GMTUSDT,Discovery,META_LOSS,False,0.9152268421948742,1,1,True,0.2563789525088511,True,OPEN_ROUTE1_T3_PASS,-6.81917125975257,-1.363834251950514,0.23652,False,1.1826
PAPER:VELVETUSDT:1790660099999:SHORT,VELVETUSDT,Discovery,META_LOSS,False,0.8374620563450661,1,1,True,0.12984603969579123,True,OPEN_ROUTE1_T3_PASS,-6.711404402655136,-1.3422808805310271,0.091398,False,0.45698999999999995
PAPER:BILLUSDT:1790663699999:SHORT,BILLUSDT,Discovery,META_LOSS,False,0.9329925933476477,1,1,True,0.08818342151675207,True,OPEN_ROUTE1_T3_PASS,-3.378023852124964,-0.6756047704249928,0.156398,False,0.7819900000000001
PAPER:PHAROSUSDT:1790666399999:SHORT,PHAROSUSDT,Discovery,META_WIN,False,0.849260417378966,1,,True,0.354767184035476,True,OPEN_ROUTE1_T3_PASS,-0.35823120278150566,-0.07164624055630114,0.689672,False,3.4483599999999996
PAPER:HAEDALUSDT:1790666399999:SHORT,HAEDALUSDT,Discovery,META_WIN,False,0.8105868009218112,1,,True,0.19960079840318778,True,OPEN_ROUTE1_T3_PASS,0.04896203791655995,0.009792407583311992,0.529008,True,2.6450400000000003
PAPER:NOMUSDT:1790669399999:SHORT,NOMUSDT,Discovery,META_LOSS,False,0.9090524105980358,1,1,True,0.14591439688715901,True,OPEN_ROUTE1_T3_PASS,-3.141423846539718,-0.6282847693079436,0.320531,False,1.602655
PAPER:AZTECUSDT:1790670299999:SHORT,AZTECUSDT,Discovery,META_WIN,False,0.9985269392976941,1,,True,0.053050397877985045,True,OPEN_ROUTE1_T3_PASS,-1.4813042979949007,-0.29626085959898013,0.563667,False,2.8183350000000003
PAPER:INUSDT:1790670899999:SHORT,INUSDT,Discovery,META_LOSS,False,0.8629207048163223,1,1,True,0.1051248357424428,True,OPEN_ROUTE1_T3_PASS,-0.4897397974995752,-0.09794795949991504,0.584585,False,2.922925
PAPER:AEROUSDT:1790670899999:SHORT,AEROUSDT,Discovery,META_LOSS,False,0.8910457250669584,1,1,True,0.1668454296269717,True,OPEN_ROUTE1_T3_PASS,-2.859871258944146,-0.5719742517888292,0.21848,False,1.0924
PAPER:WLDUSDT:1790670899999:SHORT,WLDUSDT,Discovery,META_LOSS,False,0.7388781422662356,1,1,True,0.4210104250200519,True,OPEN_ROUTE1_T3_PASS,-0.548766469412551,-0.1097532938825102,0.501351,False,2.506755
PAPER:NILUSDT:1790671499999:SHORT,NILUSDT,Discovery,META_LOSS,False,0.9401576113729501,1,1,True,0.17152658662092923,True,OPEN_ROUTE1_T3_PASS,-1.1955099057056597,-0.23910198114113193,0.911327,False,4.556635
PAPER:MUSDT:1790676299999:SHORT,MUSDT,Discovery,META_WIN,True,0.8112106911278053,1,1,True,0.36343304445065616,True,OPEN_ROUTE1_T3_PASS,2.1020977061266892,0.42041954122533787,1.385974,True,6.92987
PAPER:ARKMUSDT:1790678399999:SHORT,ARKMUSDT,Discovery,META_LOSS,False,0.9850070135022686,1,1,True,0.07698229407235857,True,OPEN_ROUTE1_T3_PASS,-0.9501900380076691,-0.19003800760153383,0.133991,False,0.669955
PAPER:FLUXUSDT:1790678399999:SHORT,FLUXUSDT,Discovery,META_LOSS,False,0.7986407374322475,1,1,True,0.24752475247526995,True,OPEN_ROUTE1_T3_PASS,-3.428285038195707,-0.6856570076391414,0.22757,False,1.13785
PAPER:币安人生USDT:1790680199999:SHORT,币安人生USDT,Discovery,META_LOSS,False,0.566931232151658,1,1,True,0.07835455435846184,True,OPEN_ROUTE1_T3_PASS,-2.2249162810035474,-0.4449832562007095,0.273884,False,1.36942
PAPER:HANAUSDT:1790680499999:SHORT,HANAUSDT,Discovery,META_WIN,False,0.721885132619413,1,,True,0.07633587786260998,True,OPEN_ROUTE1_T3_PASS,0.004377448716357174,0.0008754897432714348,0.590339,True,2.951695
PAPER:AZTECUSDT:1790683199999:SHORT,AZTECUSDT,Discovery,META_LOSS,False,0.9486274787945589,1,1,True,0.10548523206752591,True,OPEN_ROUTE1_T3_PASS,-2.797330960657063,-0.5594661921314126,0.190897,False,0.954485
PAPER:LUNA2USDT:1790683799999:SHORT,LUNA2USDT,Discovery,META_WIN,True,0.9115472912640816,1,1,True,0.1953125000000111,True,OPEN_ROUTE1_T3_PASS,1.5429090530020004,0.30858181060040013,1.113035,True,5.565175
PAPER:VVVUSDT:1790683799999:SHORT,VVVUSDT,Discovery,META_WIN,True,0.8249056917876932,1,1,True,0.21604493734695973,True,OPEN_ROUTE1_T3_PASS,0.4830122383643807,0.09660244767287614,1.975569,True,9.877844999999999
PAPER:PLAYUSDT:1790684699999:SHORT,PLAYUSDT,Discovery,META_WIN,True,0.8328424891133027,1,1,True,0.09823182711199419,True,OPEN_ROUTE1_T3_PASS,0.5259491200336944,0.10518982400673889,1.258102,True,6.29051
PAPER:HBARUSDT:1790685299999:SHORT,HBARUSDT,Discovery,META_WIN,True,0.6889019622085614,1,1,True,0.2503020887277718,True,OPEN_ROUTE1_T3_PASS,1.4911132194069379,0.2982226438813876,1.067827,True,5.339135000000001
PAPER:METUSDT:1790742899999:SHORT,METUSDT,Discovery,META_WIN,False,0.7465816574755867,1,,True,0.4665629860031162,True,OPEN_ROUTE1_T3_PASS,-0.09384056826919646,-0.01876811365383929,0.788867,False,3.9443349999999997
PAPER:AEROUSDT:1790744099999:SHORT,AEROUSDT,Discovery,META_LOSS,False,0.7787788446459638,1,1,True,0.07476635514018781,True,OPEN_ROUTE1_T3_PASS,-2.821965645777805,-0.5643931291555611,0.142063,False,0.710315
PAPER:EDENUSDT:1790748299999:SHORT,EDENUSDT,Discovery,META_WIN,True,0.9594479176998295,1,1,True,0.14903129657227732,True,OPEN_ROUTE1_T3_PASS,2.2410907727993985,0.4482181545598797,1.288421,True,6.442105
PAPER:ARUSDT:1790748599999:SHORT,ARUSDT,Discovery,META_WIN,True,0.9249171818463219,1,1,True,0.32879286049789513,True,OPEN_ROUTE1_T3_PASS,2.400301487610874,0.48006029752217483,1.906168,True,9.530840000000001
PAPER:SYRUPUSDT:1790748899999:SHORT,SYRUPUSDT,Discovery,META_WIN,True,0.9722940906530523,1,1,True,0.3335499241931994,True,OPEN_ROUTE1_T3_PASS,1.4139806675751345,0.2827961335150269,1.050447,True,5.252235
PAPER:1000FLOKIUSDT:1790749499999:SHORT,1000FLOKIUSDT,Discovery,META_WIN,False,0.839409571761383,1,,True,0.40131338927398286,True,OPEN_ROUTE1_T3_PASS,-0.7675650142797656,-0.15351300285595312,0.527351,False,2.636755
PAPER:LAUSDT:1790749499999:SHORT,LAUSDT,Discovery,META_WIN,False,0.9355108897934897,1,,True,0.10430636268812243,True,OPEN_ROUTE1_T3_PASS,-0.7267854604839195,-0.1453570920967839,0.76861,False,3.84305
PAPER:ZKCUSDT:1790749499999:SHORT,ZKCUSDT,Discovery,META_WIN,True,0.9678979031569999,1,1,True,0.14302741358761528,True,OPEN_ROUTE1_T3_PASS,0.5410372917052664,0.10820745834105326,1.028823,True,5.144115
PAPER:CHIPUSDT:1790749499999:SHORT,CHIPUSDT,Discovery,META_LOSS,False,0.9447497310934903,1,1,True,0.06898137502874269,True,OPEN_ROUTE1_T3_PASS,-7.62759597687711,-1.525519195375422,0.486077,False,2.430385
PAPER:BIOUSDT:1790749799999:SHORT,BIOUSDT,Discovery,META_WIN,False,0.7230233622918951,1,,True,0.1299545159194282,True,OPEN_ROUTE1_T3_PASS,-0.543614997365955,-0.108722999473191,0.792374,False,3.9618700000000002
PAPER:牛来USDT:1790750399999:SHORT,牛来USDT,Discovery,META_WIN,False,0.9024407669055117,1,,True,0.0769452726748221,True,OPEN_ROUTE1_T3_PASS,-1.2390389647461675,-0.2478077929492335,0.316667,False,1.583335
PAPER:MUSDT:1790750699999:SHORT,MUSDT,Discovery,META_LOSS,False,0.9524340844721576,1,1,True,0.5118110236220552,True,OPEN_ROUTE1_T3_PASS,-0.21115186373884418,-0.042230372747768835,0.511598,False,2.55799
PAPER:龙虾USDT:1790750999999:SHORT,龙虾USDT,Discovery,META_WIN,False,0.8860473954471099,1,,True,0.39551746868820015,True,OPEN_ROUTE1_T3_PASS,-1.4449110296445518,-0.28898220592891033,0.671948,False,3.35974
PAPER:AIOTUSDT:1790750999999:SHORT,AIOTUSDT,Discovery,META_WIN,True,0.8984864837198097,1,1,True,0.08212877792377338,True,OPEN_ROUTE1_T3_PASS,1.8038367096148598,0.36076734192297194,1.244824,True,6.224119999999999
PAPER:XNYUSDT:1790750999999:SHORT,XNYUSDT,Discovery,META_LOSS,False,0.5262570885571022,1,1,True,0.0597728631201333,True,OPEN_ROUTE1_T3_PASS,-0.38917480709233104,-0.07783496141846621,0.503113,False,2.515565
PAPER:CKBUSDT:1790752199999:SHORT,CKBUSDT,Discovery,META_LOSS,False,0.9709460095933129,1,1,True,0.2732880456000619,True,OPEN_ROUTE1_T3_PASS,-2.0848375689676413,-0.41696751379352825,0.316158,False,1.58079
PAPER:AVAAIUSDT:1790752199999:SHORT,AVAAIUSDT,Discovery,META_LOSS,False,0.6067141670036871,1,1,True,0.20397756246811616,True,OPEN_ROUTE1_T3_PASS,-0.7970308773636974,-0.15940617547273947,0.520645,False,2.603225
PAPER:HEIUSDT:1790755199999:SHORT,HEIUSDT,Discovery,META_LOSS,False,0.9699936412861128,1,1,True,0.38561364479050564,True,OPEN_ROUTE1_T3_PASS,-3.8945307433162695,-0.7789061486632539,0.188511,False,0.942555
PAPER:FETUSDT:1790755499999:SHORT,FETUSDT,Discovery,META_LOSS,False,0.8939168854768582,1,1,True,0.04644681839293119,True,OPEN_ROUTE1_T3_PASS,-3.3925875730443122,-0.6785175146088624,0.30534,False,1.5267
PAPER:EDGEUSDT:1790757299999:SHORT,EDGEUSDT,Discovery,META_LOSS,False,0.644181061634151,1,1,True,0.19342359767892114,True,OPEN_ROUTE1_T3_PASS,-0.36925171301176496,-0.073850342602353,0.52169,False,2.60845
PAPER:MERLUSDT:1790762399999:SHORT,MERLUSDT,Discovery,META_WIN,True,0.9299033220808084,1,1,True,0.03389830508474523,True,OPEN_ROUTE1_T3_PASS,1.3405777808104005,0.2681155561620801,2.319447,True,11.597235
PAPER:COMPUSDT:1790763599999:SHORT,COMPUSDT,Discovery,META_LOSS,False,0.8469444903359956,1,1,True,0.15942606616181632,True,OPEN_ROUTE1_T3_PASS,-2.9445135042944273,-0.5889027008588855,0.258936,False,1.29468
PAPER:FFUSDT:1790764499999:SHORT,FFUSDT,Discovery,META_LOSS,False,0.9351813883273113,1,1,True,0.3285870755750042,True,OPEN_ROUTE1_T3_PASS,-0.40221500786193043,-0.08044300157238608,0.762074,False,3.8103700000000003
PAPER:MMTUSDT:1790765399999:SHORT,MMTUSDT,Discovery,META_WIN,True,0.8899560868973102,1,1,True,0.15847860538826808,True,OPEN_ROUTE1_T3_PASS,5.925116322789142,1.1850232645578285,2.19914,True,10.9957
PAPER:ONEUSDT:1790766299999:SHORT,ONEUSDT,Discovery,META_LOSS,False,0.9703344115895335,1,1,True,0.1359887699596496,True,OPEN_ROUTE1_T3_PASS,0.1479478832761283,0.029589576655225654,1.059538,True,5.29769
PAPER:1000000MOGUSDT:1790766599999:SHORT,1000000MOGUSDT,Discovery,META_LOSS,False,0.7924489803409258,1,1,True,0.08481764206955678,True,OPEN_ROUTE1_T3_PASS,-6.681967023175589,-1.3363934046351178,0.404169,False,2.020845
PAPER:COTIUSDT:1790769899999:SHORT,COTIUSDT,Discovery,META_LOSS,False,0.6547200863802574,1,1,True,0.218884444108991,True,OPEN_ROUTE1_T3_PASS,-1.7625054267777798,-0.35250108535555597,0.636781,False,3.183905
PAPER:MARSCOINUSDT:1790770199999:SHORT,MARSCOINUSDT,Discovery,META_LOSS,False,0.9190439689839002,1,1,True,0.057903879559928484,True,OPEN_ROUTE1_T3_PASS,-4.173165652084348,-0.8346331304168697,0.356256,False,1.7812800000000002
PAPER:MEGAUSDT:1790770799999:SHORT,MEGAUSDT,Discovery,META_LOSS,False,0.965410943741535,1,1,True,0.3755868544600971,True,OPEN_ROUTE1_T3_PASS,-1.7731177811419536,-0.3546235562283907,0.520264,False,2.60132
PAPER:AUSDT:1790775299999:SHORT,AUSDT,Discovery,META_LOSS,False,0.6622953110553021,1,1,True,0.4266991770801587,True,OPEN_ROUTE1_T3_PASS,-0.5173427221049636,-0.10346854442099271,0.600669,False,3.003345
PAPER:AZTECUSDT:1790777399999:SHORT,AZTECUSDT,Discovery,META_WIN,True,0.9299728476067924,1,1,True,0.17554125219427785,True,OPEN_ROUTE1_T3_PASS,5.4974997634188,1.0994999526837599,2.205265,True,11.026325
PAPER:JOEUSDT:1790777699999:SHORT,JOEUSDT,Discovery,META_WIN,True,0.799704854609958,1,1,True,0.05209690023443292,True,OPEN_ROUTE1_T3_PASS,2.244415889559776,0.4488831779119552,1.204518,True,6.02259
PAPER:INJUSDT:1790777999999:SHORT,INJUSDT,Discovery,META_WIN,True,0.8291789447425387,1,1,True,0.524616626311547,True,OPEN_ROUTE1_T3_PASS,3.7633239924821567,0.7526647984964313,1.661796,True,8.30898
PAPER:XLMUSDT:1790777999999:SHORT,XLMUSDT,Discovery,META_WIN,True,0.8042696728538592,1,1,True,0.7031284767033075,True,OPEN_ROUTE1_T3_PASS,2.815376022547171,0.5630752045094343,1.645067,True,8.225335000000001
PAPER:AEROUSDT:1790777999999:SHORT,AEROUSDT,Discovery,META_WIN,True,0.725527118020244,1,1,True,0.7119184976064896,True,OPEN_ROUTE1_T3_PASS,1.293025976281849,0.2586051952563698,1.097469,True,5.487345
PAPER:我踏马来了USDT:1790777999999:SHORT,我踏马来了USDT,Discovery,META_WIN,True,0.8830608948296729,1,1,True,0.3223939819790078,True,OPEN_ROUTE1_T3_PASS,3.705072331114967,0.7410144662229934,2.096646,True,10.483229999999999
PAPER:MUBARAKUSDT:1790777999999:SHORT,MUBARAKUSDT,Discovery,META_WIN,False,0.7472451676339559,1,,True,0.3486055776892427,True,OPEN_ROUTE1_T3_PASS,0.005423289588205343,0.0010846579176410688,0.9264,True,4.632
PAPER:UBUSDT:1790778299999:SHORT,UBUSDT,Discovery,META_WIN,True,0.9404219611349925,1,1,True,0.45289233514032023,True,OPEN_ROUTE1_T3_PASS,1.4886241040838222,0.2977248208167645,1.400715,True,7.003575
PAPER:ZKUSDT:1790778299999:SHORT,ZKUSDT,Discovery,META_LOSS,False,0.8209974254558092,1,1,True,0.4368611935377631,True,OPEN_ROUTE1_T3_PASS,-0.24875760884121653,-0.04975152176824331,0.812672,False,4.063359999999999
PAPER:EIGENUSDT:1790778299999:SHORT,EIGENUSDT,Discovery,META_WIN,False,0.8713380964467845,1,,True,0.6080259424402157,True,OPEN_ROUTE1_T3_PASS,0.8759861721027309,0.1751972344205462,0.912489,True,4.562445
PAPER:OPUSDT:1790778299999:SHORT,OPUSDT,Discovery,META_WIN,False,0.791932155771874,1,,True,0.32874617737002065,True,OPEN_ROUTE1_T3_PASS,-0.3187305092899299,-0.06374610185798599,0.698794,False,3.49397
PAPER:SYRUPUSDT:1790778599999:SHORT,SYRUPUSDT,Discovery,META_WIN,False,0.5796678733056766,1,,True,0.5639913232104221,True,OPEN_ROUTE1_T3_PASS,-0.13580523859646199,-0.027161047719292397,0.513725,False,2.568625
PAPER:WUSDT:1790778599999:SHORT,WUSDT,Discovery,META_LOSS,False,0.8547219263091526,1,1,True,0.6339622641509335,True,OPEN_ROUTE1_T3_PASS,-0.7612937398800368,-0.15225874797600736,0.900935,False,4.504675000000001
PAPER:BNTUSDT:1790778599999:SHORT,BNTUSDT,Discovery,META_LOSS,False,0.6940010731347589,1,1,True,0.49261083743843415,True,OPEN_ROUTE1_T3_PASS,-1.8205033211799706,-0.36410066423599413,0.733552,False,3.66776
PAPER:LINEAUSDT:1790778599999:SHORT,LINEAUSDT,Discovery,META_LOSS,False,0.8624898779585595,1,1,True,0.34270047978067764,True,OPEN_ROUTE1_T3_PASS,-0.6070953224229382,-0.12141906448458764,0.528426,False,2.64213
PAPER:ETCUSDT:1790778599999:SHORT,ETCUSDT,Discovery,META_WIN,False,0.642642235813153,1,,True,0.5988023952095856,True,OPEN_ROUTE1_T3_PASS,-0.5061224487079337,-0.10122448974158674,0.567827,False,2.8391349999999997
PAPER:龙虾USDT:1790779799999:SHORT,龙虾USDT,Discovery,META_WIN,True,0.9028980725886404,1,1,True,0.11295180722891152,True,OPEN_ROUTE1_T3_PASS,0.9345057076174321,0.1869011415234864,1.034424,True,5.17212
PAPER:MEGAUSDT:1790779799999:SHORT,MEGAUSDT,Discovery,META_WIN,True,0.989499886899634,1,1,True,0.11701380762928482,True,OPEN_ROUTE1_T3_PASS,0.3384425597967883,0.06768851195935766,1.197183,True,5.985915
PAPER:SAGAUSDT:1790780699999:SHORT,SAGAUSDT,Discovery,META_WIN,False,0.8098799142779932,1,,True,0.33632286995515237,True,OPEN_ROUTE1_T3_PASS,-0.7631989322780437,-0.15263978645560874,0.5778,False,2.889
PAPER:CFGUSDT:1790781299999:SHORT,CFGUSDT,Discovery,META_WIN,False,0.915399589839182,1,,True,0.20107238605897582,True,OPEN_ROUTE1_T3_PASS,-0.950190038007623,-0.19003800760152462,0.784446,False,3.92223
PAPER:CCUSDT:1790781599999:SHORT,CCUSDT,Discovery,META_WIN,True,0.7270278830627442,1,1,True,0.05605830063265538,True,OPEN_ROUTE1_T3_PASS,1.835236359721943,0.36704727194438863,1.405421,True,7.027105000000001
PAPER:SYRUPUSDT:1790781599999:SHORT,SYRUPUSDT,Discovery,META_LOSS,False,0.8025081841237028,1,1,True,0.061924982307148824,True,OPEN_ROUTE1_T3_PASS,-2.6769984420128714,-0.5353996884025742,0.426771,False,2.133855
PAPER:JTOUSDT:1790781899999:SHORT,JTOUSDT,Discovery,META_LOSS,False,0.9934801241689156,1,1,True,0.34071550255536653,True,OPEN_ROUTE1_T3_PASS,-1.8986083594133607,-0.37972167188267214,0.643259,False,3.216295
PAPER:BRUSDT:1790781899999:SHORT,BRUSDT,Discovery,META_LOSS,False,0.9303489397214415,1,1,True,0.18431263858094127,True,OPEN_ROUTE1_T3_PASS,-2.3375935580685736,-0.4675187116137147,0.596805,False,2.984025
PAPER:ONEUSDT:1790781899999:SHORT,ONEUSDT,Discovery,META_LOSS,False,0.9409894646841561,1,1,True,0.3442028985507273,True,OPEN_ROUTE1_T3_PASS,-1.9250420838244384,-0.3850084167648877,0.763667,False,3.818335
PAPER:RIVERUSDT:1790786999999:SHORT,RIVERUSDT,Discovery,META_WIN,True,0.550421021664188,1,1,True,0.32441200324412334,True,OPEN_ROUTE1_T3_PASS,-2.9784525584209294,-0.5956905116841859,1.276852,False,6.38426
PAPER:ZESTUSDT:1790787599999:SHORT,ZESTUSDT,Discovery,META_LOSS,False,0.5717926140122579,1,0,True,0.11243420043951513,True,OPEN_ROUTE1_T3_PASS,-1.001355284600086,-0.2002710569200172,2.116673,False,10.583365
PAPER:2ZUSDT:1790787899999:SHORT,2ZUSDT,Discovery,META_LOSS,False,0.9476278624766573,1,1,True,0.4296626352641497,True,OPEN_ROUTE1_T3_PASS,-0.9501900380076727,-0.19003800760153453,0.680327,False,3.401635
PAPER:ONEUSDT:1790787899999:SHORT,ONEUSDT,Validation,META_WIN,True,0.9442807203068059,1,1,True,0.2932551319648091,True,OPEN_ROUTE1_T3_PASS,0.9473827749890564,0.1894765549978113,1.126486,True,5.63243
PAPER:FOGOUSDT:1790789699999:SHORT,FOGOUSDT,Validation,META_WIN,True,0.8655558645575432,1,1,True,0.07523039307879564,True,OPEN_ROUTE1_T3_PASS,1.1214153383724228,0.22428306767448455,1.07126,True,5.356300000000001
PAPER:LDOUSDT:1790789699999:SHORT,LDOUSDT,Validation,META_LOSS,False,0.9200054390117025,1,1,True,0.34647033347768863,True,OPEN_ROUTE1_T3_PASS,-0.5165099946564662,-0.10330199893129324,0.543245,False,2.7162249999999997
PAPER:ETHFIUSDT:1790789699999:SHORT,ETHFIUSDT,Validation,META_WIN,False,0.8959654363001578,1,,True,0.665829145728658,True,OPEN_ROUTE1_T3_PASS,-0.1012245775160118,-0.02024491550320236,0.809308,False,4.04654
PAPER:HOMEUSDT:1790789699999:SHORT,HOMEUSDT,Validation,META_LOSS,False,0.7976396154463674,1,1,True,0.16559032952476738,True,OPEN_ROUTE1_T3_PASS,-2.5673564074147013,-0.5134712814829403,0.228555,False,1.142775
PAPER:RAVEUSDT:1790789699999:SHORT,RAVEUSDT,Validation,META_WIN,False,0.8878126608922303,1,,True,0.3851709195955677,True,OPEN_ROUTE1_T3_PASS,0.25601523919239194,0.05120304783847839,0.944044,True,4.72022
PAPER:XPINUSDT:1790789699999:SHORT,XPINUSDT,Validation,META_LOSS,False,0.8001169786314232,1,1,True,0.1179245283018937,True,OPEN_ROUTE1_T3_PASS,-1.540490969656177,-0.3080981939312354,0.215892,False,1.07946
PAPER:NOMUSDT:1790790599999:SHORT,NOMUSDT,Validation,META_WIN,False,0.6201063593246041,1,,True,0.46160302140160203,True,OPEN_ROUTE1_T3_PASS,-0.8451154809046504,-0.1690230961809301,0.945764,False,4.728820000000001
PAPER:PTBUSDT:1790790899999:SHORT,PTBUSDT,Validation,META_WIN,False,0.9868736245201531,1,,True,0.17261840543748574,True,OPEN_ROUTE1_T3_PASS,-1.4363426990997978,-0.2872685398199596,0.152686,False,0.7634299999999999
PAPER:GRTUSDT:1790791499999:SHORT,GRTUSDT,Validation,META_WIN,True,0.9023489603733195,1,1,True,0.0689179875947632,True,OPEN_ROUTE1_T3_PASS,2.0684405015048917,0.41368810030097836,1.324166,True,6.62083
PAPER:TURBOUSDT:1790792099999:SHORT,TURBOUSDT,Validation,META_WIN,True,0.9328474269346856,1,1,True,0.12604227263913748,True,OPEN_ROUTE1_T3_PASS,3.1512938714475722,0.6302587742895145,1.619032,True,8.09516
PAPER:SLXUSDT:1790793299999:SHORT,SLXUSDT,Validation,META_WIN,True,0.7859397175672422,1,1,True,0.2447780678851208,True,OPEN_ROUTE1_T3_PASS,2.7671546897106305,0.5534309379421261,2.689857,True,13.449285
PAPER:NILUSDT:1790793599999:SHORT,NILUSDT,Validation,META_WIN,True,0.772356174030366,1,1,True,0.14015416958653715,True,OPEN_ROUTE1_T3_PASS,0.21910496324920098,0.04382099264984019,1.183227,True,5.916135000000001
PAPER:ZECUSDT:1790793599999:SHORT,ZECUSDT,Validation,META_WIN,False,0.9366161528667574,1,,True,0.2585377162970137,True,OPEN_ROUTE1_T3_PASS,-0.3064652231595472,-0.061293044631909446,0.826235,False,4.131175000000001
PAPER:ASTERUSDT:1790793599999:SHORT,ASTERUSDT,Validation,META_LOSS,False,0.813880357342446,1,1,True,0.04004271222637357,True,OPEN_ROUTE1_T3_PASS,-3.522553200909784,-0.7045106401819569,0.433904,False,2.16952
PAPER:REDUSDT:1790793899999:SHORT,REDUSDT,Validation,META_LOSS,False,0.9351186781327004,1,1,True,0.5659309564233217,True,OPEN_ROUTE1_T3_PASS,1.4577834285023998,0.29155668570048,1.112084,True,5.560420000000001
PAPER:METUSDT:1790795699999:SHORT,METUSDT,Validation,META_WIN,True,0.7628332512366103,1,1,True,0.6228589224540615,True,OPEN_ROUTE1_T3_PASS,1.1543770954440573,0.23087541908881146,1.007919,True,5.039595
PAPER:LIGHTUSDT:1790795699999:SHORT,LIGHTUSDT,Validation,META_LOSS,False,0.5995818466706385,1,1,True,0.054525627044721414,True,OPEN_ROUTE1_T3_PASS,-2.451369724599154,-0.49027394491983084,0.252679,False,1.263395
PAPER:我踏马来了USDT:1790795699999:SHORT,我踏马来了USDT,Validation,META_WIN,False,0.9883496761367545,1,,True,0.5955926146515633,True,OPEN_ROUTE1_T3_PASS,0.9042658269774455,0.1808531653954891,0.814774,True,4.07387
PAPER:XPINUSDT:1790796299999:SHORT,XPINUSDT,Validation,META_LOSS,False,0.8352487625470626,1,1,True,0.11890606420926764,True,OPEN_ROUTE1_T3_PASS,-3.9262613224190823,-0.7852522644838165,0.455715,False,2.278575
PAPER:USUALUSDT:1790797499999:SHORT,USUALUSDT,Validation,META_WIN,False,0.8160458552001948,1,,True,0.11880894037276102,True,OPEN_ROUTE1_T3_PASS,-0.2809718695075332,-0.056194373901506646,0.663436,False,3.31718
PAPER:EIGENUSDT:1790798099999:SHORT,EIGENUSDT,Validation,META_LOSS,False,0.9099672739069562,1,1,True,0.08240626287597808,True,OPEN_ROUTE1_T3_PASS,-0.950190038007614,-0.19003800760152278,0.845078,False,4.22539
PAPER:哈基米USDT:1790798699999:SHORT,哈基米USDT,Validation,META_WIN,False,0.9493196445750953,1,,True,0.3535840565734416,True,OPEN_ROUTE1_T3_PASS,-0.2261179212699131,-0.04522358425398262,0.912359,False,4.561795
PAPER:TOWNSUSDT:1790798999999:SHORT,TOWNSUSDT,Validation,META_LOSS,False,0.9079596429150236,1,1,True,0.14388489208633226,True,OPEN_ROUTE1_T3_PASS,-3.110946253998996,-0.6221892507997991,0.267823,False,1.3391149999999998
PAPER:SAGAUSDT:1790801099999:SHORT,SAGAUSDT,Validation,META_WIN,True,0.9111305256075398,1,1,True,0.23612750885476652,True,OPEN_ROUTE1_T3_PASS,2.695731621718018,0.5391463243436035,1.318846,True,6.59423
PAPER:BRUSDT:1790801399999:SHORT,BRUSDT,Validation,META_LOSS,False,0.6993538007662586,1,1,True,0.2968883813873835,True,OPEN_ROUTE1_T3_PASS,-4.0023034453960165,-0.8004606890792033,0.339903,False,1.699515
PAPER:MEUSDT:1790802599999:SHORT,MEUSDT,Reserve,META_LOSS,False,0.7251796640342416,1,1,True,0.07916611690195197,True,OPEN_ROUTE1_T3_PASS,-2.503334607045434,-0.5006669214090868,0.270521,False,1.352605
PAPER:XVSUSDT:1790803499999:SHORT,XVSUSDT,Reserve,META_LOSS,False,0.9549683276590036,1,1,True,0.08253094910590786,True,OPEN_ROUTE1_T3_PASS,-1.9146894407783719,-0.38293788815567437,0.172713,False,0.863565
PAPER:STOUSDT:1790803499999:SHORT,STOUSDT,Reserve,META_LOSS,False,0.9730484166695026,1,1,True,0.04782400765185324,True,OPEN_ROUTE1_T3_PASS,-2.8653509755035,-0.5730701951007,0.17133,False,0.85665
PAPER:CCUSDT:1790804399999:SHORT,CCUSDT,Reserve,META_LOSS,False,0.9946307285361956,1,1,True,0.19474196689387435,True,OPEN_ROUTE1_T3_PASS,-2.0468737552281473,-0.4093747510456295,0.548107,False,2.740535
PAPER:EDENUSDT:1790804999999:SHORT,EDENUSDT,Reserve,META_WIN,True,0.9714639098336657,1,1,True,0.2701333783555637,True,OPEN_ROUTE1_T3_PASS,1.1626547620853134,0.23253095241706268,1.128293,True,5.641465
PAPER:WLFIUSDT:1790804999999:SHORT,WLFIUSDT,Reserve,META_LOSS,False,0.5827514722736725,1,1,True,0.09154155986818013,True,OPEN_ROUTE1_T3_PASS,-3.195538290649631,-0.6391076581299262,0.474419,False,2.372095
PAPER:THEUSDT:1790805599999:SHORT,THEUSDT,Reserve,META_LOSS,False,0.9075805611293074,1,1,True,0.10652463382156974,True,OPEN_ROUTE1_T3_PASS,-0.3502996637942622,-0.07005993275885244,0.526044,False,2.6302199999999996
PAPER:DOTUSDT:1790805899999:SHORT,DOTUSDT,Reserve,META_LOSS,False,0.9589995726762474,1,1,True,0.13186088676446772,True,OPEN_ROUTE1_T3_PASS,-2.229061876739893,-0.4458123753479786,0.177827,False,0.889135
PAPER:PONSUSDT:1790810999999:SHORT,PONSUSDT,Reserve,META_LOSS,False,0.8846161240050038,1,1,True,0.11344299489507437,True,OPEN_ROUTE1_T3_PASS,-1.4234129440748158,-0.28468258881496317,0.188016,False,0.9400799999999999
PAPER:HUSDT:1790811599999:SHORT,HUSDT,Reserve,META_WIN,True,0.8999972144625528,1,1,True,0.21370565607635728,True,OPEN_ROUTE1_T3_PASS,1.5144658855418656,0.3028931771083731,1.150488,True,5.75244
PAPER:SOMIUSDT:1790813099999:SHORT,SOMIUSDT,Reserve,META_WIN,False,0.8706508943590447,1,,True,0.1345895020188448,True,OPEN_ROUTE1_T3_PASS,-0.05189449733818438,-0.010378899467636876,0.518462,False,2.59231
PAPER:币安人生USDT:1790813099999:SHORT,币安人生USDT,Reserve,META_LOSS,False,0.8276646006449243,1,1,True,0.039944078290410356,True,OPEN_ROUTE1_T3_PASS,-3.299604251287636,-0.6599208502575271,0.139804,False,0.6990200000000001
PAPER:HBARUSDT:1790813399999:SHORT,HBARUSDT,Reserve,META_LOSS,False,0.9758286009374946,1,1,True,0.03848744347156874,True,OPEN_ROUTE1_T3_PASS,-3.598990831935807,-0.7197981663871613,0.461139,False,2.305695
PAPER:PHAUSDT:1790813699999:SHORT,PHAUSDT,Reserve,META_WIN,True,0.7910828963825581,1,0,True,0.5219206680584509,True,OPEN_ROUTE1_T3_PASS,1.7621575774222804,0.3524315154844561,1.716863,True,8.584315
PAPER:MUBARAKUSDT:1790813999999:SHORT,MUBARAKUSDT,Reserve,META_LOSS,False,0.8909431197907056,1,1,True,0.25025025025025016,True,OPEN_ROUTE1_T3_PASS,-2.0776116371922564,-0.41552232743845124,0.497283,False,2.486415
PAPER:POWERUSDT:1790814599999:SHORT,POWERUSDT,Reserve,META_LOSS,False,0.938624976838588,1,1,True,0.08623875816188287,True,OPEN_ROUTE1_T3_PASS,-0.14828277115677446,-0.029656554231354892,0.620913,False,3.104565
PAPER:ONUSDT:1790816699999:SHORT,ONUSDT,Reserve,META_WIN,True,0.966470181135631,1,1,True,0.08976660682226134,True,OPEN_ROUTE1_T3_PASS,2.8692795448676733,0.5738559089735348,1.147195,True,5.735975
PAPER:GTCUSDT:1790818199999:SHORT,GTCUSDT,Reserve,META_WIN,False,0.9835489073150887,1,,True,0.36231884057972286,True,OPEN_ROUTE1_T3_PASS,-0.9235097699104136,-0.1847019539820827,0.609053,False,3.0452649999999997
PAPER:BERAUSDT:1790818799999:SHORT,BERAUSDT,Reserve,META_LOSS,False,0.9207905062024266,1,1,True,0.5233494363929281,True,OPEN_ROUTE1_T3_PASS,-2.563647540144559,-0.5127295080289118,0.181487,False,0.907435
PAPER:BREVUSDT:1790819099999:SHORT,BREVUSDT,Reserve,META_LOSS,False,0.6525384626331553,1,1,True,0.11510128913444495,True,OPEN_ROUTE1_T3_PASS,-1.5263585348285027,-0.30527170696570055,0.313857,False,1.569285
PAPER:MTLUSDT:1790819099999:SHORT,MTLUSDT,Reserve,META_WIN,True,0.8269207820074669,1,1,True,0.12262415695892814,True,OPEN_ROUTE1_T3_PASS,2.195668758981781,0.4391337517963562,1.02251,True,5.112550000000001
PAPER:COTIUSDT:1790820299999:SHORT,COTIUSDT,Reserve,META_WIN,False,0.7250374810408314,1,,True,0.2953874119518196,True,OPEN_ROUTE1_T3_PASS,-0.9691469110681756,-0.1938293822136351,0.828458,False,4.14229
PAPER:GRASSUSDT:1790820299999:SHORT,GRASSUSDT,Reserve,META_LOSS,False,0.9417864753281607,1,1,True,0.04337767495661282,True,OPEN_ROUTE1_T3_PASS,-2.940620594115941,-0.5881241188231882,0.356011,False,1.7800550000000002
PAPER:XANUSDT:1790820299999:SHORT,XANUSDT,Reserve,META_LOSS,False,0.5153694167510409,1,1,True,0.19003879958824355,True,OPEN_ROUTE1_T3_PASS,-2.0798434481020722,-0.41596868962041444,0.375989,False,1.8799450000000002
PAPER:PLAYUSDT:1790820899999:SHORT,PLAYUSDT,Reserve,META_LOSS,False,0.9858525077526994,1,1,True,0.12539184952977678,True,OPEN_ROUTE1_T3_PASS,-0.1655894266627762,-0.03311788533255524,0.920623,False,4.603115
PAPER:AINUSDT:1790820899999:SHORT,AINUSDT,Reserve,META_LOSS,False,0.7023191277132569,1,1,True,0.08787346221440506,True,OPEN_ROUTE1_T3_PASS,-3.1495537903714013,-0.6299107580742802,0.287615,False,1.438075
PAPER:POWERUSDT:1790821199999:SHORT,POWERUSDT,Reserve,META_LOSS,False,0.9167913528867802,1,1,True,0.3876453670126345,True,OPEN_ROUTE1_T3_PASS,-7.09144800292046,-1.4182896005840921,0.418241,False,2.091205
PAPER:AEROUSDT:1790821199999:SHORT,AEROUSDT,Reserve,META_LOSS,False,0.7926368230823265,1,1,True,0.061659884079412475,True,OPEN_ROUTE1_T3_PASS,-3.049037794980422,-0.6098075589960845,0.202016,False,1.01008
PAPER:AZTECUSDT:1790821199999:SHORT,AZTECUSDT,Reserve,META_LOSS,False,0.6352720505269045,1,1,True,0.5220417633410634,True,OPEN_ROUTE1_T3_PASS,-0.6591579507762163,-0.13183159015524326,0.67781,False,3.38905
PAPER:PHAROSUSDT:1790821499999:SHORT,PHAROSUSDT,Reserve,META_LOSS,False,0.9402432909223697,1,1,True,0.1807563959955516,True,OPEN_ROUTE1_T3_PASS,-4.0822650591019505,-0.8164530118203901,0.313767,False,1.568835
PAPER:COAIUSDT:1790821499999:SHORT,COAIUSDT,Reserve,META_LOSS,False,0.9465634052343248,1,1,True,0.12445550715619591,True,OPEN_ROUTE1_T3_PASS,-2.5860566721187204,-0.5172113344237441,0.166775,False,0.833875
PAPER:OUSDT:1790823299999:SHORT,OUSDT,Reserve,META_LOSS,False,0.8531122621968672,1,1,True,0.11019283746555031,True,OPEN_ROUTE1_T3_PASS,-2.9278391717483325,-0.5855678343496665,0.182168,False,0.91084
PAPER:NMRUSDT:1790823899999:SHORT,NMRUSDT,Reserve,META_WIN,True,0.8480282233683747,1,1,True,0.42937650952679096,True,OPEN_ROUTE1_T3_PASS,1.871844590394668,0.37436891807893363,1.331497,True,6.657484999999999
PAPER:LDOUSDT:1790825099999:SHORT,LDOUSDT,Reserve,META_LOSS,False,0.9527105163229319,1,1,True,0.2967359050444984,True,OPEN_ROUTE1_T3_PASS,-1.9785344137989818,-0.3957068827597964,0.505095,False,2.5254749999999997