position_id,symbol,split,failure_mechanism,clean_mfe_pct,historical_usdt,v42_usdt,sim_usdt,sim_pct,retention_pct,v42_retention_pct,sim_win,ge75,ge80,delta_vs_v42_usdt,delta_vs_historical_usdt,helped_vs_v42,harmed_vs_v42,harmed_vs_historical,small_fired,runner_closed,small_at_ms,runner_at_ms,v42_impact_class
PAPER:STXUSDT:1791030599999:LONG,STXUSDT,DEV,PARTIAL_REDUCE_AFTER_PEAK,0.8979948541752547,0.1291533753740671,-0.039434657964462605,2.2870802021069716,0.45741604042139433,50.93749015315894,-0.8782824930701986,True,False,False,2.326514860071434,2.1579268267329046,True,False,False,True,False,1791030839701,,HARMED
PAPER:CUSDT:1791032099999:LONG,CUSDT,DEV,PEAK_OBSERVATION_MISS,1.4030991500064705,1.7474691526968857,1.4701787686073309,1.5205952020781603,0.3041190404156321,21.674807544016375,20.956163626790755,True,False,False,0.05041643347082947,-0.2268739506187254,True,False,True,True,False,1791032280019,,HARMED
PAPER:ZROUSDT:1791032399999:LONG,ZROUSDT,DEV,PARTIAL_REDUCE_AFTER_PEAK,0.7925349914537083,-3.3416005665449813,-2.4114598054411953,1.9734894969051502,0.39469789938103,49.8019524232053,-60.854342873062855,True,False,False,4.384949302346346,5.315090063450132,True,False,False,True,False,1791032639819,,HELPED
PAPER:BTWUSDT:1791032699999:LONG,BTWUSDT,DEV,PEAK_OBSERVATION_MISS,0.8464652760348246,-1.0356868503526186,-0.9841607629364958,-0.2799709015828191,-0.05599418031656383,-6.615059341697102,-23.253423165724904,False,False,False,0.7041898613536767,0.7557159487697995,True,False,False,True,False,1791039664590,,HELPED
PAPER:GRASSUSDT:1791032999999:LONG,GRASSUSDT,DEV,PARTIAL_REDUCE_BEFORE_LATER_PEAK,0.9772776127046079,-3.042095379634005,-2.967370903146796,-2.0125581480325847,-0.40251162960651693,-41.18703062199176,-60.72728699749133,False,False,False,0.9548127551142112,1.0295372316014202,True,False,False,True,False,1791034714635,,HELPED
PAPER:CTSIUSDT:1791032999999:LONG,CTSIUSDT,DEV,PEAK_OBSERVATION_MISS,1.024522486948909,-1.2759120229496719,-1.3982002673086293,1.6590058416655322,0.3318011683331064,32.38593320886794,-27.29467210568615,True,False,False,3.0572061089741616,2.934917864615204,True,False,False,True,False,1791033159805,,HARMED
PAPER:MOVEUSDT:1791032999999:LONG,MOVEUSDT,DEV,RUNNER_TRANSITION_OBSERVATION_MISS,1.5359226285309502,2.423033077146902,1.946435680442443,1.885333450095712,0.3770666900191424,24.549849257692873,25.34549129345314,True,False,False,-0.06110223034673101,-0.53769962705119,False,True,True,True,False,1791033159818,,HARMED
PAPER:SOPHUSDT:1791032999999:LONG,SOPHUSDT,DEV,PARTIAL_REDUCE_AFTER_PEAK,0.6761689975877339,-0.08043035541257879,0.1870710853812294,1.7252043699455395,0.34504087398910793,51.028792390668336,5.53326420018116,True,False,False,1.53813328456431,1.8056347253581182,True,False,False,True,False,1791034469714,,HELPED
PAPER:KSMUSDT:1791033299999:LONG,KSMUSDT,DEV,PARTIAL_REDUCE_AFTER_PEAK,1.220357432272956,2.52363583204413,2.464962759915127,3.4624049861080497,0.6924809972216099,56.744112741776085,40.39739005520788,True,False,False,0.9974422261929226,0.9387691540639196,True,False,False,True,False,1791033474724,,HARMED
PAPER:KSMUSDT:1791033899999:LONG,KSMUSDT,DEV,PARTIAL_REDUCE_AFTER_PEAK,1.0888395333872092,1.0811241910582614,0.988808998828706,1.358069767746927,0.2716139535493854,24.94526927254716,18.16262118537662,True,False,False,0.3692607689182209,0.2769455766886655,True,False,False,True,False,1791034004924,,HARMED
PAPER:MAVIAUSDT:1791034199999:LONG,MAVIAUSDT,DEV,PARTIAL_REDUCE_AFTER_PEAK,1.4962309327640089,0.9436733937713835,1.0951520683124805,1.1708914055830224,0.23417828111660446,15.65121238898621,14.638810685318347,True,False,False,0.07573933727054194,0.22721801181163892,True,False,False,True,False,1791038214567,,HELPED
PAPER:FLUXUSDT:1791034499999:LONG,FLUXUSDT,DEV,PARTIAL_REDUCE_AFTER_PEAK,0.929646846550436,-0.0812444902323512,0.11919371309688392,1.0545719952999313,0.21091439905998627,22.687582907704034,2.5642794043601875,True,False,False,0.9353782822030474,1.1358164855322825,True,False,False,True,False,1791038304630,,HELPED
PAPER:ALGOUSDT:1791034499999:LONG,ALGOUSDT,DEV,PARTIAL_REDUCE_BEFORE_LATER_PEAK,0.6839268864678116,-0.18540322699984788,-0.03252186480137337,1.6109527788327576,0.3221905557665515,47.108917947432545,-0.9510333763696533,True,False,False,1.643474643634131,1.7963560058326054,True,False,False,True,False,1791035549686,,HELPED
PAPER:FLOWUSDT:1791034799999:LONG,FLOWUSDT,DEV,PARTIAL_REDUCE_AFTER_PEAK,0.5300162461395308,-0.2629477657340894,0.2331194308969231,1.1870948090334206,0.23741896180668412,44.79465743474244,8.796690010726676,True,False,False,0.9539753781364975,1.4500425747675099,True,False,False,True,False,1791036104769,,HELPED
PAPER:MUBARAKUSDT:1791034799999:LONG,MUBARAKUSDT,DEV,PEAK_OBSERVATION_MISS,0.8094488313569181,-0.1131851983941837,0.0461719139102324,1.8389394273347885,0.36778788546695773,45.436829509089186,1.140823536253235,True,False,False,1.7927675134245562,1.9521246257289722,True,False,False,True,False,1791035114893,,HELPED
PAPER:ONEUSDT:1791036299999:LONG,ONEUSDT,DEV,PARTIAL_REDUCE_AFTER_PEAK,0.6981301063329726,0.03216637981344378,-0.1932873895807598,1.3949091637071573,0.27898183274143146,39.96129520997499,-5.537288474666399,True,False,False,1.5881965532879172,1.3627427838937136,True,False,False,True,False,1791036374807,,HARMED
PAPER:AIAUSDT:1791037199999:LONG,AIAUSDT,DEV,PARTIAL_REDUCE_AFTER_PEAK,0.5764756139680971,-2.652395912862888,-1.8365735144874584,1.604068774313292,0.3208137548626584,55.65088046905878,-63.71730113076722,True,False,False,3.4406422888007504,4.25646468717618,True,False,False,True,False,1791039124669,,HELPED
PAPER:DYDXUSDT:1791037499999:LONG,DYDXUSDT,DEV,PARTIAL_REDUCE_AFTER_PEAK,1.3292618129545408,2.0831364597525863,2.5886275427100816,2.08313645975268,0.416627291950536,31.34275639984733,38.94834738321952,True,False,False,-0.5054910829574015,9.370282327836321e-14,False,True,False,True,False,1791038384856,,HELPED
PAPER:AIOUSDT:1791037799999:LONG,AIOUSDT,LATE,RUNNER_TRANSITION_OBSERVATION_MISS,1.544262879060354,1.8976154682879351,2.013499064473765,1.3016426879037084,0.2603285375807417,16.857786398332983,26.077154243310304,True,False,False,-0.7118563765700565,-0.5959727803842267,False,True,True,True,False,1791038934762,,HELPED
PAPER:GTCUSDT:1791037799999:LONG,GTCUSDT,LATE,PARTIAL_REDUCE_AFTER_PEAK,0.532982131469617,-0.15225481525964787,0.13953368086211257,1.5790235950628295,0.3158047190125659,59.25240272910885,5.235960930899116,True,False,False,1.439489914200717,1.7312784103224774,True,False,False,True,False,1791037999891,,HELPED
PAPER:APTUSDT:1791037799999:LONG,APTUSDT,LATE,PARTIAL_REDUCE_AFTER_PEAK,0.8141929896229305,-0.1838204828359135,0.1225753392266663,1.6239148673333075,0.32478297346666146,39.89017070965879,3.0109652327867242,True,False,False,1.5013395281066413,1.807735350169221,True,False,False,True,False,1791038959765,,HELPED
PAPER:ZKUSDT:1791037799999:LONG,ZKUSDT,LATE,PARTIAL_REDUCE_AFTER_PEAK,0.5903631768691131,0.17867786448265638,0.3172640981199464,1.3665598670879655,0.2733119734175931,46.29556586964907,10.74809915491344,True,False,False,1.0492957689680191,1.1878820026053092,True,False,False,True,False,1791039084771,,HELPED
PAPER:THETAUSDT:1791037799999:LONG,THETAUSDT,LATE,PARTIAL_REDUCE_AFTER_PEAK,0.7745470773395047,0.042425438753312394,0.20779801821092997,1.4756544607193316,0.29513089214386634,38.10367384738095,5.3656652846640736,True,False,False,1.2678564425084016,1.433229021966019,True,False,False,True,False,1791038869839,,HELPED
PAPER:CYSUSDT:1791038399999:LONG,CYSUSDT,LATE,PARTIAL_REDUCE_AFTER_PEAK,0.707131301012498,0.1095767285936802,0.033906245266124624,1.4716454284900158,0.29432908569800315,41.62297514995749,0.9589801842338572,True,False,False,1.4377391832238913,1.3620686998963356,True,False,False,True,False,1791038849978,,HARMED
PAPER:FLUIDUSDT:1791038399999:LONG,FLUIDUSDT,LATE,PARTIAL_REDUCE_AFTER_PEAK,0.5184959417452228,-0.053175944703314604,0.1336228247319058,0.8434581485857431,0.16869162971714863,32.53480232638733,5.154247660343888,True,False,False,0.7098353238538373,0.8966340932890577,True,False,False,True,False,1791039334864,,HELPED
PAPER:CFGUSDT:1791038399999:LONG,CFGUSDT,LATE,PARTIAL_REDUCE_AFTER_PEAK,0.5079512150375276,-1.4442904240933314,-1.361877026409832,-0.6201564472583393,-0.12403128945166786,-24.417953098606997,-53.622355300763125,False,False,False,0.7417205791514928,0.8241339768349921,True,False,False,True,False,1791042134852,,HELPED
PAPER:YFIUSDT:1791039299999:LONG,YFIUSDT,LATE,PARTIAL_REDUCE_AFTER_PEAK,0.8756815266286022,-0.017698821191335867,0.02890673964869822,1.1008346389699066,0.22016692779398134,25.142351539792102,0.6602112473467371,True,False,False,1.0719278993212085,1.1185334601612424,True,False,False,True,False,1791039540167,,HELPED
PAPER:ACHUSDT:1791039299999:LONG,ACHUSDT,LATE,PARTIAL_REDUCE_AFTER_PEAK,0.6313912809365663,-0.43395690995280256,-0.49347842472663805,1.6691366120547306,0.33382732241094615,52.871702934473156,-15.631461492298184,True,False,False,2.162615036781369,2.103093522007533,True,False,False,True,False,1791039579966,,HARMED
PAPER:MANAUSDT:1791040499999:LONG,MANAUSDT,LATE,PARTIAL_REDUCE_BEFORE_LATER_PEAK,0.9767074846741775,-1.1914985735915145,-0.7987547032429492,0.35530805424280937,0.07106161084856187,7.2756287797126395,-16.35606803012077,True,False,False,1.1540627574857585,1.5468066278343238,True,False,False,True,False,1791040584933,,HELPED
PAPER:JTOUSDT:1791042299999:LONG,JTOUSDT,LATE,PARTIAL_REDUCE_BEFORE_LATER_PEAK,0.8316526579333683,-0.0635186627270744,-0.21861965339848002,1.6204349502770736,0.32408699005541475,38.96903195869789,-5.257475012266377,True,False,False,1.8390546036755537,1.6839536130041481,True,False,False,True,False,1791042450152,,HARMED
