position_id,symbol,chrono_split,clean_label,duration_s,alive60,alive120,early60_confirm,strong120_confirm,eligible_decay120,early60_closed_before_120,historical_pnl,action_pnl,action_delta_pnl,action_reason,profit_lock_pnl,profit_lock_delta_pnl,profit_lock_reason,loss_cut_pnl,loss_cut_delta_pnl,loss_cut_reason,t120_candidate_pnl,t120_market_px,t120_exit_fill,t120_exit_ts,delayed60_pnl,delayed60_entry_fill,delayed120_pnl,delayed120_entry_fill
PAPER:BIOUSDT:1790662199999:LONG,BIOUSDT,TRAIN,TRUE_WRONG_DIRECTION,773.05,True,True,False,False,False,False,-4.964218553106957,-4.964218553106957,0.0,HISTORICAL_CONTINUE,-4.964218553106957,0.0,HISTORICAL_CONTINUE,-4.964218553106957,0.0,HISTORICAL_CONTINUE,,,,,,,,
PAPER:SOONUSDT:1790662499999:LONG,SOONUSDT,TRAIN,TRUE_WRONG_DIRECTION,592.933,True,True,False,False,False,False,-4.357194374965198,-4.357194374965198,0.0,HISTORICAL_CONTINUE,-4.357194374965198,0.0,HISTORICAL_CONTINUE,-4.357194374965198,0.0,HISTORICAL_CONTINUE,,,,,,,,
PAPER:ALICEUSDT:1790662499999:LONG,ALICEUSDT,TRAIN,CORRECT_RUNNER,1087.614,True,True,False,False,False,False,4.071832639870607,4.071832639870607,0.0,HISTORICAL_CONTINUE,4.071832639870607,0.0,HISTORICAL_CONTINUE,4.071832639870607,0.0,HISTORICAL_CONTINUE,,,,,,,,
PAPER:AVAXUSDT:1790662499999:LONG,AVAXUSDT,TRAIN,RIGHT_THEN_FAILURE,500.659,True,True,True,True,False,False,-0.4163847863379297,-0.4163847863379297,0.0,HISTORICAL_CONTINUE,-0.4163847863379297,0.0,HISTORICAL_CONTINUE,-0.4163847863379297,0.0,HISTORICAL_CONTINUE,,,,,-0.9498100379923095,10.775154599999999,-2.336716980402864,10.8051606
PAPER:XPLUSDT:1790663099999:LONG,XPLUSDT,TRAIN,RIGHT_THEN_FAILURE,551.043,True,True,False,False,False,False,-0.1002774955314949,-0.1002774955314949,0.0,HISTORICAL_CONTINUE,-0.1002774955314949,0.0,HISTORICAL_CONTINUE,-0.1002774955314949,0.0,HISTORICAL_CONTINUE,,,,,,,,
PAPER:DRIFTUSDT:1790663699999:LONG,DRIFTUSDT,TRAIN,TRUE_WRONG_DIRECTION,137.667,True,True,False,False,False,False,-2.140618788497852,-2.140618788497852,0.0,HISTORICAL_CONTINUE,-2.140618788497852,0.0,HISTORICAL_CONTINUE,-2.140618788497852,0.0,HISTORICAL_CONTINUE,,,,,,,,
PAPER:JASMYUSDT:1790664299999:LONG,JASMYUSDT,TRAIN,RIGHT_THEN_FAILURE,47.312,False,False,False,False,False,False,-1.4277288800612304,-1.4277288800612304,0.0,HISTORICAL_CONTINUE,-1.4277288800612304,0.0,HISTORICAL_CONTINUE,-1.4277288800612304,0.0,HISTORICAL_CONTINUE,,,,,,,,
PAPER:CHIPUSDT:1790664899999:LONG,CHIPUSDT,TRAIN,STALL_NO_EDGE,1351.684,True,True,False,False,False,False,-1.90269760582117,-1.90269760582117,0.0,HISTORICAL_CONTINUE,-1.90269760582117,0.0,HISTORICAL_CONTINUE,-1.90269760582117,0.0,HISTORICAL_CONTINUE,,,,,,,,
PAPER:SUSHIUSDT:1790665199999:LONG,SUSHIUSDT,TRAIN,CORRECT_RUNNER,2527.599,True,True,True,True,False,False,7.419357213904046,7.419357213904046,0.0,HISTORICAL_CONTINUE,7.419357213904046,0.0,HISTORICAL_CONTINUE,7.419357213904046,0.0,HISTORICAL_CONTINUE,,,,,8.774200669990673,0.25685136,8.576011023953242,0.25695138
PAPER:LISTAUSDT:1790666099999:LONG,LISTAUSDT,TRAIN,CORRECT_RUNNER,795.188,True,True,False,False,False,False,1.193645712917622,1.193645712917622,0.0,HISTORICAL_CONTINUE,1.193645712917622,0.0,HISTORICAL_CONTINUE,1.193645712917622,0.0,HISTORICAL_CONTINUE,,,,,,,,
PAPER:AVNTUSDT:1790666399999:LONG,AVNTUSDT,TRAIN,TRUE_WRONG_DIRECTION,614.16,True,True,False,False,False,False,-2.6693759524571217,-2.6693759524571217,0.0,HISTORICAL_CONTINUE,-2.6693759524571217,0.0,HISTORICAL_CONTINUE,-2.6693759524571217,0.0,HISTORICAL_CONTINUE,,,,,,,,
PAPER:QUSDT:1790666699999:LONG,QUSDT,TRAIN,TRUE_WRONG_DIRECTION,121.287,True,True,False,False,False,False,-3.424342431169098,-3.424342431169098,0.0,HISTORICAL_CONTINUE,-3.424342431169098,0.0,HISTORICAL_CONTINUE,-3.424342431169098,0.0,HISTORICAL_CONTINUE,,,,,,,,
PAPER:INITUSDT:1790666999999:LONG,INITUSDT,TRAIN,RIGHT_THEN_FAILURE,271.646,True,True,False,False,False,False,-0.12071654977982887,-0.12071654977982887,0.0,HISTORICAL_CONTINUE,-0.12071654977982887,0.0,HISTORICAL_CONTINUE,-0.12071654977982887,0.0,HISTORICAL_CONTINUE,,,,,,,,
PAPER:AAVEUSDT:1790667599999:LONG,AAVEUSDT,TRAIN,CORRECT_RUNNER,890.683,True,True,False,False,False,False,3.32493618852017,3.32493618852017,0.0,HISTORICAL_CONTINUE,3.32493618852017,0.0,HISTORICAL_CONTINUE,3.32493618852017,0.0,HISTORICAL_CONTINUE,,,,,,,,
PAPER:AVNTUSDT:1790667599999:LONG,AVNTUSDT,TRAIN,TRUE_WRONG_DIRECTION,1390.732,True,True,False,False,False,False,-2.7839019139388075,-2.7839019139388075,0.0,HISTORICAL_CONTINUE,-2.7839019139388075,0.0,HISTORICAL_CONTINUE,-2.7839019139388075,0.0,HISTORICAL_CONTINUE,,,,,,,,
PAPER:MORPHOUSDT:1790668199999:LONG,MORPHOUSDT,TRAIN,CORRECT_RUNNER,1278.426,True,True,False,False,False,False,3.282606826092422,3.282606826092422,0.0,HISTORICAL_CONTINUE,3.282606826092422,0.0,HISTORICAL_CONTINUE,3.282606826092422,0.0,HISTORICAL_CONTINUE,,,,,,,,
PAPER:AVAXUSDT:1790668499999:LONG,AVAXUSDT,TRAIN,TRUE_WRONG_DIRECTION,120.085,True,True,False,False,False,False,-1.0367497524953004,-1.0367497524953004,0.0,HISTORICAL_CONTINUE,-1.0367497524953004,0.0,HISTORICAL_CONTINUE,-1.0367497524953004,0.0,HISTORICAL_CONTINUE,,,,,,,,
PAPER:SOONUSDT:1790668499999:LONG,SOONUSDT,TRAIN,STALL_NO_EDGE,106.877,True,False,False,False,False,False,-1.5717592160272562,-1.5717592160272562,0.0,HISTORICAL_CONTINUE,-1.5717592160272562,0.0,HISTORICAL_CONTINUE,-1.5717592160272562,0.0,HISTORICAL_CONTINUE,,,,,,,,
PAPER:ESPORTSUSDT:1790668799999:LONG,ESPORTSUSDT,TRAIN,RIGHT_THEN_FAILURE,954.595,True,True,False,False,False,False,-1.4272719786827275,-1.4272719786827275,0.0,HISTORICAL_CONTINUE,-1.4272719786827275,0.0,HISTORICAL_CONTINUE,-1.4272719786827275,0.0,HISTORICAL_CONTINUE,,,,,,,,
PAPER:币安人生USDT:1790669099999:LONG,币安人生USDT,TRAIN,TRUE_WRONG_DIRECTION,409.862,True,True,False,False,False,False,-4.466219558181534,-4.466219558181534,0.0,HISTORICAL_CONTINUE,-4.466219558181534,0.0,HISTORICAL_CONTINUE,-4.466219558181534,0.0,HISTORICAL_CONTINUE,,,,,,,,
PAPER:LUMIAUSDT:1790669099999:LONG,LUMIAUSDT,TRAIN,CORRECT_RUNNER,2681.09,True,True,True,True,False,False,14.389355688031333,14.389355688031333,0.0,HISTORICAL_CONTINUE,14.389355688031333,0.0,HISTORICAL_CONTINUE,14.389355688031333,0.0,HISTORICAL_CONTINUE,,,,,5.328742131245977,0.089107818,7.66679506622358,0.088697736
PAPER:FLUIDUSDT:1790669999999:LONG,FLUIDUSDT,TRAIN,STALL_NO_EDGE,57.939,False,False,False,False,False,False,-1.6237981486023778,-1.6237981486023778,0.0,HISTORICAL_CONTINUE,-1.6237981486023778,0.0,HISTORICAL_CONTINUE,-1.6237981486023778,0.0,HISTORICAL_CONTINUE,,,,,,,,
PAPER:UNIUSDT:1790670299999:LONG,UNIUSDT,TRAIN,STALL_NO_EDGE,23.158,False,False,False,False,False,False,-0.8405983192166122,-0.8405983192166122,0.0,HISTORICAL_CONTINUE,-0.8405983192166122,0.0,HISTORICAL_CONTINUE,-0.8405983192166122,0.0,HISTORICAL_CONTINUE,,,,,,,,
PAPER:JOEUSDT:1790670899999:LONG,JOEUSDT,TRAIN,STALL_NO_EDGE,7.724,False,False,False,False,False,False,-1.3371615296899377,-1.3371615296899377,0.0,HISTORICAL_CONTINUE,-1.3371615296899377,0.0,HISTORICAL_CONTINUE,-1.3371615296899377,0.0,HISTORICAL_CONTINUE,,,,,,,,
PAPER:UBUSDT:1790671199999:LONG,UBUSDT,TRAIN,STALL_NO_EDGE,59.675,False,False,False,False,False,False,-1.7174675606699343,-1.7174675606699343,0.0,HISTORICAL_CONTINUE,-1.7174675606699343,0.0,HISTORICAL_CONTINUE,-1.7174675606699343,0.0,HISTORICAL_CONTINUE,,,,,,,,
PAPER:INITUSDT:1790671499999:LONG,INITUSDT,TRAIN,RIGHT_THEN_FAILURE,64.746,True,False,False,False,False,False,-1.7551721665342024,-1.7551721665342024,0.0,HISTORICAL_CONTINUE,-1.7551721665342024,0.0,HISTORICAL_CONTINUE,-1.7551721665342024,0.0,HISTORICAL_CONTINUE,,,,,,,,
PAPER:UBUSDT:1790672699999:LONG,UBUSDT,TRAIN,RECOVERED_DRAWDOWN,440.146,True,True,False,False,False,False,1.2459939101718072,1.2459939101718072,0.0,HISTORICAL_CONTINUE,1.2459939101718072,0.0,HISTORICAL_CONTINUE,1.2459939101718072,0.0,HISTORICAL_CONTINUE,,,,,,,,
PAPER:CVXUSDT:1790673599999:LONG,CVXUSDT,TRAIN,RIGHT_THEN_FAILURE,120.124,True,True,False,False,False,False,-0.9498100379923491,-0.9498100379923491,0.0,HISTORICAL_CONTINUE,-0.9498100379923491,0.0,HISTORICAL_CONTINUE,-0.9498100379923491,0.0,HISTORICAL_CONTINUE,,,,,,,,
PAPER:ETHFIUSDT:1790674799999:LONG,ETHFIUSDT,TRAIN,RIGHT_THEN_FAILURE,1179.423,True,True,False,True,False,False,-0.3469631080490347,-0.3469631080490347,0.0,HISTORICAL_CONTINUE,-0.3469631080490347,0.0,HISTORICAL_CONTINUE,-0.3469631080490347,0.0,HISTORICAL_CONTINUE,,,,,,,-1.5512855778904275,0.7474494599999999
PAPER:BIOUSDT:1790675399999:LONG,BIOUSDT,TRAIN,CORRECT_RUNNER,302.732,True,True,True,False,True,False,1.0139568303703752,-0.3214046401163352,-1.3353614704867103,CLOSE_ALL_DECAY_AT_T120,1.0139568303703752,0.0,HISTORICAL_CONTINUE,-0.3214046401163352,-1.3353614704867103,CUT_NEGATIVE_DECAY_AT_T120,-0.3214046401163352,0.03183,0.031823633999999996,1790675549242,1.0925075051048618,0.031796358,,
PAPER:RPLUSDT:1790675699999:LONG,RPLUSDT,TRAIN,TRUE_WRONG_DIRECTION,69.08,True,False,False,False,False,False,-2.9054642326552176,-2.9054642326552176,0.0,HISTORICAL_CONTINUE,-2.9054642326552176,0.0,HISTORICAL_CONTINUE,-2.9054642326552176,0.0,HISTORICAL_CONTINUE,,,,,,,,
PAPER:BSBUSDT:1790675699999:LONG,BSBUSDT,TRAIN,TRUE_WRONG_DIRECTION,63.204,True,False,False,False,False,False,-4.314608702157246,-4.314608702157246,0.0,HISTORICAL_CONTINUE,-4.314608702157246,0.0,HISTORICAL_CONTINUE,-4.314608702157246,0.0,HISTORICAL_CONTINUE,,,,,,,,
PAPER:BIOUSDT:1790675699999:LONG,BIOUSDT,TRAIN,STALL_NO_EDGE,93.903,True,False,True,False,False,True,-0.011334892432628918,-0.011334892432628918,0.0,HISTORICAL_CONTINUE,-0.011334892432628918,0.0,HISTORICAL_CONTINUE,-0.011334892432628918,0.0,HISTORICAL_CONTINUE,,,,,-0.637474084295028,0.031986396,,
PAPER:SKYUSDT:1790676599999:LONG,SKYUSDT,TRAIN,RIGHT_THEN_FAILURE,548.913,True,True,False,False,False,False,-1.429565263700458,-1.429565263700458,0.0,HISTORICAL_CONTINUE,-1.429565263700458,0.0,HISTORICAL_CONTINUE,-1.429565263700458,0.0,HISTORICAL_CONTINUE,,,,,,,,
PAPER:AIAUSDT:1790677199999:LONG,AIAUSDT,TRAIN,CORRECT_RUNNER,636.427,True,True,False,False,False,False,3.3121842588209036,3.3121842588209036,0.0,HISTORICAL_CONTINUE,3.3121842588209036,0.0,HISTORICAL_CONTINUE,3.3121842588209036,0.0,HISTORICAL_CONTINUE,,,,,,,,
PAPER:CELOUSDT:1790677799999:LONG,CELOUSDT,TRAIN,TRUE_WRONG_DIRECTION,119.849,True,False,False,False,False,False,-1.8860274716075183,-1.8860274716075183,0.0,HISTORICAL_CONTINUE,-1.8860274716075183,0.0,HISTORICAL_CONTINUE,-1.8860274716075183,0.0,HISTORICAL_CONTINUE,,,,,,,,
PAPER:JOEUSDT:1790677799999:LONG,JOEUSDT,TRAIN,STALL_NO_EDGE,776.456,True,True,False,False,False,False,-1.329601056974897,-1.329601056974897,0.0,HISTORICAL_CONTINUE,-1.329601056974897,0.0,HISTORICAL_CONTINUE,-1.329601056974897,0.0,HISTORICAL_CONTINUE,,,,,,,,
PAPER:NMRUSDT:1790678099999:LONG,NMRUSDT,TRAIN,STALL_NO_EDGE,176.411,True,True,False,False,False,False,-1.177373156140272,-1.177373156140272,0.0,HISTORICAL_CONTINUE,-1.177373156140272,0.0,HISTORICAL_CONTINUE,-1.177373156140272,0.0,HISTORICAL_CONTINUE,,,,,,,,
PAPER:龙虾USDT:1790678699999:LONG,龙虾USDT,TRAIN,RIGHT_THEN_FAILURE,138.097,True,True,True,True,False,False,-1.8481721939049902,-1.8481721939049902,0.0,HISTORICAL_CONTINUE,-1.8481721939049902,0.0,HISTORICAL_CONTINUE,-1.8481721939049902,0.0,HISTORICAL_CONTINUE,,,,,-3.993538976308287,0.07877575199999999,-0.4388891275453564,0.07821564
PAPER:BTWUSDT:1790678999999:LONG,BTWUSDT,TRAIN,CORRECT_RUNNER,362.592,True,True,False,False,False,False,2.189543398334493,2.189543398334493,0.0,HISTORICAL_CONTINUE,2.189543398334493,0.0,HISTORICAL_CONTINUE,2.189543398334493,0.0,HISTORICAL_CONTINUE,,,,,,,,
PAPER:ESPORTSUSDT:1790679899999:LONG,ESPORTSUSDT,TRAIN,STALL_NO_EDGE,72.311,True,False,True,False,False,True,-1.400148351754308,-1.400148351754308,0.0,HISTORICAL_CONTINUE,-1.400148351754308,0.0,HISTORICAL_CONTINUE,-1.400148351754308,0.0,HISTORICAL_CONTINUE,,,,,-1.399742641561791,0.01110222,,
PAPER:WUSDT:1790680199999:LONG,WUSDT,TRAIN,TRUE_WRONG_DIRECTION,59.614,False,False,False,False,False,False,-5.545641371621914,-5.545641371621914,0.0,HISTORICAL_CONTINUE,-5.545641371621914,0.0,HISTORICAL_CONTINUE,-5.545641371621914,0.0,HISTORICAL_CONTINUE,,,,,,,,
PAPER:NIGHTUSDT:1790680499999:LONG,NIGHTUSDT,TRAIN,CORRECT_RUNNER,3051.205,True,True,False,False,False,False,6.493310218565533,6.493310218565533,0.0,HISTORICAL_CONTINUE,6.493310218565533,0.0,HISTORICAL_CONTINUE,6.493310218565533,0.0,HISTORICAL_CONTINUE,,,,,,,,
PAPER:WUSDT:1790680799999:LONG,WUSDT,TRAIN,CORRECT_RUNNER,443.984,True,True,False,True,False,False,1.56464526593939,1.56464526593939,0.0,HISTORICAL_CONTINUE,1.56464526593939,0.0,HISTORICAL_CONTINUE,1.56464526593939,0.0,HISTORICAL_CONTINUE,,,,,,,1.5564604121085615,0.0147489492
PAPER:NILUSDT:1790681099999:LONG,NILUSDT,TRAIN,STALL_NO_EDGE,237.73,True,True,False,False,False,False,-1.1286445533761302,-1.1286445533761302,0.0,HISTORICAL_CONTINUE,-1.1286445533761302,0.0,HISTORICAL_CONTINUE,-1.1286445533761302,0.0,HISTORICAL_CONTINUE,,,,,,,,
PAPER:YBUSDT:1790681699999:LONG,YBUSDT,TRAIN,RECOVERED_DRAWDOWN,1165.225,True,True,False,False,False,False,0.918226976166972,0.918226976166972,0.0,HISTORICAL_CONTINUE,0.918226976166972,0.0,HISTORICAL_CONTINUE,0.918226976166972,0.0,HISTORICAL_CONTINUE,,,,,,,,
PAPER:PUMPUSDT:1790681699999:LONG,PUMPUSDT,TRAIN,CORRECT_RUNNER,7195.575,True,True,True,True,False,False,50.140812843178566,50.140812843178566,0.0,HISTORICAL_CONTINUE,50.140812843178566,0.0,HISTORICAL_CONTINUE,50.140812843178566,0.0,HISTORICAL_CONTINUE,,,,,48.393740997660025,0.0052540506,50.38583233869092,0.0052350467999999995
PAPER:AAVEUSDT:1790682299999:LONG,AAVEUSDT,TRAIN,TRUE_WRONG_DIRECTION,417.23,True,True,False,False,False,False,-2.485789557982417,-2.485789557982417,0.0,HISTORICAL_CONTINUE,-2.485789557982417,0.0,HISTORICAL_CONTINUE,-2.485789557982417,0.0,HISTORICAL_CONTINUE,,,,,,,,
PAPER:ICPUSDT:1790682599999:LONG,ICPUSDT,TRAIN,TRUE_WRONG_DIRECTION,63.956,True,False,False,False,False,False,-3.6712727815261674,-3.6712727815261674,0.0,HISTORICAL_CONTINUE,-3.6712727815261674,0.0,HISTORICAL_CONTINUE,-3.6712727815261674,0.0,HISTORICAL_CONTINUE,,,,,,,,
PAPER:LDOUSDT:1790683199999:LONG,LDOUSDT,TRAIN,TRUE_WRONG_DIRECTION,202.763,True,True,False,False,False,False,-3.306083213531277,-3.306083213531277,0.0,HISTORICAL_CONTINUE,-3.306083213531277,0.0,HISTORICAL_CONTINUE,-3.306083213531277,0.0,HISTORICAL_CONTINUE,,,,,,,,
PAPER:MOVRUSDT:1790685299999:LONG,MOVRUSDT,TRAIN,RIGHT_THEN_FAILURE,740.183,True,True,False,False,False,False,-1.1176437552143588,-1.1176437552143588,0.0,HISTORICAL_CONTINUE,-1.1176437552143588,0.0,HISTORICAL_CONTINUE,-1.1176437552143588,0.0,HISTORICAL_CONTINUE,,,,,,,,
PAPER:ARXUSDT:1790685599999:LONG,ARXUSDT,TRAIN,CORRECT_RUNNER,138.04,True,True,True,True,False,False,0.3214540819109367,0.3214540819109367,0.0,HISTORICAL_CONTINUE,0.3214540819109367,0.0,HISTORICAL_CONTINUE,0.3214540819109367,0.0,HISTORICAL_CONTINUE,,,,,0.13865750278931815,0.27535506,-1.1307611937757558,0.2760552
PAPER:MOCAUSDT:1790686499999:LONG,MOCAUSDT,TRAIN,TRUE_WRONG_DIRECTION,18.215,False,False,False,False,False,False,-2.1976797519452,-2.1976797519452,0.0,HISTORICAL_CONTINUE,-2.1976797519452,0.0,HISTORICAL_CONTINUE,-2.1976797519452,0.0,HISTORICAL_CONTINUE,,,,,,,,
PAPER:SOONUSDT:1790686799999:LONG,SOONUSDT,TRAIN,CORRECT_RUNNER,31.534,False,False,False,False,False,False,5.8476312253254665,5.8476312253254665,0.0,HISTORICAL_CONTINUE,5.8476312253254665,0.0,HISTORICAL_CONTINUE,5.8476312253254665,0.0,HISTORICAL_CONTINUE,,,,,,,,
PAPER:ZROUSDT:1790687099999:LONG,ZROUSDT,TRAIN,TRUE_WRONG_DIRECTION,66.295,True,False,False,False,False,False,-3.25320660745672,-3.25320660745672,0.0,HISTORICAL_CONTINUE,-3.25320660745672,0.0,HISTORICAL_CONTINUE,-3.25320660745672,0.0,HISTORICAL_CONTINUE,,,,,,,,
PAPER:ALICEUSDT:1790687099999:LONG,ALICEUSDT,TRAIN,TRUE_WRONG_DIRECTION,84.985,True,False,False,False,False,False,-3.328025228287715,-3.328025228287715,0.0,HISTORICAL_CONTINUE,-3.328025228287715,0.0,HISTORICAL_CONTINUE,-3.328025228287715,0.0,HISTORICAL_CONTINUE,,,,,,,,
PAPER:NOMUSDT:1790741699999:LONG,NOMUSDT,TRAIN,RIGHT_THEN_FAILURE,90.382,True,False,True,False,False,True,-0.7220739732582042,-0.7220739732582042,0.0,HISTORICAL_CONTINUE,-0.7220739732582042,0.0,HISTORICAL_CONTINUE,-0.7220739732582042,0.0,HISTORICAL_CONTINUE,,,,,-4.568833153659107,0.0022084416,,
PAPER:KSMUSDT:1790742299999:LONG,KSMUSDT,TRAIN,TRUE_WRONG_DIRECTION,20.883,False,False,False,False,False,False,-2.1235472646950835,-2.1235472646950835,0.0,HISTORICAL_CONTINUE,-2.1235472646950835,0.0,HISTORICAL_CONTINUE,-2.1235472646950835,0.0,HISTORICAL_CONTINUE,,,,,,,,
PAPER:ARXUSDT:1790742899999:LONG,ARXUSDT,TRAIN,RECOVERED_DRAWDOWN,614.101,True,True,False,False,False,False,2.590890935618878,2.590890935618878,0.0,HISTORICAL_CONTINUE,2.590890935618878,0.0,HISTORICAL_CONTINUE,2.590890935618878,0.0,HISTORICAL_CONTINUE,,,,,,,,
PAPER:YBUSDT:1790743199999:LONG,YBUSDT,TRAIN,RECOVERED_DRAWDOWN,674.254,True,True,False,False,False,False,1.5533016135931708,1.5533016135931708,0.0,HISTORICAL_CONTINUE,1.5533016135931708,0.0,HISTORICAL_CONTINUE,1.5533016135931708,0.0,HISTORICAL_CONTINUE,,,,,,,,
PAPER:ZROUSDT:1790743199999:LONG,ZROUSDT,TRAIN,RIGHT_THEN_FAILURE,1009.994,True,True,False,False,False,False,-1.1654396736821324,-1.1654396736821324,0.0,HISTORICAL_CONTINUE,-1.1654396736821324,0.0,HISTORICAL_CONTINUE,-1.1654396736821324,0.0,HISTORICAL_CONTINUE,,,,,,,,
PAPER:FLUXUSDT:1790743499999:LONG,FLUXUSDT,TRAIN,TRUE_WRONG_DIRECTION,110.131,True,False,False,False,False,False,-9.968322697819925,-9.968322697819925,0.0,HISTORICAL_CONTINUE,-9.968322697819925,0.0,HISTORICAL_CONTINUE,-9.968322697819925,0.0,HISTORICAL_CONTINUE,,,,,,,,
PAPER:AKEUSDT:1790744399999:LONG,AKEUSDT,TRAIN,TRUE_WRONG_DIRECTION,121.723,True,True,False,False,False,False,-1.5936420336043822,-1.5936420336043822,0.0,HISTORICAL_CONTINUE,-1.5936420336043822,0.0,HISTORICAL_CONTINUE,-1.5936420336043822,0.0,HISTORICAL_CONTINUE,,,,,,,,
PAPER:KSMUSDT:1790745599999:LONG,KSMUSDT,TRAIN,RECOVERED_DRAWDOWN,1126.588,True,True,False,False,False,False,2.89042648205813,2.89042648205813,0.0,HISTORICAL_CONTINUE,2.89042648205813,0.0,HISTORICAL_CONTINUE,2.89042648205813,0.0,HISTORICAL_CONTINUE,,,,,,,,
PAPER:BERAUSDT:1790745899999:LONG,BERAUSDT,TRAIN,TRUE_WRONG_DIRECTION,179.631,True,True,False,False,False,False,-0.7535722423296112,-0.7535722423296112,0.0,HISTORICAL_CONTINUE,-0.7535722423296112,0.0,HISTORICAL_CONTINUE,-0.7535722423296112,0.0,HISTORICAL_CONTINUE,,,,,,,,
PAPER:AKEUSDT:1790746199999:LONG,AKEUSDT,TRAIN,CORRECT_RUNNER,1038.72,True,True,True,True,False,False,2.187224334106455,2.187224334106455,0.0,HISTORICAL_CONTINUE,2.187224334106455,0.0,HISTORICAL_CONTINUE,2.187224334106455,0.0,HISTORICAL_CONTINUE,,,,,1.6266267055495607,0.0321844356,1.1123286806114576,0.032217442199999995
PAPER:AKEUSDT:1790748299999:LONG,AKEUSDT,TRAIN,STALL_NO_EDGE,985.248,True,True,True,False,True,False,-2.629525408133069,-0.7512982215212897,1.8782271866117792,CLOSE_ALL_DECAY_AT_T120,-2.629525408133069,0.0,HISTORICAL_CONTINUE,-0.7512982215212897,1.8782271866117792,CUT_NEGATIVE_DECAY_AT_T120,-0.7512982215212897,0.032719,0.0327124562,1790748442782,-5.165974173658432,0.0328185624,,
PAPER:GTCUSDT:1790748599999:LONG,GTCUSDT,TRAIN,TRUE_WRONG_DIRECTION,167.501,True,True,False,False,False,False,-7.701024277505162,-7.701024277505162,0.0,HISTORICAL_CONTINUE,-7.701024277505162,0.0,HISTORICAL_CONTINUE,-7.701024277505162,0.0,HISTORICAL_CONTINUE,,,,,,,,
PAPER:BERAUSDT:1790751899999:LONG,BERAUSDT,TRAIN,TRUE_WRONG_DIRECTION,16.309,False,False,False,False,False,False,-2.322395954652798,-2.322395954652798,0.0,HISTORICAL_CONTINUE,-2.322395954652798,0.0,HISTORICAL_CONTINUE,-2.322395954652798,0.0,HISTORICAL_CONTINUE,,,,,,,,
PAPER:NILUSDT:1790751899999:LONG,NILUSDT,TRAIN,STALL_NO_EDGE,15.927,False,False,False,False,False,False,-1.4739269584282844,-1.4739269584282844,0.0,HISTORICAL_CONTINUE,-1.4739269584282844,0.0,HISTORICAL_CONTINUE,-1.4739269584282844,0.0,HISTORICAL_CONTINUE,,,,,,,,
PAPER:SOMIUSDT:1790753699999:LONG,SOMIUSDT,TRAIN,STALL_NO_EDGE,6.408,False,False,False,False,False,False,-0.9498100379923746,-0.9498100379923746,0.0,HISTORICAL_CONTINUE,-0.9498100379923746,0.0,HISTORICAL_CONTINUE,-0.9498100379923746,0.0,HISTORICAL_CONTINUE,,,,,,,,
PAPER:BIGTIMEUSDT:1790753699999:LONG,BIGTIMEUSDT,TRAIN,STALL_NO_EDGE,15.803,False,False,False,False,False,False,-1.4886224125332777,-1.4886224125332777,0.0,HISTORICAL_CONTINUE,-1.4886224125332777,0.0,HISTORICAL_CONTINUE,-1.4886224125332777,0.0,HISTORICAL_CONTINUE,,,,,,,,
PAPER:SYRUPUSDT:1790753999999:LONG,SYRUPUSDT,TRAIN,CORRECT_RUNNER,1304.729,True,True,False,False,False,False,1.4674912514593832,1.4674912514593832,0.0,HISTORICAL_CONTINUE,1.4674912514593832,0.0,HISTORICAL_CONTINUE,1.4674912514593832,0.0,HISTORICAL_CONTINUE,,,,,,,,
PAPER:PENGUUSDT:1790753999999:LONG,PENGUUSDT,TRAIN,TRUE_WRONG_DIRECTION,1009.334,True,True,False,False,False,False,-2.3362619584400823,-2.3362619584400823,0.0,HISTORICAL_CONTINUE,-2.3362619584400823,0.0,HISTORICAL_CONTINUE,-2.3362619584400823,0.0,HISTORICAL_CONTINUE,,,,,,,,
PAPER:TAUSDT:1790754299999:LONG,TAUSDT,TRAIN,STALL_NO_EDGE,6.436,False,False,False,False,False,False,-1.3350946589852128,-1.3350946589852128,0.0,HISTORICAL_CONTINUE,-1.3350946589852128,0.0,HISTORICAL_CONTINUE,-1.3350946589852128,0.0,HISTORICAL_CONTINUE,,,,,,,,
PAPER:ACTUSDT:1790754599999:LONG,ACTUSDT,TRAIN,CORRECT_RUNNER,165.918,True,True,True,True,False,False,1.012657582254961,1.012657582254961,0.0,HISTORICAL_CONTINUE,1.012657582254961,0.0,HISTORICAL_CONTINUE,1.012657582254961,0.0,HISTORICAL_CONTINUE,,,,,-2.8525547747851983,0.0110262048,-2.4460452870841567,0.011017203
PAPER:ICNTUSDT:1790754899999:LONG,ICNTUSDT,TRAIN,CORRECT_RUNNER,1008.014,True,True,False,False,False,False,4.782115794904943,4.782115794904943,0.0,HISTORICAL_CONTINUE,4.782115794904943,0.0,HISTORICAL_CONTINUE,4.782115794904943,0.0,HISTORICAL_CONTINUE,,,,,,,,
PAPER:SONICUSDT:1790755499999:LONG,SONICUSDT,TRAIN,CORRECT_RUNNER,93.603,True,False,True,False,False,True,0.6600849153235251,0.6600849153235251,0.0,HISTORICAL_CONTINUE,0.6600849153235251,0.0,HISTORICAL_CONTINUE,0.6600849153235251,0.0,HISTORICAL_CONTINUE,,,,,-4.313538719055173,0.028215642,,
PAPER:RECALLUSDT:1790755799999:LONG,RECALLUSDT,TRAIN,STALL_NO_EDGE,31.79,False,False,False,False,False,False,-1.2014857031616701,-1.2014857031616701,0.0,HISTORICAL_CONTINUE,-1.2014857031616701,0.0,HISTORICAL_CONTINUE,-1.2014857031616701,0.0,HISTORICAL_CONTINUE,,,,,,,,
PAPER:TAGUSDT:1790756399999:LONG,TAGUSDT,TRAIN,TRUE_WRONG_DIRECTION,233.309,True,True,False,False,False,False,-3.1407908334149637,-3.1407908334149637,0.0,HISTORICAL_CONTINUE,-3.1407908334149637,0.0,HISTORICAL_CONTINUE,-3.1407908334149637,0.0,HISTORICAL_CONTINUE,,,,,,,,
PAPER:PHAUSDT:1790757299999:LONG,PHAUSDT,TRAIN,RECOVERED_DRAWDOWN,764.69,True,True,False,False,False,False,2.0766349667242148,2.0766349667242148,0.0,HISTORICAL_CONTINUE,2.0766349667242148,0.0,HISTORICAL_CONTINUE,2.0766349667242148,0.0,HISTORICAL_CONTINUE,,,,,,,,
PAPER:GRASSUSDT:1790758199999:LONG,GRASSUSDT,TRAIN,STALL_NO_EDGE,21.843,False,False,False,False,False,False,0.0931215852054515,0.0931215852054515,0.0,HISTORICAL_CONTINUE,0.0931215852054515,0.0,HISTORICAL_CONTINUE,0.0931215852054515,0.0,HISTORICAL_CONTINUE,,,,,,,,
PAPER:SANDUSDT:1790758199999:LONG,SANDUSDT,TRAIN,TRUE_WRONG_DIRECTION,98.102,True,False,False,False,False,False,-1.0603512486965994,-1.0603512486965994,0.0,HISTORICAL_CONTINUE,-1.0603512486965994,0.0,HISTORICAL_CONTINUE,-1.0603512486965994,0.0,HISTORICAL_CONTINUE,,,,,,,,
PAPER:KOMAUSDT:1790758199999:LONG,KOMAUSDT,TRAIN,TRUE_WRONG_DIRECTION,17.169,False,False,False,False,False,False,-2.7819643606832916,-2.7819643606832916,0.0,HISTORICAL_CONTINUE,-2.7819643606832916,0.0,HISTORICAL_CONTINUE,-2.7819643606832916,0.0,HISTORICAL_CONTINUE,,,,,,,,
PAPER:BLURUSDT:1790759099999:LONG,BLURUSDT,TRAIN,CORRECT_RUNNER,305.474,True,True,True,False,True,False,0.25188676172372815,-0.7094706780491653,-0.9613574397728935,CLOSE_ALL_DECAY_AT_T120,0.25188676172372815,0.0,HISTORICAL_CONTINUE,-0.7094706780491653,-0.9613574397728935,CUT_NEGATIVE_DECAY_AT_T120,-0.7094706780491653,0.02079,0.020785842,1790759237102,-1.1896876508464524,0.020824164000000003,,
PAPER:PIPPINUSDT:1790759099999:LONG,PIPPINUSDT,TRAIN,RECOVERED_DRAWDOWN,1790.018,True,True,True,False,True,False,2.4458633247199666,-1.733426967849132,-4.179290292569099,CLOSE_ALL_DECAY_AT_T120,2.4458633247199666,0.0,HISTORICAL_CONTINUE,-1.733426967849132,-4.179290292569099,CUT_NEGATIVE_DECAY_AT_T120,-1.733426967849132,0.01909,0.019086182,1790759242422,2.181382375562481,0.019143828,,
PAPER:ZORAUSDT:1790759999999:LONG,ZORAUSDT,TRAIN,STALL_NO_EDGE,9.037,False,False,False,False,False,False,-1.3856629652750365,-1.3856629652750365,0.0,HISTORICAL_CONTINUE,-1.3856629652750365,0.0,HISTORICAL_CONTINUE,-1.3856629652750365,0.0,HISTORICAL_CONTINUE,,,,,,,,
PAPER:GALAUSDT:1790760899999:LONG,GALAUSDT,TRAIN,STALL_NO_EDGE,61.575,True,False,False,False,False,False,-1.164524221123076,-1.164524221123076,0.0,HISTORICAL_CONTINUE,-1.164524221123076,0.0,HISTORICAL_CONTINUE,-1.164524221123076,0.0,HISTORICAL_CONTINUE,,,,,,,,
PAPER:CRVUSDT:1790760899999:LONG,CRVUSDT,TRAIN,STALL_NO_EDGE,18.114,False,False,False,False,False,False,-0.9498100379923309,-0.9498100379923309,0.0,HISTORICAL_CONTINUE,-0.9498100379923309,0.0,HISTORICAL_CONTINUE,-0.9498100379923309,0.0,HISTORICAL_CONTINUE,,,,,,,,
PAPER:LQTYUSDT:1790761199999:LONG,LQTYUSDT,TRAIN,CORRECT_RUNNER,953.956,True,True,False,False,False,False,0.08334095489548304,0.08334095489548304,0.0,HISTORICAL_CONTINUE,0.08334095489548304,0.0,HISTORICAL_CONTINUE,0.08334095489548304,0.0,HISTORICAL_CONTINUE,,,,,,,,
PAPER:SAGAUSDT:1790761799999:LONG,SAGAUSDT,TRAIN,CORRECT_RUNNER,619.961,True,True,False,False,False,False,0.1438217648441037,0.1438217648441037,0.0,HISTORICAL_CONTINUE,0.1438217648441037,0.0,HISTORICAL_CONTINUE,0.1438217648441037,0.0,HISTORICAL_CONTINUE,,,,,,,,
PAPER:NIGHTUSDT:1790761799999:LONG,NIGHTUSDT,TRAIN,STALL_NO_EDGE,289.295,True,True,False,False,False,False,-2.12978686011177,-2.12978686011177,0.0,HISTORICAL_CONTINUE,-2.12978686011177,0.0,HISTORICAL_CONTINUE,-2.12978686011177,0.0,HISTORICAL_CONTINUE,,,,,,,,
PAPER:HUMAUSDT:1790762099999:LONG,HUMAUSDT,TRAIN,RIGHT_THEN_FAILURE,767.846,True,True,True,False,True,False,-3.1411969345007136,-0.3816726944532092,2.7595242400475044,CLOSE_ALL_DECAY_AT_T120,-3.1411969345007136,0.0,HISTORICAL_CONTINUE,-0.3816726944532092,2.7595242400475044,CUT_NEGATIVE_DECAY_AT_T120,-0.3816726944532092,0.030802,0.0307958396,1790762244301,-3.916596046011861,0.0308121612,,
PAPER:CTRUSDT:1790762399999:LONG,CTRUSDT,TRAIN,RIGHT_THEN_FAILURE,285.133,True,True,False,False,False,False,-1.3722381110090274,-1.3722381110090274,0.0,HISTORICAL_CONTINUE,-1.3722381110090274,0.0,HISTORICAL_CONTINUE,-1.3722381110090274,0.0,HISTORICAL_CONTINUE,,,,,,,,
PAPER:BTWUSDT:1790762699999:LONG,BTWUSDT,TRAIN,TRUE_WRONG_DIRECTION,15.121,False,False,False,False,False,False,-7.783660640283197,-7.783660640283197,0.0,HISTORICAL_CONTINUE,-7.783660640283197,0.0,HISTORICAL_CONTINUE,-7.783660640283197,0.0,HISTORICAL_CONTINUE,,,,,,,,
PAPER:NIGHTUSDT:1790762699999:LONG,NIGHTUSDT,TRAIN,CORRECT_RUNNER,9303.077,True,True,False,False,False,False,25.519434159178633,25.519434159178633,0.0,HISTORICAL_CONTINUE,25.519434159178633,0.0,HISTORICAL_CONTINUE,25.519434159178633,0.0,HISTORICAL_CONTINUE,,,,,,,,
PAPER:INITUSDT:1790762699999:LONG,INITUSDT,TRAIN,TRUE_WRONG_DIRECTION,428.882,True,True,False,False,False,False,-2.789491815673294,-2.789491815673294,0.0,HISTORICAL_CONTINUE,-2.789491815673294,0.0,HISTORICAL_CONTINUE,-2.789491815673294,0.0,HISTORICAL_CONTINUE,,,,,,,,
PAPER:CTRUSDT:1790762699999:LONG,CTRUSDT,TRAIN,CORRECT_RUNNER,114.062,True,False,True,False,False,True,0.6774186168209756,0.6774186168209756,0.0,HISTORICAL_CONTINUE,0.6774186168209756,0.0,HISTORICAL_CONTINUE,0.6774186168209756,0.0,HISTORICAL_CONTINUE,,,,,-0.49221652195472143,0.013099619399999998,,
PAPER:NOMUSDT:1790762999999:LONG,NOMUSDT,TRAIN,CORRECT_RUNNER,305.726,True,True,True,True,False,False,2.5995207480741187,2.5995207480741187,0.0,HISTORICAL_CONTINUE,2.5995207480741187,0.0,HISTORICAL_CONTINUE,2.5995207480741187,0.0,HISTORICAL_CONTINUE,,,,,2.708982562461913,0.0021844368,2.0188810774653554,0.0021874374
PAPER:MAGICUSDT:1790763599999:LONG,MAGICUSDT,TRAIN,CORRECT_RUNNER,517.186,True,True,True,True,False,False,5.03076152019173,5.03076152019173,0.0,HISTORICAL_CONTINUE,5.03076152019173,0.0,HISTORICAL_CONTINUE,5.03076152019173,0.0,HISTORICAL_CONTINUE,,,,,4.356168075813759,0.052720542,1.4050805219944695,0.053030603999999995
PAPER:NOMUSDT:1790763899999:LONG,NOMUSDT,TRAIN,STALL_NO_EDGE,28.665,False,False,False,False,False,False,-0.6123605853154198,-0.6123605853154198,0.0,HISTORICAL_CONTINUE,-0.6123605853154198,0.0,HISTORICAL_CONTINUE,-0.6123605853154198,0.0,HISTORICAL_CONTINUE,,,,,,,,
PAPER:MMTUSDT:1790764199999:LONG,MMTUSDT,TRAIN,RIGHT_THEN_FAILURE,849.181,True,True,False,False,False,False,-0.16496165146219388,-0.16496165146219388,0.0,HISTORICAL_CONTINUE,-0.16496165146219388,0.0,HISTORICAL_CONTINUE,-0.16496165146219388,0.0,HISTORICAL_CONTINUE,,,,,,,,
PAPER:PONSUSDT:1790764499999:LONG,PONSUSDT,TRAIN,STALL_NO_EDGE,107.441,True,False,False,False,False,False,-1.8244601079783183,-1.8244601079783183,0.0,HISTORICAL_CONTINUE,-1.8244601079783183,0.0,HISTORICAL_CONTINUE,-1.8244601079783183,0.0,HISTORICAL_CONTINUE,,,,,,,,
PAPER:LITUSDT:1790764499999:LONG,LITUSDT,TRAIN,RIGHT_THEN_FAILURE,293.167,True,True,True,True,False,False,-1.0391161313284685,-1.0391161313284685,0.0,HISTORICAL_CONTINUE,-1.0391161313284685,0.0,HISTORICAL_CONTINUE,-1.0391161313284685,0.0,HISTORICAL_CONTINUE,,,,,-2.7302466603009186,3.9278854199999995,-2.945578588797554,3.9295857599999997
PAPER:RUNEUSDT:1790764799999:LONG,RUNEUSDT,TRAIN,RECOVERED_DRAWDOWN,158.625,True,True,True,True,False,False,3.5030053267030916,3.5030053267030916,0.0,HISTORICAL_CONTINUE,3.5030053267030916,0.0,HISTORICAL_CONTINUE,3.5030053267030916,0.0,HISTORICAL_CONTINUE,,,,,1.9538247873680799,0.7741548,-1.8463291634531112,0.78005598
PAPER:NOMUSDT:1790764799999:LONG,NOMUSDT,TRAIN,TRUE_WRONG_DIRECTION,66.462,True,False,False,False,False,False,-1.3913884552885822,-1.3913884552885822,0.0,HISTORICAL_CONTINUE,-1.3913884552885822,0.0,HISTORICAL_CONTINUE,-1.3913884552885822,0.0,HISTORICAL_CONTINUE,,,,,,,,
PAPER:RUNEUSDT:1790765099999:LONG,RUNEUSDT,TRAIN,TRUE_WRONG_DIRECTION,111.184,True,False,False,False,False,False,-3.5011520045926208,-3.5011520045926208,0.0,HISTORICAL_CONTINUE,-3.5011520045926208,0.0,HISTORICAL_CONTINUE,-3.5011520045926208,0.0,HISTORICAL_CONTINUE,,,,,,,,
PAPER:HUSDT:1790765099999:LONG,HUSDT,TRAIN,STALL_NO_EDGE,15.926,False,False,False,False,False,False,-1.8231658988353483,-1.8231658988353483,0.0,HISTORICAL_CONTINUE,-1.8231658988353483,0.0,HISTORICAL_CONTINUE,-1.8231658988353483,0.0,HISTORICAL_CONTINUE,,,,,,,,
PAPER:PHAUSDT:1790765399999:LONG,PHAUSDT,TRAIN,STALL_NO_EDGE,34.266,False,False,False,False,False,False,-1.1384859692208469,-1.1384859692208469,0.0,HISTORICAL_CONTINUE,-1.1384859692208469,0.0,HISTORICAL_CONTINUE,-1.1384859692208469,0.0,HISTORICAL_CONTINUE,,,,,,,,
PAPER:NEARUSDT:1790765699999:LONG,NEARUSDT,TRAIN,STALL_NO_EDGE,9.503,False,False,False,False,False,False,-1.1381302453688227,-1.1381302453688227,0.0,HISTORICAL_CONTINUE,-1.1381302453688227,0.0,HISTORICAL_CONTINUE,-1.1381302453688227,0.0,HISTORICAL_CONTINUE,,,,,,,,
PAPER:XVSUSDT:1790765699999:LONG,XVSUSDT,TRAIN,CORRECT_RUNNER,622.175,True,True,False,False,False,False,2.521313050428592,2.521313050428592,0.0,HISTORICAL_CONTINUE,2.521313050428592,0.0,HISTORICAL_CONTINUE,2.521313050428592,0.0,HISTORICAL_CONTINUE,,,,,,,,
PAPER:XVSUSDT:1790766299999:LONG,XVSUSDT,TRAIN,TRUE_WRONG_DIRECTION,14.827,False,False,False,False,False,False,-3.435199426799676,-3.435199426799676,0.0,HISTORICAL_CONTINUE,-3.435199426799676,0.0,HISTORICAL_CONTINUE,-3.435199426799676,0.0,HISTORICAL_CONTINUE,,,,,,,,
PAPER:PUNDIXUSDT:1790767499999:LONG,PUNDIXUSDT,TRAIN,STALL_NO_EDGE,49.215,False,False,False,False,False,False,-0.11564722965700747,-0.11564722965700747,0.0,HISTORICAL_CONTINUE,-0.11564722965700747,0.0,HISTORICAL_CONTINUE,-0.11564722965700747,0.0,HISTORICAL_CONTINUE,,,,,,,,
PAPER:XVSUSDT:1790767499999:LONG,XVSUSDT,TRAIN,CORRECT_RUNNER,451.68,True,True,False,True,False,False,2.819178086034797,2.819178086034797,0.0,HISTORICAL_CONTINUE,2.819178086034797,0.0,HISTORICAL_CONTINUE,2.819178086034797,0.0,HISTORICAL_CONTINUE,,,,,,,0.4132499782794527,3.6647328
PAPER:XVSUSDT:1790768399999:LONG,XVSUSDT,TRAIN,RIGHT_THEN_FAILURE,82.938,True,False,False,False,False,False,-0.5470477880230933,-0.5470477880230933,0.0,HISTORICAL_CONTINUE,-0.5470477880230933,0.0,HISTORICAL_CONTINUE,-0.5470477880230933,0.0,HISTORICAL_CONTINUE,,,,,,,,
PAPER:PUNDIXUSDT:1790768399999:LONG,PUNDIXUSDT,TRAIN,TRUE_WRONG_DIRECTION,137.961,True,True,False,False,False,False,-3.792163502324436,-3.792163502324436,0.0,HISTORICAL_CONTINUE,-3.792163502324436,0.0,HISTORICAL_CONTINUE,-3.792163502324436,0.0,HISTORICAL_CONTINUE,,,,,,,,
PAPER:ZENUSDT:1790768699999:LONG,ZENUSDT,TRAIN,CORRECT_RUNNER,430.107,True,True,False,True,False,False,1.952255255030056,1.952255255030056,0.0,HISTORICAL_CONTINUE,1.952255255030056,0.0,HISTORICAL_CONTINUE,1.952255255030056,0.0,HISTORICAL_CONTINUE,,,,,,,-1.0167571143948364,7.461492
PAPER:NOMUSDT:1790769299999:LONG,NOMUSDT,TRAIN,TRUE_WRONG_DIRECTION,57.251,False,False,False,False,False,False,-3.9493607284549315,-3.9493607284549315,0.0,HISTORICAL_CONTINUE,-3.9493607284549315,0.0,HISTORICAL_CONTINUE,-3.9493607284549315,0.0,HISTORICAL_CONTINUE,,,,,,,,
PAPER:WLDUSDT:1790769599999:LONG,WLDUSDT,TRAIN,RIGHT_THEN_FAILURE,63.747,True,False,False,False,False,False,-2.0569783881759918,-2.0569783881759918,0.0,HISTORICAL_CONTINUE,-2.0569783881759918,0.0,HISTORICAL_CONTINUE,-2.0569783881759918,0.0,HISTORICAL_CONTINUE,,,,,,,,
PAPER:HBARUSDT:1790769599999:LONG,HBARUSDT,TRAIN,RIGHT_THEN_FAILURE,2579.194,True,True,False,False,False,False,-1.2241190035518748,-1.2241190035518748,0.0,HISTORICAL_CONTINUE,-1.2241190035518748,0.0,HISTORICAL_CONTINUE,-1.2241190035518748,0.0,HISTORICAL_CONTINUE,,,,,,,,
PAPER:PROMUSDT:1790770199999:LONG,PROMUSDT,TRAIN,TRUE_WRONG_DIRECTION,120.582,True,True,False,False,False,False,-1.3297166179117808,-1.3297166179117808,0.0,HISTORICAL_CONTINUE,-1.3297166179117808,0.0,HISTORICAL_CONTINUE,-1.3297166179117808,0.0,HISTORICAL_CONTINUE,,,,,,,,
PAPER:DUSKUSDT:1790770799999:LONG,DUSKUSDT,TRAIN,RECOVERED_DRAWDOWN,4798.042,True,True,False,False,False,False,7.687597324768268,7.687597324768268,0.0,HISTORICAL_CONTINUE,7.687597324768268,0.0,HISTORICAL_CONTINUE,7.687597324768268,0.0,HISTORICAL_CONTINUE,,,,,,,,
PAPER:ENAUSDT:1790771699999:LONG,ENAUSDT,TRAIN,RIGHT_THEN_FAILURE,419.407,True,True,False,False,False,False,-1.5032849122242489,-1.5032849122242489,0.0,HISTORICAL_CONTINUE,-1.5032849122242489,0.0,HISTORICAL_CONTINUE,-1.5032849122242489,0.0,HISTORICAL_CONTINUE,,,,,,,,
PAPER:CGPTUSDT:1790772299999:LONG,CGPTUSDT,VALIDATION,RIGHT_THEN_FAILURE,1004.822,True,True,False,False,False,False,-0.39563206422185027,-0.39563206422185027,0.0,HISTORICAL_CONTINUE,-0.39563206422185027,0.0,HISTORICAL_CONTINUE,-0.39563206422185027,0.0,HISTORICAL_CONTINUE,,,,,,,,
PAPER:REDUSDT:1790772599999:LONG,REDUSDT,VALIDATION,TRUE_WRONG_DIRECTION,53.997,False,False,False,False,False,False,-2.6294911701515136,-2.6294911701515136,0.0,HISTORICAL_CONTINUE,-2.6294911701515136,0.0,HISTORICAL_CONTINUE,-2.6294911701515136,0.0,HISTORICAL_CONTINUE,,,,,,,,
PAPER:REZUSDT:1790772599999:LONG,REZUSDT,VALIDATION,STALL_NO_EDGE,39.06,False,False,False,False,False,False,-0.6803747822943023,-0.6803747822943023,0.0,HISTORICAL_CONTINUE,-0.6803747822943023,0.0,HISTORICAL_CONTINUE,-0.6803747822943023,0.0,HISTORICAL_CONTINUE,,,,,,,,
PAPER:STXUSDT:1790772599999:LONG,STXUSDT,VALIDATION,CORRECT_RUNNER,628.903,True,True,True,True,False,False,1.9326561252148469,1.9326561252148469,0.0,HISTORICAL_CONTINUE,1.9326561252148469,0.0,HISTORICAL_CONTINUE,1.9326561252148469,0.0,HISTORICAL_CONTINUE,,,,,-0.4966111360304341,0.33066612,-0.4966111360304341,0.33066612
PAPER:SPXUSDT:1790772899999:LONG,SPXUSDT,VALIDATION,STALL_NO_EDGE,44.85,False,False,False,False,False,False,-0.6119801462480849,-0.6119801462480849,0.0,HISTORICAL_CONTINUE,-0.6119801462480849,0.0,HISTORICAL_CONTINUE,-0.6119801462480849,0.0,HISTORICAL_CONTINUE,,,,,,,,
PAPER:APRUSDT:1790772899999:LONG,APRUSDT,VALIDATION,RIGHT_THEN_FAILURE,222.116,True,True,True,False,True,False,-0.34760924623749995,1.4589931290269882,1.8066023752644882,CLOSE_ALL_DECAY_AT_T120,1.4589931290269882,1.8066023752644882,BANK_POSITIVE_DECAY_AT_T120,-0.34760924623749995,0.0,HISTORICAL_CONTINUE,1.4589931290269882,0.125,0.124975,1790773060469,-0.9498100379923833,0.12462492,,
PAPER:FLOCKUSDT:1790773199999:LONG,FLOCKUSDT,VALIDATION,CORRECT_RUNNER,792.859,True,True,True,True,False,False,0.4791604626142402,0.4791604626142402,0.0,HISTORICAL_CONTINUE,0.4791604626142402,0.0,HISTORICAL_CONTINUE,0.4791604626142402,0.0,HISTORICAL_CONTINUE,,,,,-2.3007608650535922,0.070254048,-2.0879389426201094,0.07022404199999999
PAPER:SAFEUSDT:1790773499999:LONG,SAFEUSDT,VALIDATION,CORRECT_RUNNER,962.043,True,True,True,True,False,False,0.3196232813148321,0.3196232813148321,0.0,HISTORICAL_CONTINUE,0.3196232813148321,0.0,HISTORICAL_CONTINUE,0.3196232813148321,0.0,HISTORICAL_CONTINUE,,,,,0.12579555720495134,0.116103216,-0.9068745849351147,0.116343264
PAPER:SYRUPUSDT:1790773499999:LONG,SYRUPUSDT,VALIDATION,TRUE_WRONG_DIRECTION,379.569,True,True,False,False,False,False,-2.9445187347951682,-2.9445187347951682,0.0,HISTORICAL_CONTINUE,-2.9445187347951682,0.0,HISTORICAL_CONTINUE,-2.9445187347951682,0.0,HISTORICAL_CONTINUE,,,,,,,,
PAPER:REDUSDT:1790773799999:LONG,REDUSDT,VALIDATION,STALL_NO_EDGE,1863.722,True,True,False,False,False,False,-13.30502364342967,-13.30502364342967,0.0,HISTORICAL_CONTINUE,-13.30502364342967,0.0,HISTORICAL_CONTINUE,-13.30502364342967,0.0,HISTORICAL_CONTINUE,,,,,,,,
PAPER:SUIUSDT:1790773799999:LONG,SUIUSDT,VALIDATION,TRUE_WRONG_DIRECTION,1861.535,True,True,False,False,False,False,-8.796677917753627,-8.796677917753627,0.0,HISTORICAL_CONTINUE,-8.796677917753627,0.0,HISTORICAL_CONTINUE,-8.796677917753627,0.0,HISTORICAL_CONTINUE,,,,,,,,
PAPER:BOMEUSDT:1790773799999:LONG,BOMEUSDT,VALIDATION,TRUE_WRONG_DIRECTION,582.993,True,True,True,False,True,False,-2.6070351080788567,-0.32534841738001996,2.281686690698837,CLOSE_ALL_DECAY_AT_T120,-2.6070351080788567,0.0,HISTORICAL_CONTINUE,-0.32534841738001996,2.281686690698837,CUT_NEGATIVE_DECAY_AT_T120,-0.32534841738001996,0.001041,0.0010407918000000002,1790773985411,-3.5859314821295847,0.0010422084,,
PAPER:KERNELUSDT:1790773799999:LONG,KERNELUSDT,VALIDATION,STALL_NO_EDGE,21.747,False,False,False,False,False,False,-0.7717935739175029,-0.7717935739175029,0.0,HISTORICAL_CONTINUE,-0.7717935739175029,0.0,HISTORICAL_CONTINUE,-0.7717935739175029,0.0,HISTORICAL_CONTINUE,,,,,,,,
PAPER:ZENUSDT:1790773799999:LONG,ZENUSDT,VALIDATION,TRUE_WRONG_DIRECTION,197.998,True,True,False,False,False,False,-1.6099014865279027,-1.6099014865279027,0.0,HISTORICAL_CONTINUE,-1.6099014865279027,0.0,HISTORICAL_CONTINUE,-1.6099014865279027,0.0,HISTORICAL_CONTINUE,,,,,,,,
PAPER:ENAUSDT:1790774099999:LONG,ENAUSDT,VALIDATION,RIGHT_THEN_FAILURE,832.862,True,True,False,False,False,False,-0.7819986991960608,-0.7819986991960608,0.0,HISTORICAL_CONTINUE,-0.7819986991960608,0.0,HISTORICAL_CONTINUE,-0.7819986991960608,0.0,HISTORICAL_CONTINUE,,,,,,,,
PAPER:MELANIAUSDT:1790774099999:LONG,MELANIAUSDT,VALIDATION,TRUE_WRONG_DIRECTION,112.094,True,False,False,False,False,False,-3.8991713960356704,-3.8991713960356704,0.0,HISTORICAL_CONTINUE,-3.8991713960356704,0.0,HISTORICAL_CONTINUE,-3.8991713960356704,0.0,HISTORICAL_CONTINUE,,,,,,,,
PAPER:ESPUSDT:1790774099999:LONG,ESPUSDT,VALIDATION,TRUE_WRONG_DIRECTION,604.434,True,True,False,False,False,False,-2.6804199945456744,-2.6804199945456744,0.0,HISTORICAL_CONTINUE,-2.6804199945456744,0.0,HISTORICAL_CONTINUE,-2.6804199945456744,0.0,HISTORICAL_CONTINUE,,,,,,,,
PAPER:SPXUSDT:1790774399999:LONG,SPXUSDT,VALIDATION,RIGHT_THEN_FAILURE,515.386,True,True,False,False,False,False,-0.3912938336063674,-0.3912938336063674,0.0,HISTORICAL_CONTINUE,-0.3912938336063674,0.0,HISTORICAL_CONTINUE,-0.3912938336063674,0.0,HISTORICAL_CONTINUE,,,,,,,,
PAPER:LABUSDT:1790774399999:LONG,LABUSDT,VALIDATION,TRUE_WRONG_DIRECTION,102.895,True,False,False,False,False,False,-3.2321294544854178,-3.2321294544854178,0.0,HISTORICAL_CONTINUE,-3.2321294544854178,0.0,HISTORICAL_CONTINUE,-3.2321294544854178,0.0,HISTORICAL_CONTINUE,,,,,,,,
PAPER:ARUSDT:1790774699999:LONG,ARUSDT,VALIDATION,STALL_NO_EDGE,13.417,False,False,False,False,False,False,-0.8368690181004979,-0.8368690181004979,0.0,HISTORICAL_CONTINUE,-0.8368690181004979,0.0,HISTORICAL_CONTINUE,-0.8368690181004979,0.0,HISTORICAL_CONTINUE,,,,,,,,
PAPER:1000PEPEUSDT:1790774699999:LONG,1000PEPEUSDT,VALIDATION,RIGHT_THEN_FAILURE,190.37,True,True,False,True,False,False,-1.4508273496336113,-1.4508273496336113,0.0,HISTORICAL_CONTINUE,-1.4508273496336113,0.0,HISTORICAL_CONTINUE,-1.4508273496336113,0.0,HISTORICAL_CONTINUE,,,,,,,-3.005377808370835,0.00449569896
PAPER:LABUSDT:1790774999999:LONG,LABUSDT,VALIDATION,TRUE_WRONG_DIRECTION,82.467,True,False,False,False,False,False,-1.931174291222496,-1.931174291222496,0.0,HISTORICAL_CONTINUE,-1.931174291222496,0.0,HISTORICAL_CONTINUE,-1.931174291222496,0.0,HISTORICAL_CONTINUE,,,,,,,,
PAPER:ZECUSDT:1790774999999:LONG,ZECUSDT,VALIDATION,STALL_NO_EDGE,17.369,False,False,False,False,False,False,-0.7645445643613817,-0.7645445643613817,0.0,HISTORICAL_CONTINUE,-0.7645445643613817,0.0,HISTORICAL_CONTINUE,-0.7645445643613817,0.0,HISTORICAL_CONTINUE,,,,,,,,
PAPER:FLOCKUSDT:1790776799999:LONG,FLOCKUSDT,VALIDATION,CORRECT_RUNNER,1221.739,True,True,True,True,False,False,4.694781971701664,4.694781971701664,0.0,HISTORICAL_CONTINUE,4.694781971701664,0.0,HISTORICAL_CONTINUE,4.694781971701664,0.0,HISTORICAL_CONTINUE,,,,,2.3012957692394838,0.07221444,1.6060311831133416,0.07231446
PAPER:INITUSDT:1790777099999:LONG,INITUSDT,VALIDATION,TRUE_WRONG_DIRECTION,112.082,True,False,False,False,False,False,-4.501235964526043,-4.501235964526043,0.0,HISTORICAL_CONTINUE,-4.501235964526043,0.0,HISTORICAL_CONTINUE,-4.501235964526043,0.0,HISTORICAL_CONTINUE,,,,,,,,
PAPER:BLURUSDT:1790780099999:LONG,BLURUSDT,VALIDATION,CORRECT_RUNNER,112.182,True,False,False,False,False,False,1.1941300002539204,1.1941300002539204,0.0,HISTORICAL_CONTINUE,1.1941300002539204,0.0,HISTORICAL_CONTINUE,1.1941300002539204,0.0,HISTORICAL_CONTINUE,,,,,,,,
PAPER:GPSUSDT:1790781299999:LONG,GPSUSDT,VALIDATION,TRUE_WRONG_DIRECTION,139.334,True,True,False,False,False,False,-3.9437414877458594,-3.9437414877458594,0.0,HISTORICAL_CONTINUE,-3.9437414877458594,0.0,HISTORICAL_CONTINUE,-3.9437414877458594,0.0,HISTORICAL_CONTINUE,,,,,,,,
PAPER:RIVERUSDT:1790781299999:LONG,RIVERUSDT,VALIDATION,TRUE_WRONG_DIRECTION,90.877,True,False,False,False,False,False,-3.1543353548391373,-3.1543353548391373,0.0,HISTORICAL_CONTINUE,-3.1543353548391373,0.0,HISTORICAL_CONTINUE,-3.1543353548391373,0.0,HISTORICAL_CONTINUE,,,,,,,,
PAPER:ARPAUSDT:1790783699999:LONG,ARPAUSDT,VALIDATION,RIGHT_THEN_FAILURE,97.671,True,False,True,False,False,True,-0.335510911347824,-0.335510911347824,0.0,HISTORICAL_CONTINUE,-0.335510911347824,0.0,HISTORICAL_CONTINUE,-0.335510911347824,0.0,HISTORICAL_CONTINUE,,,,,-3.8293472562585067,0.0114492894,,
PAPER:ARPAUSDT:1790783999999:LONG,ARPAUSDT,VALIDATION,TRUE_WRONG_DIRECTION,3331.429,True,True,False,False,False,False,-12.579486891743203,-12.579486891743203,0.0,HISTORICAL_CONTINUE,-12.579486891743203,0.0,HISTORICAL_CONTINUE,-12.579486891743203,0.0,HISTORICAL_CONTINUE,,,,,,,,
PAPER:BERAUSDT:1790784299999:LONG,BERAUSDT,VALIDATION,TRUE_WRONG_DIRECTION,50.209,False,False,False,False,False,False,-4.548247129110359,-4.548247129110359,0.0,HISTORICAL_CONTINUE,-4.548247129110359,0.0,HISTORICAL_CONTINUE,-4.548247129110359,0.0,HISTORICAL_CONTINUE,,,,,,,,
PAPER:CYSUSDT:1790784299999:LONG,CYSUSDT,VALIDATION,TRUE_WRONG_DIRECTION,46.304,False,False,False,False,False,False,-6.0490462117786405,-6.0490462117786405,0.0,HISTORICAL_CONTINUE,-6.0490462117786405,0.0,HISTORICAL_CONTINUE,-6.0490462117786405,0.0,HISTORICAL_CONTINUE,,,,,,,,
PAPER:PIPPINUSDT:1790784299999:LONG,PIPPINUSDT,VALIDATION,STALL_NO_EDGE,176.816,True,True,False,True,False,False,-1.9628428776719338,-1.9628428776719338,0.0,HISTORICAL_CONTINUE,-1.9628428776719338,0.0,HISTORICAL_CONTINUE,-1.9628428776719338,0.0,HISTORICAL_CONTINUE,,,,,,,-2.46705112142125,0.01975395
PAPER:SUSHIUSDT:1790784299999:LONG,SUSHIUSDT,VALIDATION,STALL_NO_EDGE,10.079,False,False,False,False,False,False,-1.1283036727178994,-1.1283036727178994,0.0,HISTORICAL_CONTINUE,-1.1283036727178994,0.0,HISTORICAL_CONTINUE,-1.1283036727178994,0.0,HISTORICAL_CONTINUE,,,,,,,,
PAPER:QNTUSDT:1790784599999:LONG,QNTUSDT,VALIDATION,RIGHT_THEN_FAILURE,178.461,True,True,True,False,True,False,-3.6333177996092436,-1.1775016056446783,2.4558161939645653,CLOSE_ALL_DECAY_AT_T120,-3.6333177996092436,0.0,HISTORICAL_CONTINUE,-1.1775016056446783,2.4558161939645653,CUT_NEGATIVE_DECAY_AT_T120,-1.1775016056446783,306.94,306.87861200000003,1790784735248,-7.234834750723134,309.171822,,
PAPER:JCTUSDT:1790784599999:LONG,JCTUSDT,VALIDATION,TRUE_WRONG_DIRECTION,61.389,True,False,False,False,False,False,-3.7445788682218835,-3.7445788682218835,0.0,HISTORICAL_CONTINUE,-3.7445788682218835,0.0,HISTORICAL_CONTINUE,-3.7445788682218835,0.0,HISTORICAL_CONTINUE,,,,,,,,
PAPER:SUSHIUSDT:1790784599999:LONG,SUSHIUSDT,VALIDATION,CORRECT_RUNNER,1300.768,True,True,False,False,False,False,3.9984933303501684,3.9984933303501684,0.0,HISTORICAL_CONTINUE,3.9984933303501684,0.0,HISTORICAL_CONTINUE,3.9984933303501684,0.0,HISTORICAL_CONTINUE,,,,,,,,
PAPER:LYNUSDT:1790784899999:LONG,LYNUSDT,VALIDATION,STALL_NO_EDGE,16.469,False,False,False,False,False,False,0.6530522994091245,0.6530522994091245,0.0,HISTORICAL_CONTINUE,0.6530522994091245,0.0,HISTORICAL_CONTINUE,0.6530522994091245,0.0,HISTORICAL_CONTINUE,,,,,,,,
PAPER:MOVEUSDT:1790785499999:LONG,MOVEUSDT,VALIDATION,TRUE_WRONG_DIRECTION,176.371,True,True,False,False,False,False,-2.3458825626752198,-2.3458825626752198,0.0,HISTORICAL_CONTINUE,-2.3458825626752198,0.0,HISTORICAL_CONTINUE,-2.3458825626752198,0.0,HISTORICAL_CONTINUE,,,,,,,,
PAPER:NIGHTUSDT:1790785499999:LONG,NIGHTUSDT,VALIDATION,STALL_NO_EDGE,14.845,False,False,False,False,False,False,0.5402027337955477,0.5402027337955477,0.0,HISTORICAL_CONTINUE,0.5402027337955477,0.0,HISTORICAL_CONTINUE,0.5402027337955477,0.0,HISTORICAL_CONTINUE,,,,,,,,
PAPER:JCTUSDT:1790786099999:LONG,JCTUSDT,VALIDATION,CORRECT_RUNNER,132.676,True,True,True,True,False,False,1.9442101025159384,1.9442101025159384,0.0,HISTORICAL_CONTINUE,1.9442101025159384,0.0,HISTORICAL_CONTINUE,1.9442101025159384,0.0,HISTORICAL_CONTINUE,,,,,0.698457915677661,0.0018183636,-0.12703377775836816,0.0018213641999999999
PAPER:BTWUSDT:1790786099999:LONG,BTWUSDT,VALIDATION,TRUE_WRONG_DIRECTION,51.566,False,False,False,False,False,False,-2.088836622974822,-2.088836622974822,0.0,HISTORICAL_CONTINUE,-2.088836622974822,0.0,HISTORICAL_CONTINUE,-2.088836622974822,0.0,HISTORICAL_CONTINUE,,,,,,,,
PAPER:BERAUSDT:1790786099999:LONG,BERAUSDT,VALIDATION,STALL_NO_EDGE,66.662,True,False,False,False,False,False,-0.8557917416893793,-0.8557917416893793,0.0,HISTORICAL_CONTINUE,-0.8557917416893793,0.0,HISTORICAL_CONTINUE,-0.8557917416893793,0.0,HISTORICAL_CONTINUE,,,,,,,,
PAPER:龙虾USDT:1790786699999:LONG,龙虾USDT,VALIDATION,CORRECT_RUNNER,459.666,True,True,True,True,False,False,2.3815680611528873,2.3815680611528873,0.0,HISTORICAL_CONTINUE,2.3815680611528873,0.0,HISTORICAL_CONTINUE,2.3815680611528873,0.0,HISTORICAL_CONTINUE,,,,,-14.485373010788603,0.053880774,-12.856389347945264,0.053700738
PAPER:NEARUSDT:1790786699999:LONG,NEARUSDT,VALIDATION,RIGHT_THEN_FAILURE,392.177,True,True,False,False,False,False,-0.2652908631541462,-0.2652908631541462,0.0,HISTORICAL_CONTINUE,-0.2652908631541462,0.0,HISTORICAL_CONTINUE,-0.2652908631541462,0.0,HISTORICAL_CONTINUE,,,,,,,,
PAPER:MARSCOINUSDT:1790786699999:LONG,MARSCOINUSDT,VALIDATION,TRUE_WRONG_DIRECTION,71.884,True,False,False,False,False,False,-3.8538566680367867,-3.8538566680367867,0.0,HISTORICAL_CONTINUE,-3.8538566680367867,0.0,HISTORICAL_CONTINUE,-3.8538566680367867,0.0,HISTORICAL_CONTINUE,,,,,,,,
PAPER:PUMPUSDT:1790786999999:LONG,PUMPUSDT,VALIDATION,RIGHT_THEN_FAILURE,126.229,True,True,True,False,True,False,-0.6957789139018073,-0.865132996628847,-0.16935408272703967,CLOSE_ALL_DECAY_AT_T120,-0.6957789139018073,0.0,HISTORICAL_CONTINUE,-0.865132996628847,-0.16935408272703967,CUT_NEGATIVE_DECAY_AT_T120,-0.865132996628847,0.005899,0.0058978202,1790787136054,-5.560920571467296,0.005958191399999999,,
PAPER:STXUSDT:1790788499999:LONG,STXUSDT,VALIDATION,CORRECT_RUNNER,2373.297,True,True,True,True,False,False,6.0356510818492115,6.0356510818492115,0.0,HISTORICAL_CONTINUE,6.0356510818492115,0.0,HISTORICAL_CONTINUE,6.0356510818492115,0.0,HISTORICAL_CONTINUE,,,,,3.548249652067842,0.35537106,3.1231175516864704,0.35567112
PAPER:RUNEUSDT:1790788499999:LONG,RUNEUSDT,VALIDATION,RECOVERED_DRAWDOWN,1473.982,True,True,False,False,False,False,0.139977017325368,0.139977017325368,0.0,HISTORICAL_CONTINUE,0.139977017325368,0.0,HISTORICAL_CONTINUE,0.139977017325368,0.0,HISTORICAL_CONTINUE,,,,,,,,
PAPER:NIGHTUSDT:1790790599999:LONG,NIGHTUSDT,VALIDATION,STALL_NO_EDGE,362.222,True,True,False,False,False,False,-4.296473682067812,-4.296473682067812,0.0,HISTORICAL_CONTINUE,-4.296473682067812,0.0,HISTORICAL_CONTINUE,-4.296473682067812,0.0,HISTORICAL_CONTINUE,,,,,,,,
PAPER:SKYAIUSDT:1790792099999:LONG,SKYAIUSDT,VALIDATION,CORRECT_RUNNER,707.292,True,True,True,True,False,False,1.4141281735571438,1.4141281735571438,0.0,HISTORICAL_CONTINUE,1.4141281735571438,0.0,HISTORICAL_CONTINUE,1.4141281735571438,0.0,HISTORICAL_CONTINUE,,,,,-0.3752297458133263,0.043468691999999996,-0.949810037992386,0.043518702
PAPER:JCTUSDT:1790796299999:LONG,JCTUSDT,VALIDATION,TRUE_WRONG_DIRECTION,24.912,False,False,False,False,False,False,-1.7982107004419434,-1.7982107004419434,0.0,HISTORICAL_CONTINUE,-1.7982107004419434,0.0,HISTORICAL_CONTINUE,-1.7982107004419434,0.0,HISTORICAL_CONTINUE,,,,,,,,
PAPER:CAPUSDT:1790797199999:LONG,CAPUSDT,VALIDATION,TRUE_WRONG_DIRECTION,299.076,True,True,False,False,False,False,-2.3334610454694986,-2.3334610454694986,0.0,HISTORICAL_CONTINUE,-2.3334610454694986,0.0,HISTORICAL_CONTINUE,-2.3334610454694986,0.0,HISTORICAL_CONTINUE,,,,,,,,
PAPER:ARKUSDT:1790799899999:LONG,ARKUSDT,RESERVE,RIGHT_THEN_FAILURE,188.114,True,True,False,False,False,False,-1.1583383010245107,-1.1583383010245107,0.0,HISTORICAL_CONTINUE,-1.1583383010245107,0.0,HISTORICAL_CONTINUE,-1.1583383010245107,0.0,HISTORICAL_CONTINUE,,,,,,,,
PAPER:CAPUSDT:1790800499999:LONG,CAPUSDT,RESERVE,RIGHT_THEN_FAILURE,238.435,True,True,False,False,False,False,-1.4146244330028732,-1.4146244330028732,0.0,HISTORICAL_CONTINUE,-1.4146244330028732,0.0,HISTORICAL_CONTINUE,-1.4146244330028732,0.0,HISTORICAL_CONTINUE,,,,,,,,
PAPER:TRBUSDT:1790800799999:LONG,TRBUSDT,RESERVE,TRUE_WRONG_DIRECTION,171.799,True,True,False,False,False,False,-2.4360563021776884,-2.4360563021776884,0.0,HISTORICAL_CONTINUE,-2.4360563021776884,0.0,HISTORICAL_CONTINUE,-2.4360563021776884,0.0,HISTORICAL_CONTINUE,,,,,,,,
PAPER:TRBUSDT:1790801399999:LONG,TRBUSDT,RESERVE,RECOVERED_DRAWDOWN,1069.543,True,True,True,True,False,False,1.3922962992952483,1.3922962992952483,0.0,HISTORICAL_CONTINUE,1.3922962992952483,0.0,HISTORICAL_CONTINUE,1.3922962992952483,0.0,HISTORICAL_CONTINUE,,,,,0.11669377976224343,21.5453082,-0.25478031684092356,21.561311399999997
PAPER:SOMIUSDT:1790804099999:LONG,SOMIUSDT,RESERVE,TRUE_WRONG_DIRECTION,177.512,True,True,True,False,True,False,-4.680138785511804,-0.9498100379923724,3.730328747519432,CLOSE_ALL_DECAY_AT_T120,-4.680138785511804,0.0,HISTORICAL_CONTINUE,-0.9498100379923724,3.730328747519432,CUT_NEGATIVE_DECAY_AT_T120,-0.9498100379923724,0.2276,0.22755448,1790804238809,-5.985662457600505,0.22814562,,
PAPER:APRUSDT:1790804099999:LONG,APRUSDT,RESERVE,CORRECT_RUNNER,353.143,True,True,True,True,False,False,0.7570429693965213,0.7570429693965213,0.0,HISTORICAL_CONTINUE,0.7570429693965213,0.0,HISTORICAL_CONTINUE,0.7570429693965213,0.0,HISTORICAL_CONTINUE,,,,,-2.6473803641719034,0.14712942,-3.323181612828781,0.14732946
PAPER:ZROUSDT:1790805599999:LONG,ZROUSDT,RESERVE,TRUE_WRONG_DIRECTION,69.276,True,False,False,False,False,False,-4.1699516375276815,-4.1699516375276815,0.0,HISTORICAL_CONTINUE,-4.1699516375276815,0.0,HISTORICAL_CONTINUE,-4.1699516375276815,0.0,HISTORICAL_CONTINUE,,,,,,,,
PAPER:STXUSDT:1790808599999:LONG,STXUSDT,RESERVE,TRUE_WRONG_DIRECTION,181.495,True,True,False,False,False,False,-3.5659713264260846,-3.5659713264260846,0.0,HISTORICAL_CONTINUE,-3.5659713264260846,0.0,HISTORICAL_CONTINUE,-3.5659713264260846,0.0,HISTORICAL_CONTINUE,,,,,,,,
PAPER:BTWUSDT:1790809799999:LONG,BTWUSDT,RESERVE,RIGHT_THEN_FAILURE,2279.744,True,True,False,False,False,False,-0.685223923579787,-0.685223923579787,0.0,HISTORICAL_CONTINUE,-0.685223923579787,0.0,HISTORICAL_CONTINUE,-0.685223923579787,0.0,HISTORICAL_CONTINUE,,,,,,,,
PAPER:MONUSDT:1790810699999:LONG,MONUSDT,RESERVE,CORRECT_RUNNER,610.066,True,True,False,False,False,False,1.1459057365415473,1.1459057365415473,0.0,HISTORICAL_CONTINUE,1.1459057365415473,0.0,HISTORICAL_CONTINUE,1.1459057365415473,0.0,HISTORICAL_CONTINUE,,,,,,,,
PAPER:CYBERUSDT:1790813099999:LONG,CYBERUSDT,RESERVE,TRUE_WRONG_DIRECTION,21.35,False,False,False,False,False,False,-2.7517048905312484,-2.7517048905312484,0.0,HISTORICAL_CONTINUE,-2.7517048905312484,0.0,HISTORICAL_CONTINUE,-2.7517048905312484,0.0,HISTORICAL_CONTINUE,,,,,,,,
PAPER:BROCCOLIF3BUSDT:1790813399999:LONG,BROCCOLIF3BUSDT,RESERVE,TRUE_WRONG_DIRECTION,1181.698,True,True,False,False,False,False,-2.1402133101709464,-2.1402133101709464,0.0,HISTORICAL_CONTINUE,-2.1402133101709464,0.0,HISTORICAL_CONTINUE,-2.1402133101709464,0.0,HISTORICAL_CONTINUE,,,,,,,,
PAPER:MONUSDT:1790813699999:LONG,MONUSDT,RESERVE,TRUE_WRONG_DIRECTION,92.017,True,False,False,False,False,False,-2.974927776453328,-2.974927776453328,0.0,HISTORICAL_CONTINUE,-2.974927776453328,0.0,HISTORICAL_CONTINUE,-2.974927776453328,0.0,HISTORICAL_CONTINUE,,,,,,,,
PAPER:ARIAUSDT:1790814899999:LONG,ARIAUSDT,RESERVE,RECOVERED_DRAWDOWN,1334.424,True,True,False,False,False,False,0.2928846564112496,0.2928846564112496,0.0,HISTORICAL_CONTINUE,0.2928846564112496,0.0,HISTORICAL_CONTINUE,0.2928846564112496,0.0,HISTORICAL_CONTINUE,,,,,,,,
PAPER:STXUSDT:1790816699999:LONG,STXUSDT,RESERVE,STALL_NO_EDGE,17.551,False,False,False,False,False,False,-0.03916238763187774,-0.03916238763187774,0.0,HISTORICAL_CONTINUE,-0.03916238763187774,0.0,HISTORICAL_CONTINUE,-0.03916238763187774,0.0,HISTORICAL_CONTINUE,,,,,,,,
PAPER:PLUMEUSDT:1790817899999:LONG,PLUMEUSDT,RESERVE,RIGHT_THEN_FAILURE,379.573,True,True,True,True,False,False,-4.043822572604715,-4.043822572604715,0.0,HISTORICAL_CONTINUE,-4.043822572604715,0.0,HISTORICAL_CONTINUE,-4.043822572604715,0.0,HISTORICAL_CONTINUE,,,,,-6.590135591978109,0.019483896,-7.096581606755582,0.0195039
PAPER:QNTUSDT:1790818199999:LONG,QNTUSDT,RESERVE,TRUE_WRONG_DIRECTION,59.062,False,False,False,False,False,False,-4.70951467579309,-4.70951467579309,0.0,HISTORICAL_CONTINUE,-4.70951467579309,0.0,HISTORICAL_CONTINUE,-4.70951467579309,0.0,HISTORICAL_CONTINUE,,,,,,,,
PAPER:DEEPUSDT:1790818199999:LONG,DEEPUSDT,RESERVE,TRUE_WRONG_DIRECTION,127.588,True,True,False,False,False,False,-3.787453162776546,-3.787453162776546,0.0,HISTORICAL_CONTINUE,-3.787453162776546,0.0,HISTORICAL_CONTINUE,-3.787453162776546,0.0,HISTORICAL_CONTINUE,,,,,,,,
PAPER:ACUUSDT:1790818199999:LONG,ACUUSDT,RESERVE,RECOVERED_DRAWDOWN,288.427,True,True,False,False,False,False,2.483932139729623,2.483932139729623,0.0,HISTORICAL_CONTINUE,2.483932139729623,0.0,HISTORICAL_CONTINUE,2.483932139729623,0.0,HISTORICAL_CONTINUE,,,,,,,,
PAPER:ACUUSDT:1790818499999:LONG,ACUUSDT,RESERVE,CORRECT_RUNNER,16.331,False,False,False,False,False,False,0.8261298768384411,0.8261298768384411,0.0,HISTORICAL_CONTINUE,0.8261298768384411,0.0,HISTORICAL_CONTINUE,0.8261298768384411,0.0,HISTORICAL_CONTINUE,,,,,,,,
PAPER:PLUMEUSDT:1790819399999:LONG,PLUMEUSDT,RESERVE,CORRECT_RUNNER,842.38,True,True,True,True,False,False,5.443241548822926,5.443241548822926,0.0,HISTORICAL_CONTINUE,5.443241548822926,0.0,HISTORICAL_CONTINUE,5.443241548822926,0.0,HISTORICAL_CONTINUE,,,,,5.692161797819484,0.01955391,2.6048176485699543,0.019673934
PAPER:PLUMEUSDT:1790822399999:LONG,PLUMEUSDT,RESERVE,TRUE_WRONG_DIRECTION,176.372,True,True,False,False,False,False,-1.6824631284010922,-1.6824631284010922,0.0,HISTORICAL_CONTINUE,-1.6824631284010922,0.0,HISTORICAL_CONTINUE,-1.6824631284010922,0.0,HISTORICAL_CONTINUE,,,,,,,,
PAPER:TRUMPUSDT:1790822699999:LONG,TRUMPUSDT,RESERVE,TRUE_WRONG_DIRECTION,177.242,True,True,False,False,False,False,-3.029785377954526,-3.029785377954526,0.0,HISTORICAL_CONTINUE,-3.029785377954526,0.0,HISTORICAL_CONTINUE,-3.029785377954526,0.0,HISTORICAL_CONTINUE,,,,,,,,
PAPER:PLUMEUSDT:1790822999999:LONG,PLUMEUSDT,RESERVE,STALL_NO_EDGE,18.956,False,False,False,False,False,False,-0.22001190361055967,-0.22001190361055967,0.0,HISTORICAL_CONTINUE,-0.22001190361055967,0.0,HISTORICAL_CONTINUE,-0.22001190361055967,0.0,HISTORICAL_CONTINUE,,,,,,,,
PAPER:MARSCOINUSDT:1790823899999:LONG,MARSCOINUSDT,RESERVE,TRUE_WRONG_DIRECTION,64.735,True,False,False,False,False,False,-5.876366095384945,-5.876366095384945,0.0,HISTORICAL_CONTINUE,-5.876366095384945,0.0,HISTORICAL_CONTINUE,-5.876366095384945,0.0,HISTORICAL_CONTINUE,,,,,,,,
PAPER:ESPUSDT:1790823899999:LONG,ESPUSDT,RESERVE,RECOVERED_DRAWDOWN,300.158,True,True,False,False,False,False,2.0590500749690683,2.0590500749690683,0.0,HISTORICAL_CONTINUE,2.0590500749690683,0.0,HISTORICAL_CONTINUE,2.0590500749690683,0.0,HISTORICAL_CONTINUE,,,,,,,,
PAPER:ESPUSDT:1790824199999:LONG,ESPUSDT,RESERVE,STALL_NO_EDGE,63.829,True,False,False,False,False,False,-0.3828998605018583,-0.3828998605018583,0.0,HISTORICAL_CONTINUE,-0.3828998605018583,0.0,HISTORICAL_CONTINUE,-0.3828998605018583,0.0,HISTORICAL_CONTINUE,,,,,,,,
PAPER:LITUSDT:1790824499999:LONG,LITUSDT,RESERVE,CORRECT_RUNNER,461.068,True,True,False,True,False,False,1.3418093949298369,1.3418093949298369,0.0,HISTORICAL_CONTINUE,1.3418093949298369,0.0,HISTORICAL_CONTINUE,1.3418093949298369,0.0,HISTORICAL_CONTINUE,,,,,,,-3.4271054213104852,4.0933185000000005
PAPER:ZETAUSDT:1790824799999:LONG,ZETAUSDT,RESERVE,TRUE_WRONG_DIRECTION,122.223,True,True,False,False,False,False,-2.96843105198542,-2.96843105198542,0.0,HISTORICAL_CONTINUE,-2.96843105198542,0.0,HISTORICAL_CONTINUE,-2.96843105198542,0.0,HISTORICAL_CONTINUE,,,,,,,,
PAPER:ZETAUSDT:1790825399999:LONG,ZETAUSDT,RESERVE,RECOVERED_DRAWDOWN,756.903,True,True,False,False,False,False,0.5033274487128723,0.5033274487128723,0.0,HISTORICAL_CONTINUE,0.5033274487128723,0.0,HISTORICAL_CONTINUE,0.5033274487128723,0.0,HISTORICAL_CONTINUE,,,,,,,,
PAPER:DRIFTUSDT:1790825699999:LONG,DRIFTUSDT,RESERVE,TRUE_WRONG_DIRECTION,182.41,True,True,False,False,False,False,-2.692569923203791,-2.692569923203791,0.0,HISTORICAL_CONTINUE,-2.692569923203791,0.0,HISTORICAL_CONTINUE,-2.692569923203791,0.0,HISTORICAL_CONTINUE,,,,,,,,
PAPER:IOTAUSDT:1790825699999:LONG,IOTAUSDT,RESERVE,STALL_NO_EDGE,238.194,True,True,False,False,False,False,-1.0401546816178997,-1.0401546816178997,0.0,HISTORICAL_CONTINUE,-1.0401546816178997,0.0,HISTORICAL_CONTINUE,-1.0401546816178997,0.0,HISTORICAL_CONTINUE,,,,,,,,
PAPER:SOONUSDT:1790825699999:LONG,SOONUSDT,RESERVE,CORRECT_RUNNER,180.867,True,True,False,False,False,False,1.325114026453214,1.325114026453214,0.0,HISTORICAL_CONTINUE,1.325114026453214,0.0,HISTORICAL_CONTINUE,1.325114026453214,0.0,HISTORICAL_CONTINUE,,,,,,,,