position_id,symbol,side,opened_at_ms,split,final_observed_peak_pct,strong_entry_context
PAPER:PROMUSDT:1791030299999:SHORT,PROMUSDT,SHORT,1791030387672,DEV,1.5055323250274033,True
PAPER:AVAAIUSDT:1791031199999:SHORT,AVAAIUSDT,SHORT,1791031259140,DEV,4.110554095384744,False
PAPER:STXUSDT:1791031499999:LONG,STXUSDT,LONG,1791031545728,DEV,2.6400471047956398,True
PAPER:SYNUSDT:1791032699999:SHORT,SYNUSDT,SHORT,1791032721859,DEV,1.5907391657511427,False
PAPER:BRUSDT:1791033599999:SHORT,BRUSDT,SHORT,1791033627506,DEV,3.4336054915828584,True
PAPER:COMPUSDT:1791033599999:LONG,COMPUSDT,LONG,1791033629137,DEV,2.790686842551171,True
PAPER:API3USDT:1791034199999:LONG,API3USDT,LONG,1791034216017,DEV,1.7137612939839952,True
PAPER:AVAUSDT:1791034499999:LONG,AVAUSDT,LONG,1791034527159,DEV,2.034387643019353,True
PAPER:PARTIUSDT:1791035399999:LONG,PARTIUSDT,LONG,1791035416546,DEV,1.870310021873256,True
PAPER:UAIUSDT:1791036599999:LONG,UAIUSDT,LONG,1791036632243,DEV,6.381993356097171,False
PAPER:MANTRAUSDT:1791037799999:LONG,MANTRAUSDT,LONG,1791037928186,DEV,1.698172438603418,False
PAPER:FLOWUSDT:1791038399999:LONG,FLOWUSDT,LONG,1791038462405,DEV,2.9338901589594846,True
PAPER:OPUSDT:1791038399999:LONG,OPUSDT,LONG,1791038490704,LATE,1.6623070879276503,False
PAPER:ATUSDT:1791039899999:SHORT,ATUSDT,SHORT,1791039928875,LATE,2.6334375202232696,True
PAPER:ONUSDT:1791040499999:SHORT,ONUSDT,SHORT,1791040551366,LATE,2.395938124823027,True
PAPER:USUSDT:1791040799999:SHORT,USUSDT,SHORT,1791040867961,LATE,7.450925017760179,False
PAPER:MORPHOUSDT:1791041099999:LONG,MORPHOUSDT,LONG,1791041138930,LATE,2.2324957762043685,False
PAPER:MEGAUSDT:1791041399999:LONG,MEGAUSDT,LONG,1791041431203,LATE,1.672851884131532,True
PAPER:AIOTUSDT:1791041699999:LONG,AIOTUSDT,LONG,1791041766877,LATE,1.5448206218736216,False
