position_id,symbol,side,opened_at_ms,split,final_observed_peak_pct,v42_label,v42_retention_vs_final_observed_peak
PAPER:PROMUSDT:1791030299999:SHORT,PROMUSDT,SHORT,1791030387672,DEV,1.5055323250274033,CORRECT_FINAL_REVERSAL,0.7951866711797453
PAPER:AVAAIUSDT:1791031199999:SHORT,AVAAIUSDT,SHORT,1791031259140,DEV,4.110554095384744,PREMATURE_FALSE_REVERSAL,0.47726641802142017
PAPER:STXUSDT:1791031499999:LONG,STXUSDT,LONG,1791031545728,DEV,2.6400471047956398,PREMATURE_FALSE_REVERSAL,0.8371597401883698
PAPER:SYNUSDT:1791032699999:SHORT,SYNUSDT,SHORT,1791032721859,DEV,1.5907391657511427,CORRECT_FINAL_REVERSAL,0.8375732475535734
PAPER:BRUSDT:1791033599999:SHORT,BRUSDT,SHORT,1791033627506,DEV,3.4336054915828584,CORRECT_FINAL_REVERSAL,0.8369209856371721
PAPER:COMPUSDT:1791033599999:LONG,COMPUSDT,LONG,1791033629137,DEV,2.790686842551171,PREMATURE_FALSE_REVERSAL,0.5108054444476484
PAPER:API3USDT:1791034199999:LONG,API3USDT,LONG,1791034216017,DEV,1.7137612939839952,PREMATURE_FALSE_REVERSAL,0.7817971189284991
PAPER:AVAUSDT:1791034499999:LONG,AVAUSDT,LONG,1791034527159,DEV,2.034387643019353,PREMATURE_FALSE_REVERSAL,0.8051207188565136
PAPER:PARTIUSDT:1791035399999:LONG,PARTIUSDT,LONG,1791035416546,DEV,1.870310021873256,CORRECT_FINAL_REVERSAL,0.2649517992142333
PAPER:UAIUSDT:1791036599999:LONG,UAIUSDT,LONG,1791036632243,DEV,6.381993356097171,CORRECT_FINAL_REVERSAL,0.8292539250253966
PAPER:MANTRAUSDT:1791037799999:LONG,MANTRAUSDT,LONG,1791037928186,DEV,1.698172438603418,PREMATURE_FALSE_REVERSAL,0.7822762632459317
PAPER:FLOWUSDT:1791038399999:LONG,FLOWUSDT,LONG,1791038462405,DEV,2.9338901589594846,PREMATURE_FALSE_REVERSAL,0.4452240986432669
PAPER:OPUSDT:1791038399999:LONG,OPUSDT,LONG,1791038490704,LATE,1.6623070879276503,CORRECT_FINAL_REVERSAL,0.8943969670808979
PAPER:ATUSDT:1791039899999:SHORT,ATUSDT,SHORT,1791039928875,LATE,2.6334375202232696,CORRECT_FINAL_REVERSAL,0.888044871615452
PAPER:ONUSDT:1791040499999:SHORT,ONUSDT,SHORT,1791040551366,LATE,2.395938124823027,PREMATURE_FALSE_REVERSAL,0.636994312910902
PAPER:USUSDT:1791040799999:SHORT,USUSDT,SHORT,1791040867961,LATE,7.450925017760179,PREMATURE_FALSE_REVERSAL,0.727497654312194
PAPER:MORPHOUSDT:1791041099999:LONG,MORPHOUSDT,LONG,1791041138930,LATE,2.2324957762043685,CORRECT_FINAL_REVERSAL,0.874507861664156
PAPER:MEGAUSDT:1791041399999:LONG,MEGAUSDT,LONG,1791041431203,LATE,1.672851884131532,CORRECT_FINAL_REVERSAL,0.8780779228379534
PAPER:AIOTUSDT:1791041699999:LONG,AIOTUSDT,LONG,1791041766877,LATE,1.5448206218736216,CORRECT_FINAL_REVERSAL,0.8801894314008143
