floor,min_age_seconds,min_velocity_pp_per_sec,reclaim_wait_seconds,n,signals_n,signal_coverage,correct_final_reversal_n,premature_false_reversal_n,precision,premature_share,median_correct_retention,correct_retention_ge80_share,correct_retention_ge75_share,gate_coverage,gate_precision,gate_premature,gate_retention,gate_pass_count,eligible
0.9,10,0.0,0,12,11,0.9166666666666666,3,8,0.2727272727272727,0.7272727272727273,0.7844070222944679,0.3333333333333333,0.6666666666666666,True,False,False,True,2,False
0.9,10,0.0,5,12,11,0.9166666666666666,5,6,0.45454545454545453,0.5454545454545454,0.8369209856371721,1.0,1.0,True,False,False,True,2,False
0.9,10,0.0,10,12,11,0.9166666666666666,5,6,0.45454545454545453,0.5454545454545454,0.8167459689502926,0.6,0.8,True,False,False,True,2,False
0.9,10,0.02,0,12,11,0.9166666666666666,3,8,0.2727272727272727,0.7272727272727273,0.7844070222944679,0.3333333333333333,0.6666666666666666,True,False,False,True,2,False
0.9,10,0.02,5,12,11,0.9166666666666666,5,6,0.45454545454545453,0.5454545454545454,0.8369209856371721,1.0,1.0,True,False,False,True,2,False
0.9,10,0.02,10,12,11,0.9166666666666666,5,6,0.45454545454545453,0.5454545454545454,0.8167459689502926,0.6,0.8,True,False,False,True,2,False
0.9,10,0.03,0,12,11,0.9166666666666666,4,7,0.36363636363636365,0.6363636363636364,0.8085997126447735,0.5,0.75,True,False,False,True,2,False
0.9,10,0.03,5,12,11,0.9166666666666666,5,6,0.45454545454545453,0.5454545454545454,0.8369209856371721,1.0,1.0,True,False,False,True,2,False
0.9,10,0.03,10,12,11,0.9166666666666666,5,6,0.45454545454545453,0.5454545454545454,0.8167459689502926,0.6,0.8,True,False,False,True,2,False
0.9,10,0.04,0,12,11,0.9166666666666666,4,7,0.36363636363636365,0.6363636363636364,0.8085997126447735,0.5,0.75,True,False,False,True,2,False
0.9,10,0.04,5,12,11,0.9166666666666666,5,6,0.45454545454545453,0.5454545454545454,0.8369209856371721,1.0,1.0,True,False,False,True,2,False
0.9,10,0.04,10,12,11,0.9166666666666666,5,6,0.45454545454545453,0.5454545454545454,0.8167459689502926,0.6,0.8,True,False,False,True,2,False
0.9,20,0.0,0,12,11,0.9166666666666666,4,7,0.36363636363636365,0.6363636363636364,0.7971665815243261,0.5,1.0,True,False,False,True,2,False
0.9,20,0.0,5,12,11,0.9166666666666666,5,6,0.45454545454545453,0.5454545454545454,0.8133820291041132,0.6,0.6,True,False,False,True,2,False
0.9,20,0.0,10,12,11,0.9166666666666666,5,6,0.45454545454545453,0.5454545454545454,0.6413961982874201,0.4,0.4,True,False,False,False,1,False
0.9,20,0.02,0,12,11,0.9166666666666666,4,7,0.36363636363636365,0.6363636363636364,0.7833416427701998,0.25,1.0,True,False,False,True,2,False
0.9,20,0.02,5,12,11,0.9166666666666666,5,6,0.45454545454545453,0.5454545454545454,0.8133820291041132,0.6,0.6,True,False,False,True,2,False
0.9,20,0.02,10,12,11,0.9166666666666666,5,6,0.45454545454545453,0.5454545454545454,0.6413961982874201,0.4,0.4,True,False,False,False,1,False
0.9,20,0.03,0,12,11,0.9166666666666666,5,6,0.45454545454545453,0.5454545454545454,0.7844070222944679,0.4,0.8,True,False,False,True,2,False
0.9,20,0.03,5,12,11,0.9166666666666666,5,6,0.45454545454545453,0.5454545454545454,0.8133820291041132,0.6,0.6,True,False,False,True,2,False
0.9,20,0.03,10,12,11,0.9166666666666666,5,6,0.45454545454545453,0.5454545454545454,0.6413961982874201,0.4,0.4,True,False,False,False,1,False
0.9,20,0.04,0,12,10,0.8333333333333334,4,6,0.4,0.6,0.7774834920236715,0.25,0.75,True,False,False,True,2,False
0.9,20,0.04,5,12,10,0.8333333333333334,4,6,0.4,0.6,0.654921779434722,0.5,0.5,True,False,False,False,1,False
0.9,20,0.04,10,12,10,0.8333333333333334,4,6,0.4,0.6,0.5043217708401999,0.25,0.25,True,False,False,False,1,False
0.9,30,0.0,0,12,11,0.9166666666666666,4,7,0.36363636363636365,0.6363636363636364,0.7833416427701998,0.25,0.75,True,False,False,True,2,False
0.9,30,0.0,5,12,11,0.9166666666666666,5,6,0.45454545454545453,0.5454545454545454,0.8133820291041132,0.6,0.6,True,False,False,True,2,False
0.9,30,0.0,10,12,11,0.9166666666666666,5,6,0.45454545454545453,0.5454545454545454,0.6413961982874201,0.4,0.4,True,False,False,False,1,False
0.9,30,0.02,0,12,11,0.9166666666666666,5,6,0.45454545454545453,0.5454545454545454,0.7844070222944679,0.4,0.8,True,False,False,True,2,False
0.9,30,0.02,5,12,11,0.9166666666666666,5,6,0.45454545454545453,0.5454545454545454,0.8133820291041132,0.6,0.6,True,False,False,True,2,False
0.9,30,0.02,10,12,11,0.9166666666666666,5,6,0.45454545454545453,0.5454545454545454,0.6413961982874201,0.4,0.4,True,False,False,False,1,False
0.9,30,0.03,0,12,11,0.9166666666666666,5,6,0.45454545454545453,0.5454545454545454,0.7844070222944679,0.4,0.6,True,False,False,True,2,False
0.9,30,0.03,5,12,11,0.9166666666666666,5,6,0.45454545454545453,0.5454545454545454,0.8133820291041132,0.6,0.6,True,False,False,True,2,False
0.9,30,0.03,10,12,11,0.9166666666666666,5,6,0.45454545454545453,0.5454545454545454,0.6413961982874201,0.4,0.4,True,False,False,False,1,False
0.9,30,0.04,0,12,10,0.8333333333333334,4,6,0.4,0.6,0.6761030100075036,0.25,0.5,True,False,False,False,1,False
0.9,30,0.04,5,12,10,0.8333333333333334,4,6,0.4,0.6,0.6255747977984611,0.5,0.5,True,False,False,False,1,False
0.9,30,0.04,10,12,10,0.8333333333333334,4,6,0.4,0.6,0.5043217708401999,0.25,0.25,True,False,False,False,1,False
0.9,60,0.0,0,12,10,0.8333333333333334,4,6,0.4,0.6,0.766023704148151,0.25,0.5,True,False,False,True,2,False
0.9,60,0.0,5,12,10,0.8333333333333334,4,6,0.4,0.6,0.7821931774760634,0.5,0.5,True,False,False,True,2,False
0.9,60,0.0,10,12,10,0.8333333333333334,4,6,0.4,0.6,0.8234790038970304,0.75,0.75,True,False,False,True,2,False
0.9,60,0.02,0,12,10,0.8333333333333334,4,6,0.4,0.6,0.7528641007535777,0.0,0.5,True,False,False,True,2,False
0.9,60,0.02,5,12,10,0.8333333333333334,4,6,0.4,0.6,0.7407684915288475,0.25,0.25,True,False,False,False,1,False
0.9,60,0.02,10,12,10,0.8333333333333334,4,6,0.4,0.6,0.7753212830030767,0.5,0.5,True,False,False,True,2,False
0.9,60,0.03,0,12,10,0.8333333333333334,5,5,0.5,0.5,0.758087815505321,0.2,0.6,True,False,False,True,2,False
0.9,60,0.03,5,12,10,0.8333333333333334,5,5,0.5,0.5,0.7421238678245923,0.2,0.4,True,False,False,False,1,False
0.9,60,0.03,10,12,10,0.8333333333333334,5,5,0.5,0.5,0.7749922460057231,0.2,0.6,True,False,False,True,2,False
0.9,60,0.04,0,12,9,0.75,4,5,0.4444444444444444,0.5555555555555556,0.7559776927638471,0.0,0.5,True,False,False,True,2,False
0.9,60,0.04,5,12,9,0.75,4,5,0.4444444444444444,0.5555555555555556,0.7585580569151578,0.25,0.5,True,False,False,True,2,False
0.9,60,0.04,10,12,8,0.6666666666666666,4,4,0.5,0.5,0.6586657858463049,0.25,0.5,True,False,False,False,1,False
0.85,10,0.0,0,12,11,0.9166666666666666,4,7,0.36363636363636365,0.6363636363636364,0.8068304736599323,0.5,0.75,True,False,False,True,2,False
0.85,10,0.0,5,12,11,0.9166666666666666,5,6,0.45454545454545453,0.5454545454545454,0.8167459689502926,0.8,0.8,True,False,False,True,2,False
0.85,10,0.0,10,12,11,0.9166666666666666,5,6,0.45454545454545453,0.5454545454545454,0.7338965970558609,0.2,0.4,True,False,False,False,1,False
0.85,10,0.02,0,12,11,0.9166666666666666,4,7,0.36363636363636365,0.6363636363636364,0.8068304736599323,0.5,0.75,True,False,False,True,2,False
0.85,10,0.02,5,12,11,0.9166666666666666,5,6,0.45454545454545453,0.5454545454545454,0.8167459689502926,0.8,0.8,True,False,False,True,2,False
0.85,10,0.02,10,12,11,0.9166666666666666,5,6,0.45454545454545453,0.5454545454545454,0.7338965970558609,0.2,0.4,True,False,False,False,1,False
0.85,10,0.03,0,12,11,0.9166666666666666,4,7,0.36363636363636365,0.6363636363636364,0.8068304736599323,0.5,0.75,True,False,False,True,2,False
0.85,10,0.03,5,12,11,0.9166666666666666,5,6,0.45454545454545453,0.5454545454545454,0.8167459689502926,0.8,0.8,True,False,False,True,2,False
0.85,10,0.03,10,12,11,0.9166666666666666,5,6,0.45454545454545453,0.5454545454545454,0.7338965970558609,0.2,0.4,True,False,False,False,1,False
0.85,10,0.04,0,12,11,0.9166666666666666,4,7,0.36363636363636365,0.6363636363636364,0.8068304736599323,0.5,0.75,True,False,False,True,2,False
0.85,10,0.04,5,12,10,0.8333333333333334,4,6,0.4,0.6,0.8256678544093236,0.75,0.75,True,False,False,True,2,False
0.85,10,0.04,10,12,10,0.8333333333333334,4,6,0.4,0.6,0.6723999383933226,0.25,0.5,True,False,False,False,1,False
0.85,20,0.0,0,12,11,0.9166666666666666,5,6,0.45454545454545453,0.5454545454545454,0.7844070222944679,0.4,1.0,True,False,False,True,2,False
0.85,20,0.0,5,12,11,0.9166666666666666,5,6,0.45454545454545453,0.5454545454545454,0.8133820291041132,0.6,0.6,True,False,False,True,2,False
0.85,20,0.0,10,12,11,0.9166666666666666,5,6,0.45454545454545453,0.5454545454545454,0.6413961982874201,0.2,0.2,True,False,False,False,1,False
0.85,20,0.02,0,12,11,0.9166666666666666,5,6,0.45454545454545453,0.5454545454545454,0.7844070222944679,0.4,1.0,True,False,False,True,2,False
0.85,20,0.02,5,12,11,0.9166666666666666,5,6,0.45454545454545453,0.5454545454545454,0.8133820291041132,0.6,0.6,True,False,False,True,2,False
0.85,20,0.02,10,12,11,0.9166666666666666,5,6,0.45454545454545453,0.5454545454545454,0.6413961982874201,0.2,0.2,True,False,False,False,1,False
0.85,20,0.03,0,12,11,0.9166666666666666,5,6,0.45454545454545453,0.5454545454545454,0.7844070222944679,0.4,0.8,True,False,False,True,2,False
0.85,20,0.03,5,12,11,0.9166666666666666,5,6,0.45454545454545453,0.5454545454545454,0.8133820291041132,0.6,0.6,True,False,False,True,2,False
0.85,20,0.03,10,12,11,0.9166666666666666,5,6,0.45454545454545453,0.5454545454545454,0.6413961982874201,0.2,0.2,True,False,False,False,1,False
0.85,20,0.04,0,12,10,0.8333333333333334,4,6,0.4,0.6,0.7774834920236715,0.25,0.75,True,False,False,True,2,False
0.85,20,0.04,5,12,10,0.8333333333333334,4,6,0.4,0.6,0.654921779434722,0.5,0.5,True,False,False,False,1,False
0.85,20,0.04,10,12,10,0.8333333333333334,4,6,0.4,0.6,0.5043217708401999,0.25,0.25,True,False,False,False,1,False
0.85,30,0.0,0,12,11,0.9166666666666666,5,6,0.45454545454545453,0.5454545454545454,0.7844070222944679,0.4,0.8,True,False,False,True,2,False
0.85,30,0.0,5,12,11,0.9166666666666666,5,6,0.45454545454545453,0.5454545454545454,0.8133820291041132,0.6,0.6,True,False,False,True,2,False
0.85,30,0.0,10,12,11,0.9166666666666666,5,6,0.45454545454545453,0.5454545454545454,0.6413961982874201,0.2,0.2,True,False,False,False,1,False
0.85,30,0.02,0,12,11,0.9166666666666666,5,6,0.45454545454545453,0.5454545454545454,0.7844070222944679,0.4,0.8,True,False,False,True,2,False
0.85,30,0.02,5,12,11,0.9166666666666666,5,6,0.45454545454545453,0.5454545454545454,0.8133820291041132,0.6,0.6,True,False,False,True,2,False
0.85,30,0.02,10,12,11,0.9166666666666666,5,6,0.45454545454545453,0.5454545454545454,0.6413961982874201,0.2,0.2,True,False,False,False,1,False
0.85,30,0.03,0,12,11,0.9166666666666666,5,6,0.45454545454545453,0.5454545454545454,0.7844070222944679,0.4,0.6,True,False,False,True,2,False
0.85,30,0.03,5,12,11,0.9166666666666666,5,6,0.45454545454545453,0.5454545454545454,0.8133820291041132,0.6,0.6,True,False,False,True,2,False
0.85,30,0.03,10,12,11,0.9166666666666666,5,6,0.45454545454545453,0.5454545454545454,0.6413961982874201,0.2,0.2,True,False,False,False,1,False
0.85,30,0.04,0,12,10,0.8333333333333334,4,6,0.4,0.6,0.6761030100075036,0.25,0.5,True,False,False,False,1,False
0.85,30,0.04,5,12,10,0.8333333333333334,4,6,0.4,0.6,0.6255747977984611,0.5,0.5,True,False,False,False,1,False
0.85,30,0.04,10,12,10,0.8333333333333334,4,6,0.4,0.6,0.5043217708401999,0.25,0.25,True,False,False,False,1,False
0.85,60,0.0,0,12,10,0.8333333333333334,4,6,0.4,0.6,0.766023704148151,0.25,0.5,True,False,False,True,2,False
0.85,60,0.0,5,12,10,0.8333333333333334,4,6,0.4,0.6,0.7407684915288475,0.25,0.25,True,False,False,False,1,False
0.85,60,0.0,10,12,10,0.8333333333333334,4,6,0.4,0.6,0.7753212830030767,0.5,0.5,True,False,False,True,2,False
0.85,60,0.02,0,12,10,0.8333333333333334,4,6,0.4,0.6,0.7528641007535777,0.0,0.5,True,False,False,True,2,False
0.85,60,0.02,5,12,10,0.8333333333333334,4,6,0.4,0.6,0.7407684915288475,0.25,0.25,True,False,False,False,1,False
0.85,60,0.02,10,12,10,0.8333333333333334,4,6,0.4,0.6,0.7753212830030767,0.5,0.5,True,False,False,True,2,False
0.85,60,0.03,0,12,10,0.8333333333333334,5,5,0.5,0.5,0.758087815505321,0.2,0.6,True,False,False,True,2,False
0.85,60,0.03,5,12,10,0.8333333333333334,5,5,0.5,0.5,0.7421238678245923,0.2,0.4,True,False,False,False,1,False
0.85,60,0.03,10,12,10,0.8333333333333334,5,5,0.5,0.5,0.7749922460057231,0.2,0.6,True,False,False,True,2,False
0.85,60,0.04,0,12,9,0.75,4,5,0.4444444444444444,0.5555555555555556,0.7559776927638471,0.0,0.5,True,False,False,True,2,False
0.85,60,0.04,5,12,9,0.75,5,4,0.5555555555555556,0.4444444444444444,0.7421238678245923,0.2,0.4,True,False,False,False,1,False
0.85,60,0.04,10,12,8,0.6666666666666666,4,4,0.5,0.5,0.6586657858463049,0.25,0.5,True,False,False,False,1,False
0.8,10,0.0,0,12,11,0.9166666666666666,5,6,0.45454545454545453,0.5454545454545454,0.7694689846133433,0.0,0.6,True,False,False,True,2,False
0.8,10,0.0,5,12,11,0.9166666666666666,5,6,0.45454545454545453,0.5454545454545454,0.7338965970558609,0.0,0.2,True,False,False,False,1,False
0.8,10,0.0,10,12,11,0.9166666666666666,5,6,0.45454545454545453,0.5454545454545454,0.7338965970558609,0.0,0.0,True,False,False,False,1,False
0.8,10,0.02,0,12,11,0.9166666666666666,5,6,0.45454545454545453,0.5454545454545454,0.7694689846133433,0.0,0.6,True,False,False,True,2,False
0.8,10,0.02,5,12,11,0.9166666666666666,5,6,0.45454545454545453,0.5454545454545454,0.6873901823269867,0.0,0.0,True,False,False,False,1,False
0.8,10,0.02,10,12,11,0.9166666666666666,5,6,0.45454545454545453,0.5454545454545454,0.7338965970558609,0.0,0.2,True,False,False,False,1,False
0.8,10,0.03,0,12,11,0.9166666666666666,6,5,0.5454545454545454,0.45454545454545453,0.7557964262189678,0.0,0.5,True,False,False,True,2,False
0.8,10,0.03,5,12,11,0.9166666666666666,6,5,0.5454545454545454,0.45454545454545453,0.6876463976716405,0.0,0.0,True,False,False,False,1,False
0.8,10,0.03,10,12,11,0.9166666666666666,6,5,0.5454545454545454,0.45454545454545453,0.6876463976716405,0.0,0.16666666666666666,True,False,False,False,1,False
0.8,10,0.04,0,12,11,0.9166666666666666,6,5,0.5454545454545454,0.45454545454545453,0.7557964262189678,0.0,0.5,True,False,False,True,2,False
0.8,10,0.04,5,12,9,0.75,4,5,0.4444444444444444,0.5555555555555556,0.6176107288718717,0.0,0.0,True,False,False,False,1,False
0.8,10,0.04,10,12,9,0.75,4,5,0.4444444444444444,0.5555555555555556,0.591022006324232,0.0,0.25,True,False,False,False,1,False
0.8,20,0.0,0,12,11,0.9166666666666666,5,6,0.45454545454545453,0.5454545454545454,0.7705599617528751,0.0,0.8,True,False,False,True,2,False
0.8,20,0.0,5,12,11,0.9166666666666666,5,6,0.45454545454545453,0.5454545454545454,0.7338965970558609,0.0,0.2,True,False,False,False,1,False
0.8,20,0.0,10,12,11,0.9166666666666666,5,6,0.45454545454545453,0.5454545454545454,0.7338965970558609,0.0,0.0,True,False,False,False,1,False
0.8,20,0.02,0,12,11,0.9166666666666666,5,6,0.45454545454545453,0.5454545454545454,0.7705599617528751,0.0,0.8,True,False,False,True,2,False
0.8,20,0.02,5,12,11,0.9166666666666666,5,6,0.45454545454545453,0.5454545454545454,0.6873901823269867,0.0,0.0,True,False,False,False,1,False
0.8,20,0.02,10,12,11,0.9166666666666666,5,6,0.45454545454545453,0.5454545454545454,0.7338965970558609,0.0,0.2,True,False,False,False,1,False
0.8,20,0.03,0,12,11,0.9166666666666666,6,5,0.5454545454545454,0.45454545454545453,0.7501058416649566,0.0,0.5,True,False,False,True,2,False
0.8,20,0.03,5,12,11,0.9166666666666666,6,5,0.5454545454545454,0.45454545454545453,0.6876463976716405,0.0,0.0,True,False,False,False,1,False
0.8,20,0.03,10,12,11,0.9166666666666666,6,5,0.5454545454545454,0.45454545454545453,0.6876463976716405,0.0,0.16666666666666666,True,False,False,False,1,False
0.8,20,0.04,0,12,10,0.8333333333333334,5,5,0.5,0.5,0.7421238678245923,0.0,0.4,True,False,False,False,1,False
0.8,20,0.04,5,12,9,0.75,4,5,0.4444444444444444,0.5555555555555556,0.6176107288718717,0.0,0.0,True,False,False,False,1,False
0.8,20,0.04,10,12,9,0.75,4,5,0.4444444444444444,0.5555555555555556,0.591022006324232,0.0,0.25,True,False,False,False,1,False
0.8,30,0.0,0,12,11,0.9166666666666666,5,6,0.45454545454545453,0.5454545454545454,0.758087815505321,0.0,0.6,True,False,False,True,2,False
0.8,30,0.0,5,12,11,0.9166666666666666,5,6,0.45454545454545453,0.5454545454545454,0.7338965970558609,0.0,0.2,True,False,False,False,1,False
0.8,30,0.0,10,12,11,0.9166666666666666,5,6,0.45454545454545453,0.5454545454545454,0.7338965970558609,0.0,0.0,True,False,False,False,1,False
0.8,30,0.02,0,12,11,0.9166666666666666,5,6,0.45454545454545453,0.5454545454545454,0.758087815505321,0.0,0.6,True,False,False,True,2,False
0.8,30,0.02,5,12,11,0.9166666666666666,5,6,0.45454545454545453,0.5454545454545454,0.6873901823269867,0.0,0.0,True,False,False,False,1,False
0.8,30,0.02,10,12,11,0.9166666666666666,5,6,0.45454545454545453,0.5454545454545454,0.7338965970558609,0.0,0.2,True,False,False,False,1,False
0.8,30,0.03,0,12,11,0.9166666666666666,6,5,0.5454545454545454,0.45454545454545453,0.7109709510048887,0.0,0.3333333333333333,True,False,False,False,1,False
0.8,30,0.03,5,12,11,0.9166666666666666,6,5,0.5454545454545454,0.45454545454545453,0.6876463976716405,0.0,0.0,True,False,False,False,1,False
0.8,30,0.03,10,12,11,0.9166666666666666,6,5,0.5454545454545454,0.45454545454545453,0.6876463976716405,0.0,0.16666666666666666,True,False,False,False,1,False
0.8,30,0.04,0,12,10,0.8333333333333334,5,5,0.5,0.5,0.5742399150337701,0.0,0.2,True,False,False,False,1,False
0.8,30,0.04,5,12,9,0.75,4,5,0.4444444444444444,0.5555555555555556,0.588263747235611,0.0,0.0,True,False,False,False,1,False
0.8,30,0.04,10,12,9,0.75,4,5,0.4444444444444444,0.5555555555555556,0.591022006324232,0.0,0.25,True,False,False,False,1,False
0.8,60,0.0,0,12,10,0.8333333333333334,4,6,0.4,0.6,0.7528641007535777,0.0,0.5,True,False,False,True,2,False
0.8,60,0.0,5,12,10,0.8333333333333334,5,5,0.5,0.5,0.7338965970558609,0.0,0.2,True,False,False,False,1,False
0.8,60,0.0,10,12,10,0.8333333333333334,5,5,0.5,0.5,0.6285889196548186,0.0,0.0,True,False,False,False,1,False
0.8,60,0.02,0,12,10,0.8333333333333334,4,6,0.4,0.6,0.7528641007535777,0.0,0.5,True,False,False,True,2,False
0.8,60,0.02,5,12,10,0.8333333333333334,5,5,0.5,0.5,0.6926253128177867,0.0,0.0,True,False,False,False,1,False
0.8,60,0.02,10,12,10,0.8333333333333334,5,5,0.5,0.5,0.6670107555525969,0.0,0.2,True,False,False,False,1,False
0.8,60,0.03,0,12,10,0.8333333333333334,5,5,0.5,0.5,0.758087815505321,0.0,0.6,True,False,False,True,2,False
0.8,60,0.03,5,12,10,0.8333333333333334,6,4,0.6,0.4,0.6297960230518473,0.0,0.16666666666666666,True,True,True,False,3,False
0.8,60,0.03,10,12,10,0.8333333333333334,6,4,0.6,0.4,0.5413945997912496,0.0,0.16666666666666666,True,True,True,False,3,False
0.8,60,0.04,0,12,9,0.75,5,4,0.5555555555555556,0.4444444444444444,0.7421238678245923,0.0,0.4,True,False,False,False,1,False
0.8,60,0.04,5,12,8,0.6666666666666666,4,4,0.5,0.5,0.5876011613399598,0.0,0.25,True,False,False,False,1,False
0.8,60,0.04,10,12,7,0.5833333333333334,3,4,0.42857142857142855,0.5714285714285714,0.5355344527641106,0.0,0.3333333333333333,True,False,False,False,1,False
