floor,probe_window_seconds,reclaim_fraction_threshold,rebound_velocity_threshold,n,signals_n,signal_coverage,correct_final_reversal_n,premature_false_reversal_n,precision,premature_share,median_correct_retention,correct_retention_ge80_share,correct_retention_ge75_share,gate_coverage,gate_precision,gate_premature,gate_median_retention,gate_ge80_share,gate_pass_count,eligible
0.9,5,0.25,0.0,12,11,0.9166666666666666,5,6,0.45454545454545453,0.5454545454545454,0.8167459689502926,0.8,0.8,True,False,False,True,True,3,False
0.9,5,0.25,0.01,12,11,0.9166666666666666,5,6,0.45454545454545453,0.5454545454545454,0.8167459689502926,0.8,0.8,True,False,False,True,True,3,False
0.9,5,0.25,0.02,12,12,1.0,5,7,0.4166666666666667,0.5833333333333334,0.8167459689502926,0.8,0.8,True,False,False,True,True,3,False
0.9,5,0.5,0.0,12,12,1.0,6,6,0.5,0.5,0.8256678544093236,0.8333333333333334,0.8333333333333334,True,False,False,True,True,3,False
0.9,5,0.5,0.01,12,12,1.0,6,6,0.5,0.5,0.8256678544093236,0.8333333333333334,0.8333333333333334,True,False,False,True,True,3,False
0.9,5,0.5,0.02,12,12,1.0,5,7,0.4166666666666667,0.5833333333333334,0.8167459689502926,0.8,0.8,True,False,False,True,True,3,False
0.9,5,0.75,0.0,12,12,1.0,5,7,0.4166666666666667,0.5833333333333334,0.8345897398683545,0.8,0.8,True,False,False,True,True,3,False
0.9,5,0.75,0.01,12,12,1.0,5,7,0.4166666666666667,0.5833333333333334,0.8345897398683545,0.8,0.8,True,False,False,True,True,3,False
0.9,5,0.75,0.02,12,12,1.0,5,7,0.4166666666666667,0.5833333333333334,0.8345897398683545,0.8,0.8,True,False,False,True,True,3,False
0.9,10,0.25,0.0,12,11,0.9166666666666666,5,6,0.45454545454545453,0.5454545454545454,0.7694689846133433,0.2,0.6,True,False,False,False,False,1,False
0.9,10,0.25,0.01,12,11,0.9166666666666666,5,6,0.45454545454545453,0.5454545454545454,0.7694689846133433,0.2,0.6,True,False,False,False,False,1,False
0.9,10,0.25,0.02,12,12,1.0,5,7,0.4166666666666667,0.5833333333333334,0.7705599617528751,0.4,0.8,True,False,False,False,False,1,False
0.9,10,0.5,0.0,12,12,1.0,6,6,0.5,0.5,0.7700144731831092,0.3333333333333333,0.6666666666666666,True,False,False,False,False,1,False
0.9,10,0.5,0.01,12,12,1.0,6,6,0.5,0.5,0.7700144731831092,0.3333333333333333,0.6666666666666666,True,False,False,False,False,1,False
0.9,10,0.5,0.02,12,12,1.0,5,7,0.4166666666666667,0.5833333333333334,0.7705599617528751,0.4,0.8,True,False,False,False,False,1,False
0.9,10,0.75,0.0,12,12,1.0,5,7,0.4166666666666667,0.5833333333333334,0.7705599617528751,0.4,0.8,True,False,False,False,False,1,False
0.9,10,0.75,0.01,12,12,1.0,5,7,0.4166666666666667,0.5833333333333334,0.7705599617528751,0.4,0.8,True,False,False,False,False,1,False
0.9,10,0.75,0.02,12,12,1.0,5,7,0.4166666666666667,0.5833333333333334,0.7705599617528751,0.4,0.8,True,False,False,False,False,1,False
0.9,15,0.25,0.0,12,9,0.75,3,6,0.3333333333333333,0.6666666666666666,0.5742399150337701,0.3333333333333333,0.3333333333333333,True,False,False,False,False,1,False
0.9,15,0.25,0.01,12,9,0.75,3,6,0.3333333333333333,0.6666666666666666,0.5742399150337701,0.3333333333333333,0.3333333333333333,True,False,False,False,False,1,False
0.9,15,0.25,0.02,12,10,0.8333333333333334,3,7,0.3,0.7,0.8167459689502926,0.6666666666666666,0.6666666666666666,True,False,False,True,True,3,False
0.9,15,0.5,0.0,12,11,0.9166666666666666,5,6,0.45454545454545453,0.5454545454545454,0.8167459689502926,0.6,0.6,True,False,False,True,True,3,False
0.9,15,0.5,0.01,12,11,0.9166666666666666,5,6,0.45454545454545453,0.5454545454545454,0.8167459689502926,0.6,0.6,True,False,False,True,True,3,False
0.9,15,0.5,0.02,12,11,0.9166666666666666,4,7,0.36363636363636365,0.6363636363636364,0.8379329519958905,0.75,0.75,True,False,False,True,True,3,False
0.9,15,0.75,0.0,12,11,0.9166666666666666,4,7,0.36363636363636365,0.6363636363636364,0.8379329519958905,0.75,0.75,True,False,False,True,True,3,False
0.9,15,0.75,0.01,12,11,0.9166666666666666,4,7,0.36363636363636365,0.6363636363636364,0.8379329519958905,0.75,0.75,True,False,False,True,True,3,False
0.9,15,0.75,0.02,12,11,0.9166666666666666,4,7,0.36363636363636365,0.6363636363636364,0.8379329519958905,0.75,0.75,True,False,False,True,True,3,False
0.85,5,0.25,0.0,12,12,1.0,6,6,0.5,0.5,0.8150639990272028,0.6666666666666666,0.6666666666666666,True,False,False,True,True,3,False
0.85,5,0.25,0.01,12,12,1.0,6,6,0.5,0.5,0.8150639990272028,0.6666666666666666,0.6666666666666666,True,False,False,True,True,3,False
0.85,5,0.25,0.02,12,12,1.0,6,6,0.5,0.5,0.8150639990272028,0.6666666666666666,0.6666666666666666,True,False,False,True,True,3,False
0.85,5,0.5,0.0,12,12,1.0,6,6,0.5,0.5,0.8256678544093236,0.8333333333333334,0.8333333333333334,True,False,False,True,True,3,False
0.85,5,0.5,0.01,12,12,1.0,6,6,0.5,0.5,0.8256678544093236,0.8333333333333334,0.8333333333333334,True,False,False,True,True,3,False
0.85,5,0.5,0.02,12,12,1.0,6,6,0.5,0.5,0.8256678544093236,0.8333333333333334,0.8333333333333334,True,False,False,True,True,3,False
0.85,5,0.75,0.0,12,12,1.0,6,6,0.5,0.5,0.8357553627527633,0.8333333333333334,0.8333333333333334,True,False,False,True,True,3,False
0.85,5,0.75,0.01,12,12,1.0,6,6,0.5,0.5,0.8357553627527633,0.8333333333333334,0.8333333333333334,True,False,False,True,True,3,False
0.85,5,0.75,0.02,12,12,1.0,6,6,0.5,0.5,0.8357553627527633,0.8333333333333334,0.8333333333333334,True,False,False,True,True,3,False
0.85,10,0.25,0.0,12,11,0.9166666666666666,5,6,0.45454545454545453,0.5454545454545454,0.7338965970558609,0.2,0.4,True,False,False,False,False,1,False
0.85,10,0.25,0.01,12,11,0.9166666666666666,5,6,0.45454545454545453,0.5454545454545454,0.7338965970558609,0.2,0.4,True,False,False,False,False,1,False
0.85,10,0.25,0.02,12,11,0.9166666666666666,5,6,0.45454545454545453,0.5454545454545454,0.7705599617528751,0.4,0.6,True,False,False,False,False,1,False
0.85,10,0.5,0.0,12,11,0.9166666666666666,5,6,0.45454545454545453,0.5454545454545454,0.8167459689502926,0.6,0.8,True,False,False,True,True,3,False
0.85,10,0.5,0.01,12,11,0.9166666666666666,5,6,0.45454545454545453,0.5454545454545454,0.8167459689502926,0.6,0.8,True,False,False,True,True,3,False
0.85,10,0.5,0.02,12,11,0.9166666666666666,5,6,0.45454545454545453,0.5454545454545454,0.8167459689502926,0.6,0.8,True,False,False,True,True,3,False
0.85,10,0.75,0.0,12,11,0.9166666666666666,5,6,0.45454545454545453,0.5454545454545454,0.8167459689502926,0.6,0.8,True,False,False,True,True,3,False
0.85,10,0.75,0.01,12,11,0.9166666666666666,5,6,0.45454545454545453,0.5454545454545454,0.8167459689502926,0.6,0.8,True,False,False,True,True,3,False
0.85,10,0.75,0.02,12,11,0.9166666666666666,5,6,0.45454545454545453,0.5454545454545454,0.8167459689502926,0.6,0.8,True,False,False,True,True,3,False
0.85,15,0.25,0.0,12,11,0.9166666666666666,6,5,0.5454545454545454,0.45454545454545453,0.6804623325206517,0.16666666666666666,0.3333333333333333,True,False,False,False,False,1,False
0.85,15,0.25,0.01,12,11,0.9166666666666666,6,5,0.5454545454545454,0.45454545454545453,0.6804623325206517,0.16666666666666666,0.3333333333333333,True,False,False,False,False,1,False
0.85,15,0.25,0.02,12,11,0.9166666666666666,5,6,0.45454545454545453,0.5454545454545454,0.6798180341851853,0.4,0.4,True,False,False,False,False,1,False
0.85,15,0.5,0.0,12,11,0.9166666666666666,6,5,0.5454545454545454,0.45454545454545453,0.6804623325206517,0.3333333333333333,0.3333333333333333,True,False,False,False,False,1,False
0.85,15,0.5,0.01,12,11,0.9166666666666666,6,5,0.5454545454545454,0.45454545454545453,0.6804623325206517,0.3333333333333333,0.3333333333333333,True,False,False,False,False,1,False
0.85,15,0.5,0.02,12,11,0.9166666666666666,5,6,0.45454545454545453,0.5454545454545454,0.6798180341851853,0.4,0.4,True,False,False,False,False,1,False
0.85,15,0.75,0.0,12,11,0.9166666666666666,5,6,0.45454545454545453,0.5454545454545454,0.6798180341851853,0.4,0.4,True,False,False,False,False,1,False
0.85,15,0.75,0.01,12,11,0.9166666666666666,5,6,0.45454545454545453,0.5454545454545454,0.6798180341851853,0.4,0.4,True,False,False,False,False,1,False
0.85,15,0.75,0.02,12,11,0.9166666666666666,5,6,0.45454545454545453,0.5454545454545454,0.6798180341851853,0.4,0.4,True,False,False,False,False,1,False
0.8,5,0.25,0.0,12,12,1.0,6,6,0.5,0.5,0.7068573156205231,0.16666666666666666,0.3333333333333333,True,False,False,False,False,1,False
0.8,5,0.25,0.01,12,12,1.0,6,6,0.5,0.5,0.7068573156205231,0.16666666666666666,0.3333333333333333,True,False,False,False,False,1,False
0.8,5,0.25,0.02,12,12,1.0,6,6,0.5,0.5,0.7068573156205231,0.16666666666666666,0.3333333333333333,True,False,False,False,False,1,False
0.8,5,0.5,0.0,12,12,1.0,6,6,0.5,0.5,0.7407684915288475,0.3333333333333333,0.3333333333333333,True,False,False,False,False,1,False
0.8,5,0.5,0.01,12,12,1.0,6,6,0.5,0.5,0.7407684915288475,0.3333333333333333,0.3333333333333333,True,False,False,False,False,1,False
0.8,5,0.5,0.02,12,12,1.0,6,6,0.5,0.5,0.7407684915288475,0.3333333333333333,0.3333333333333333,True,False,False,False,False,1,False
0.8,5,0.75,0.0,12,12,1.0,6,6,0.5,0.5,0.7821931774760634,0.5,0.5,True,False,False,False,True,2,False
0.8,5,0.75,0.01,12,12,1.0,6,6,0.5,0.5,0.7821931774760634,0.5,0.5,True,False,False,False,True,2,False
0.8,5,0.75,0.02,12,12,1.0,6,6,0.5,0.5,0.7821931774760634,0.5,0.5,True,False,False,False,True,2,False
0.8,10,0.25,0.0,12,11,0.9166666666666666,5,6,0.45454545454545453,0.5454545454545454,0.6413961982874201,0.2,0.2,True,False,False,False,False,1,False
0.8,10,0.25,0.01,12,11,0.9166666666666666,5,6,0.45454545454545453,0.5454545454545454,0.6413961982874201,0.2,0.2,True,False,False,False,False,1,False
0.8,10,0.25,0.02,12,11,0.9166666666666666,5,6,0.45454545454545453,0.5454545454545454,0.6413961982874201,0.2,0.2,True,False,False,False,False,1,False
0.8,10,0.5,0.0,12,11,0.9166666666666666,5,6,0.45454545454545453,0.5454545454545454,0.7476403860018342,0.4,0.4,True,False,False,False,False,1,False
0.8,10,0.5,0.01,12,11,0.9166666666666666,5,6,0.45454545454545453,0.5454545454545454,0.7476403860018342,0.4,0.4,True,False,False,False,False,1,False
0.8,10,0.5,0.02,12,11,0.9166666666666666,5,6,0.45454545454545453,0.5454545454545454,0.7476403860018342,0.4,0.4,True,False,False,False,False,1,False
0.8,10,0.75,0.0,12,11,0.9166666666666666,5,6,0.45454545454545453,0.5454545454545454,0.8167459689502926,0.6,0.6,True,False,False,True,True,3,False
0.8,10,0.75,0.01,12,11,0.9166666666666666,5,6,0.45454545454545453,0.5454545454545454,0.8167459689502926,0.6,0.6,True,False,False,True,True,3,False
0.8,10,0.75,0.02,12,11,0.9166666666666666,5,6,0.45454545454545453,0.5454545454545454,0.8167459689502926,0.6,0.6,True,False,False,True,True,3,False
0.8,15,0.25,0.0,12,11,0.9166666666666666,7,4,0.6363636363636364,0.36363636363636365,0.6811066308561181,0.14285714285714285,0.2857142857142857,True,False,False,False,False,1,False
0.8,15,0.25,0.01,12,11,0.9166666666666666,6,5,0.5454545454545454,0.45454545454545453,0.6804623325206517,0.16666666666666666,0.3333333333333333,True,False,False,False,False,1,False
0.8,15,0.25,0.02,12,11,0.9166666666666666,6,5,0.5454545454545454,0.45454545454545453,0.6804623325206517,0.16666666666666666,0.3333333333333333,True,False,False,False,False,1,False
0.8,15,0.5,0.0,12,11,0.9166666666666666,6,5,0.5454545454545454,0.45454545454545453,0.7143735084289762,0.16666666666666666,0.3333333333333333,True,False,False,False,False,1,False
0.8,15,0.5,0.01,12,11,0.9166666666666666,6,5,0.5454545454545454,0.45454545454545453,0.7143735084289762,0.16666666666666666,0.3333333333333333,True,False,False,False,False,1,False
0.8,15,0.5,0.02,12,11,0.9166666666666666,6,5,0.5454545454545454,0.45454545454545453,0.7143735084289762,0.16666666666666666,0.3333333333333333,True,False,False,False,False,1,False
0.8,15,0.75,0.0,12,11,0.9166666666666666,5,6,0.45454545454545453,0.5454545454545454,0.7476403860018342,0.2,0.4,True,False,False,False,False,1,False
0.8,15,0.75,0.01,12,11,0.9166666666666666,5,6,0.45454545454545453,0.5454545454545454,0.7476403860018342,0.2,0.4,True,False,False,False,False,1,False
0.8,15,0.75,0.02,12,11,0.9166666666666666,5,6,0.45454545454545453,0.5454545454545454,0.7476403860018342,0.2,0.4,True,False,False,False,False,1,False
