floor,noise_lookback_samples,reclaim_fraction,required_failed_cycles,min_drawdown_z,n,signals_n,signal_coverage,correct_final_reversal_n,premature_false_reversal_n,precision,premature_share,median_correct_retention,correct_retention_ge80_share,correct_retention_ge75_share,gate_coverage,gate_precision,gate_premature,gate_median_retention,gate_ge80_share,gate_pass_count,eligible
0.9,6,0.25,1,2.0,12,10,0.8333333333333334,4,6,0.4,0.6,0.8213592718746316,0.75,1.0,True,False,False,True,True,3,False
0.9,6,0.25,1,3.0,12,9,0.75,4,5,0.4444444444444444,0.5555555555555556,0.8213592718746316,0.75,0.75,True,False,False,True,True,3,False
0.9,6,0.25,2,2.0,12,10,0.8333333333333334,4,6,0.4,0.6,0.7787832633780093,0.5,0.5,True,False,False,False,True,2,False
0.9,6,0.25,2,3.0,12,9,0.75,4,5,0.4444444444444444,0.5555555555555556,0.7232316575718639,0.25,0.25,True,False,False,False,False,1,False
0.9,6,0.5,1,2.0,12,9,0.75,3,6,0.3333333333333333,0.6666666666666666,0.8099261407541843,1.0,1.0,True,False,False,True,True,3,False
0.9,6,0.5,1,3.0,12,8,0.6666666666666666,3,5,0.375,0.625,0.8099261407541843,1.0,1.0,True,False,False,True,True,3,False
0.9,6,0.5,2,2.0,12,8,0.6666666666666666,2,6,0.25,0.75,0.8183138954593762,1.0,1.0,True,False,False,True,True,3,False
0.9,6,0.5,2,3.0,12,7,0.5833333333333334,2,5,0.2857142857142857,0.7142857142857143,0.8183138954593762,1.0,1.0,True,False,False,True,True,3,False
0.9,12,0.25,1,2.0,12,10,0.8333333333333334,4,6,0.4,0.6,0.8409386593006019,0.75,1.0,True,False,False,True,True,3,False
0.9,12,0.25,1,3.0,12,10,0.8333333333333334,5,5,0.5,0.5,0.8099261407541843,0.6,0.8,True,False,False,True,True,3,False
0.9,12,0.25,2,2.0,12,9,0.75,3,6,0.3333333333333333,0.6666666666666666,0.7476403860018342,0.3333333333333333,0.3333333333333333,True,False,False,False,False,1,False
0.9,12,0.25,2,3.0,12,9,0.75,4,5,0.4444444444444444,0.5555555555555556,0.7232316575718639,0.25,0.25,True,False,False,False,False,1,False
0.9,12,0.5,1,2.0,12,9,0.75,3,6,0.3333333333333333,0.6666666666666666,0.8099261407541843,1.0,1.0,True,False,False,True,True,3,False
0.9,12,0.5,1,3.0,12,8,0.6666666666666666,3,5,0.375,0.625,0.8099261407541843,1.0,1.0,True,False,False,True,True,3,False
0.9,12,0.5,2,2.0,12,9,0.75,3,6,0.3333333333333333,0.6666666666666666,0.8302120388437683,1.0,1.0,True,False,False,True,True,3,False
0.9,12,0.5,2,3.0,12,8,0.6666666666666666,3,5,0.375,0.625,0.8302120388437683,1.0,1.0,True,False,False,True,True,3,False
0.85,6,0.25,1,2.0,12,10,0.8333333333333334,4,6,0.4,0.6,0.796101202000058,0.5,0.75,True,False,False,False,True,2,False
0.85,6,0.25,1,3.0,12,9,0.75,3,6,0.3333333333333333,0.6666666666666666,0.8099261407541843,0.6666666666666666,0.6666666666666666,True,False,False,True,True,3,False
0.85,6,0.25,2,2.0,12,8,0.6666666666666666,2,6,0.25,0.75,0.7227389989161539,0.0,0.5,True,False,False,False,False,1,False
0.85,6,0.25,2,3.0,12,8,0.6666666666666666,2,6,0.25,0.75,0.7227389989161539,0.0,0.5,True,False,False,False,False,1,False
0.85,6,0.5,1,2.0,12,8,0.6666666666666666,2,6,0.25,0.75,0.8079462304096034,1.0,1.0,True,False,False,True,True,3,False
0.85,6,0.5,1,3.0,12,8,0.6666666666666666,2,6,0.25,0.75,0.8079462304096034,1.0,1.0,True,False,False,True,True,3,False
0.85,6,0.5,2,2.0,12,8,0.6666666666666666,3,5,0.375,0.625,0.8306614708537297,1.0,1.0,True,False,False,True,True,3,False
0.85,6,0.5,2,3.0,12,8,0.6666666666666666,3,5,0.375,0.625,0.8306614708537297,1.0,1.0,True,False,False,True,True,3,False
0.85,12,0.25,1,2.0,12,10,0.8333333333333334,4,6,0.4,0.6,0.796101202000058,0.5,0.75,True,False,False,False,True,2,False
0.85,12,0.25,1,3.0,12,9,0.75,3,6,0.3333333333333333,0.6666666666666666,0.8099261407541843,0.6666666666666666,0.6666666666666666,True,False,False,True,True,3,False
0.85,12,0.25,2,2.0,12,9,0.75,3,6,0.3333333333333333,0.6666666666666666,0.758087815505321,0.3333333333333333,0.6666666666666666,True,False,False,False,False,1,False
0.85,12,0.25,2,3.0,12,9,0.75,3,6,0.3333333333333333,0.6666666666666666,0.758087815505321,0.3333333333333333,0.6666666666666666,True,False,False,False,False,1,False
0.85,12,0.5,1,2.0,12,9,0.75,3,6,0.3333333333333333,0.6666666666666666,0.8099261407541843,1.0,1.0,True,False,False,True,True,3,False
0.85,12,0.5,1,3.0,12,9,0.75,3,6,0.3333333333333333,0.6666666666666666,0.8099261407541843,1.0,1.0,True,False,False,True,True,3,False
0.85,12,0.5,2,2.0,12,8,0.6666666666666666,3,5,0.375,0.625,0.8306614708537297,1.0,1.0,True,False,False,True,True,3,False
0.85,12,0.5,2,3.0,12,8,0.6666666666666666,3,5,0.375,0.625,0.8306614708537297,1.0,1.0,True,False,False,True,True,3,False
