lookback_seconds,required_votes,context_mode,n,signals_n,signal_coverage,correct_final_reversal_n,premature_false_reversal_n,precision,premature_share,median_correct_retention,correct_retention_ge80_share,correct_retention_ge75_share,vetoes_started_n,successful_vetoes_n,grace_timeout_close_n,gate_coverage,gate_precision,gate_premature,gate_median_retention,gate_ge80_share,gate_improves_premature,gate_pass_count,eligible
30,2,PATH_ONLY,12,12,1.0,5,7,0.4166666666666667,0.5833333333333334,0.8292539250253966,0.6,0.8,2,0,2,True,False,False,True,True,False,3,False
30,2,CONTEXT_BONUS,12,11,0.9166666666666666,4,7,0.36363636363636365,0.6363636363636364,0.8229999469878446,0.75,0.75,8,0,8,True,False,False,True,True,False,3,False
30,3,PATH_ONLY,12,12,1.0,5,7,0.4166666666666667,0.5833333333333334,0.8292539250253966,0.6,0.8,1,0,1,True,False,False,True,True,False,3,False
30,3,CONTEXT_BONUS,12,12,1.0,5,7,0.4166666666666667,0.5833333333333334,0.8292539250253966,0.6,0.8,1,0,1,True,False,False,True,True,False,3,False
30,4,PATH_ONLY,12,12,1.0,5,7,0.4166666666666667,0.5833333333333334,0.8292539250253966,0.6,0.8,0,0,0,True,False,False,True,True,False,3,False
30,4,CONTEXT_BONUS,12,12,1.0,5,7,0.4166666666666667,0.5833333333333334,0.8292539250253966,0.6,0.8,1,0,1,True,False,False,True,True,False,3,False
60,2,PATH_ONLY,12,11,0.9166666666666666,5,6,0.45454545454545453,0.5454545454545454,0.7822762632459317,0.2,0.8,8,1,7,True,False,False,False,False,True,2,False
60,2,CONTEXT_BONUS,12,11,0.9166666666666666,5,6,0.45454545454545453,0.5454545454545454,0.7822762632459317,0.4,0.8,11,1,10,True,False,False,False,False,True,2,False
60,3,PATH_ONLY,12,12,1.0,6,6,0.5,0.5,0.8330874553312844,0.6666666666666666,0.8333333333333334,2,1,1,True,False,False,True,True,True,4,False
60,3,CONTEXT_BONUS,12,11,0.9166666666666666,5,6,0.45454545454545453,0.5454545454545454,0.8292539250253966,0.6,0.8,6,1,5,True,False,False,True,True,True,4,False
60,4,PATH_ONLY,12,12,1.0,5,7,0.4166666666666667,0.5833333333333334,0.8292539250253966,0.6,0.8,0,0,0,True,False,False,True,True,False,3,False
60,4,CONTEXT_BONUS,12,12,1.0,5,7,0.4166666666666667,0.5833333333333334,0.8292539250253966,0.6,0.8,0,0,0,True,False,False,True,True,False,3,False
