position_id,symbol,side,opened_at_ms,clean_mfe_pct,observed_gross_peak_pct,observable_net_peak_pct,actual_realized_pct,actual_realized_usdt,protected_pct,protected_usdt,delta_usdt,retention_vs_observed_net_peak,small_reduce,runner_close,protection_actions,actual_win,v42_win,retention_vs_true_pct,retention_band,impact_class,target75_pct,target80_pct,shortfall75_pp,shortfall80_pp,observed_capture_true_pct,lower_tail_lt75,failure_mechanism,failure_explanation,mfe_band_d1,stage3a_class,target80_observable_5s
PAPER:TAKEUSDT:1791030299999:LONG,TAKEUSDT,LONG,1791030387498,0.20078003326780003,0.07462229951487043,-0.09543358047631995,-0.8359062595997998,-4.179531297998999,-0.8359062595997998,-4.179531297998999,0.0,,False,False,NO_ACTION,False,False,-416.32937598175886,<0%,UNCHANGED,0.15058502495085002,0.16062402661424002,0.9864912845506498,0.9965302862140398,37.1661954131362,True,BELOW_ACTIVATION_FLOOR,True peak never reached the +0.50% activation floor.,0-0.3,,False
PAPER:PROMUSDT:1791030299999:SHORT,PROMUSDT,SHORT,1791030387672,1.5217614348766366,1.5055323250274033,0.9308345581172188,0.5165990446994263,2.5829952234971314,0.8130617160670622,4.065308580335311,1.4823133568381799,0.8734760747512711,True,True,REDUCE25+RUNNER_CLOSE,True,True,53.42898679338487,50-<75%,HELPED,1.1413210761574775,1.2174091479013094,0.32825936009041523,0.40434743183424715,98.93353126992939,True,POST_PEAK_RUNNER_GIVEBACK,Runner close occurred after the final observed peak and retained <75%.,1.5-2,RUNNER_TRIGGER_DELAY,True
PAPER:TUSDT:1791030299999:SHORT,TUSDT,SHORT,1791030387836,1.2444482300637545,1.189472046113138,0.9105303838341885,0.6078740761893715,3.0393703809468575,0.610166927004863,3.050834635024315,0.011464254077457436,0.670122532798397,True,False,REDUCE25,True,True,49.0311217666004,25-<50%,HELPED,0.9333361725478159,0.9955585840510036,0.3231692455429529,0.38539165704614065,95.58228437129924,True,PARTIAL_REDUCE_AFTER_PEAK,The 25% reduce fired after the final observed peak; remainder later gave back.,1-1.5,PARTIAL_REDUCE_DRAG,True
PAPER:C98USDT:1791030299999:SHORT,C98USDT,SHORT,1791030388004,0.5325927063865858,0.2255945357272804,0.05579388437539902,-0.06712206161306541,-0.33561030806532705,-0.06712206161306541,-0.33561030806532705,0.0,-1.2030361815543584,False,False,NO_ACTION,False,False,-12.602887874387156,<0%,UNCHANGED,0.3994445297899394,0.4260741651092687,0.4665665914030048,0.4931962267223341,42.35779668442007,True,ACTIVATION_OBSERVATION_MISS,True MFE cleared +0.50% but the 5s observer never saw +0.50%.,0.5-1,,False
PAPER:RAYSOLUSDT:1791030299999:LONG,RAYSOLUSDT,LONG,1791030388167,0.3865045416249213,0.3291162297532013,0.15881861870237474,-0.8588563594082889,-4.294281797041444,-0.8588563594082889,-4.294281797041444,0.0,-5.407781319504996,False,False,NO_ACTION,False,False,-222.211194672521,<0%,UNCHANGED,0.289878406218691,0.30920363329993705,1.1487347656269797,1.1680599927082258,85.15196959123656,True,BELOW_ACTIVATION_FLOOR,True peak never reached the +0.50% activation floor.,0.3-0.5,,True
PAPER:CHRUSDT:1791030299999:SHORT,CHRUSDT,SHORT,1791030388748,0.6357215499043936,0.6357215499043889,0.20377114540041902,-0.015011717378428857,-0.07505858689214429,0.0013969973299843535,0.006984986649921768,0.08204357354206605,0.006855717119512647,True,False,REDUCE25,False,True,0.2197498779449035,0-<25%,HELPED,0.47679116242829517,0.5085772399235149,0.47539416509831084,0.5071802425935306,99.99999999999926,True,PARTIAL_REDUCE_AFTER_PEAK,The 25% reduce fired after the final observed peak; remainder later gave back.,0.5-1,PARTIAL_REDUCE_DRAG,True
PAPER:MASKUSDT:1791030299999:SHORT,MASKUSDT,SHORT,1791030431096,0.4782276505114329,0.4159486940974788,0.24632890774917376,-0.13808956529785044,-0.6904478264892522,-0.13808956529785044,-0.6904478264892522,0.0,-0.5605901741685193,False,False,NO_ACTION,False,False,-28.875278363802835,<0%,UNCHANGED,0.3586707378835747,0.38258212040914635,0.4967603031814251,0.5206716857069968,86.97713184351619,True,BELOW_ACTIVATION_FLOOR,True peak never reached the +0.50% activation floor.,0.3-0.5,,True
PAPER:2ZUSDT:1791030599999:SHORT,2ZUSDT,SHORT,1791030623638,0.04643975739345436,0.0021439185977079056,-0.1678690443580371,-0.6334172724713161,-3.1670863623565806,-0.6334172724713161,-3.1670863623565806,0.0,,False,False,NO_ACTION,False,False,-1363.9547405572703,<0%,UNCHANGED,0.03482981804509077,0.03715180591476349,0.6682470905164068,0.6705690783860796,4.61655856542026,True,BELOW_ACTIVATION_FLOOR,True peak never reached the +0.50% activation floor.,0-0.3,,False
PAPER:ARKUSDT:1791030599999:LONG,ARKUSDT,LONG,1791030639478,0.11126877469145313,-0.23877062661865622,-0.40852883033896026,-0.18996200759846446,-0.9498100379923222,-0.18996200759846446,-0.9498100379923222,0.0,,False,False,NO_ACTION,False,False,-170.72355485645153,<0%,UNCHANGED,0.08345158101858985,0.0890150197531625,0.27341358861705434,0.278977027351627,-214.58906802987997,True,BELOW_ACTIVATION_FLOOR,True peak never reached the +0.50% activation floor.,0-0.3,,False
PAPER:ICPUSDT:1791030599999:SHORT,ICPUSDT,SHORT,1791030639985,0.13297856879422754,0.13297856879422865,-0.12878683720835993,-0.45035548177239265,-2.251777408861963,-0.45035548177239265,-2.251777408861963,0.0,,False,False,NO_ACTION,False,False,-338.6677160507552,<0%,UNCHANGED,0.09973392659567065,0.10638285503538203,0.5500894083680633,0.5567383368077747,100.00000000000084,True,BELOW_ACTIVATION_FLOOR,True peak never reached the +0.50% activation floor.,0-0.3,,True
PAPER:ALCHUSDT:1791030599999:SHORT,ALCHUSDT,SHORT,1791030647073,0.040601939818374046,0.040601939818374344,-0.12937448224851214,-0.6146826850726615,-3.073413425363308,-0.6146826850726615,-3.073413425363308,0.0,,False,False,NO_ACTION,False,False,-1513.924427804044,<0%,UNCHANGED,0.030451454863780536,0.03248155185469924,0.6451341399364421,0.6471642369273608,100.00000000000074,True,BELOW_ACTIVATION_FLOOR,True peak never reached the +0.50% activation floor.,0-0.3,,True
PAPER:1000SATSUSDT:1791030599999:SHORT,1000SATSUSDT,SHORT,1791030650699,0.14356100983075173,0.14356100983075049,-0.02631758567575815,-0.4765487459715844,-2.382743729857922,-0.4765487459715844,-2.382743729857922,0.0,,False,False,NO_ACTION,False,False,-331.94858864074695,<0%,UNCHANGED,0.10767075737306381,0.11484880786460139,0.5842195033446482,0.5913975538361858,99.99999999999913,True,BELOW_ACTIVATION_FLOOR,True peak never reached the +0.50% activation floor.,0-0.3,,True
PAPER:SPXUSDT:1791030599999:SHORT,SPXUSDT,SHORT,1791030654313,0.3946344312621141,0.325528025918409,-0.2822674299945154,-0.6165990861691453,-3.082995430845726,-0.6165990861691453,-3.082995430845726,0.0,,False,False,NO_ACTION,False,False,-156.24563832333308,<0%,UNCHANGED,0.2959758234465856,0.31570754500969134,0.9125749096157308,0.9323066311788366,82.48850078218213,True,BELOW_ACTIVATION_FLOOR,True peak never reached the +0.50% activation floor.,0.3-0.5,,True
PAPER:BOMEUSDT:1791030599999:SHORT,BOMEUSDT,SHORT,1791030656329,0.9302810657140913,0.9302810657140892,0.4157185480000338,0.06528087120574387,0.3264043560287193,0.1015762020165829,0.5078810100829145,0.18147665405419522,0.24433887423414805,True,False,REDUCE25,True,True,10.91887234516723,0-<25%,HELPED,0.6977107992855685,0.7442248525712731,0.5961345972689855,0.6426486505546902,99.99999999999979,True,PARTIAL_REDUCE_AFTER_PEAK,The 25% reduce fired after the final observed peak; remainder later gave back.,0.5-1,PARTIAL_REDUCE_DRAG,True
PAPER:BERAUSDT:1791030599999:SHORT,BERAUSDT,SHORT,1791030660863,0.02415494136355687,0.02415494136355223,-0.14583710781891038,-0.5436452058623603,-2.7182260293118015,-0.5436452058623603,-2.7182260293118015,0.0,,False,False,NO_ACTION,False,False,-2250.658354661008,<0%,UNCHANGED,0.018116206022667655,0.0193239530908455,0.5617614118850279,0.5629691589532058,99.99999999998079,True,BELOW_ACTIVATION_FLOOR,True peak never reached the +0.50% activation floor.,0-0.3,,True
PAPER:CLOUSDT:1791030599999:SHORT,CLOUSDT,SHORT,1791030661032,0.562071677187042,0.04467107453175467,-0.12530148124678128,0.0041715714626972215,0.020857857313486106,0.0041715714626972215,0.020857857313486106,0.0,,False,False,NO_ACTION,True,True,0.7421778452837853,0-<25%,UNCHANGED,0.4215537578902815,0.4496573417496336,0.4173821864275843,0.4454857702869364,7.947576144614981,True,ACTIVATION_OBSERVATION_MISS,True MFE cleared +0.50% but the 5s observer never saw +0.50%.,0.5-1,,False
PAPER:RONINUSDT:1791030599999:SHORT,RONINUSDT,SHORT,1791030666899,0.4201447269727042,0.42014472697270433,0.10620527633599249,-0.19763398924094466,-0.9881699462047233,-0.19763398924094466,-0.9881699462047233,0.0,-1.8608678971438954,False,False,NO_ACTION,False,False,-47.039502474532895,<0%,UNCHANGED,0.31510854522952814,0.3361157815781634,0.5127425344704728,0.5337497708191081,100.00000000000003,True,BELOW_ACTIVATION_FLOOR,True peak never reached the +0.50% activation floor.,0.3-0.5,,True
PAPER:BABYUSDT:1791030599999:SHORT,BABYUSDT,SHORT,1791030671098,0.13108361853639602,0.055539808868121376,-0.11442241998248477,-0.4925003580776473,-2.4625017903882367,-0.4925003580776473,-2.4625017903882367,0.0,,False,False,NO_ACTION,False,False,-375.7146496081065,<0%,UNCHANGED,0.09831271390229701,0.10486689482911682,0.5908130719799443,0.5973672529067642,42.369755647766524,True,BELOW_ACTIVATION_FLOOR,True peak never reached the +0.50% activation floor.,0-0.3,,False
PAPER:LQTYUSDT:1791030599999:SHORT,LQTYUSDT,SHORT,1791030676921,0.23922711108097128,0.23922711108097516,0.06943941272056196,-0.23328424432185646,-1.1664212216092822,-0.23328424432185646,-1.1664212216092822,0.0,-3.359536539582193,False,False,NO_ACTION,False,False,-97.51580549033034,<0%,UNCHANGED,0.17942033331072846,0.19138168886477702,0.41270457763258495,0.4246659331866335,100.00000000000162,True,BELOW_ACTIVATION_FLOOR,True peak never reached the +0.50% activation floor.,0-0.3,,True
PAPER:STXUSDT:1791030599999:LONG,STXUSDT,LONG,1791030690888,0.8979948541752547,0.7899959300605497,0.6192605524263799,0.02583067507481342,0.1291533753740671,-0.007886931592892521,-0.039434657964462605,-0.1685880333385297,-0.012736047148474148,True,False,REDUCE25,True,False,-0.8782824930701986,<0%,HARMED,0.673496140631441,0.7183958833402038,0.6813830722243336,0.7262828149330963,87.97332483448422,True,PARTIAL_REDUCE_AFTER_PEAK,The 25% reduce fired after the final observed peak; remainder later gave back.,0.5-1,PARTIAL_REDUCE_DRAG,True
PAPER:FILUSDT:1791030599999:SHORT,FILUSDT,SHORT,1791030691365,0.5193149120789976,0.5193149120789942,0.21246782111128434,-0.033771038807147796,-0.16885519403573898,-0.002991181317346414,-0.01495590658673207,0.1538992874490069,-0.014078279250483404,True,False,REDUCE25,False,False,-0.5759860246207217,<0%,HELPED,0.3894861840592482,0.4154519296631981,0.3924773653765946,0.41844311098054454,99.99999999999933,True,PARTIAL_REDUCE_AFTER_PEAK,The 25% reduce fired after the final observed peak; remainder later gave back.,0.5-1,PARTIAL_REDUCE_DRAG,True
PAPER:ELSAUSDT:1791030599999:SHORT,ELSAUSDT,SHORT,1791030767395,0.09292788177507333,0.09292788177507338,-0.07699882279805435,-0.5668352902797332,-2.8341764513986663,-0.5668352902797332,-2.8341764513986663,0.0,,False,False,NO_ACTION,False,False,-609.9733249615286,<0%,UNCHANGED,0.069695911331305,0.07434230542005867,0.6365312016110383,0.6411775956997919,100.00000000000006,True,BELOW_ACTIVATION_FLOOR,True peak never reached the +0.50% activation floor.,0-0.3,,True
PAPER:LYNUSDT:1791030899999:SHORT,LYNUSDT,SHORT,1791030933629,0.4910471145324048,0.12601060358058414,-0.04388466744442414,-0.04388466744442414,-0.2194233372221207,-0.04388466744442414,-0.2194233372221207,0.0,,False,False,NO_ACTION,False,False,-8.936956586378258,<0%,UNCHANGED,0.36828533589930357,0.39283769162592386,0.4121700033437277,0.436722359070348,25.66161165626166,True,BELOW_ACTIVATION_FLOOR,True peak never reached the +0.50% activation floor.,0.3-0.5,,False
PAPER:CUSDT:1791030899999:LONG,CUSDT,LONG,1791030948559,0.5052576067934522,0.11131740109848742,-0.05877333373495036,-0.9468197414265391,-4.734098707132696,-0.9468197414265391,-4.734098707132696,0.0,,False,False,NO_ACTION,False,False,-187.39346596588624,<0%,UNCHANGED,0.37894320509508916,0.4042060854347618,1.3257629465216283,1.351025826861301,22.031811021104257,True,ACTIVATION_OBSERVATION_MISS,True MFE cleared +0.50% but the 5s observer never saw +0.50%.,0.5-1,,False
PAPER:BATUSDT:1791030899999:SHORT,BATUSDT,SHORT,1791030953879,0.06560207944017078,0.05490131941012777,-0.11506151610122192,-0.7148734481035509,-3.5743672405177547,-0.7148734481035509,-3.5743672405177547,0.0,,False,False,NO_ACTION,False,False,-1089.7115673833432,<0%,UNCHANGED,0.04920155958012809,0.052481663552136626,0.764075007683679,0.7673551116556876,83.68838286627465,True,BELOW_ACTIVATION_FLOOR,True peak never reached the +0.50% activation floor.,0-0.3,,True
PAPER:ARUSDT:1791030899999:SHORT,ARUSDT,SHORT,1791030957511,0.7605553193881889,0.5003688793253969,0.3308293048160937,-0.5806884919147305,-2.903442459573652,-0.542708583717608,-2.7135429185880398,0.18989954098561235,-1.6404489439631018,True,False,REDUCE25,False,False,-71.35688488171739,<0%,HELPED,0.5704164895411417,0.6084442555105511,1.1131250732587497,1.1511528392281591,65.78993882100607,True,PEAK_OBSERVATION_MISS,Observed peak captured less than 80% of true MFE.,0.5-1,OBSERVATION_MISS,False
PAPER:SOLVUSDT:1791030899999:SHORT,SOLVUSDT,SHORT,1791030963711,0.09791630573226773,0.09791630573227073,-0.07200565908984238,-0.07200565908984238,-0.3600282954492119,-0.07200565908984238,-0.3600282954492119,0.0,,False,False,NO_ACTION,False,False,-73.53796546075507,<0%,UNCHANGED,0.0734372292992008,0.0783330445858142,0.14544288838904318,0.15033870367565658,100.00000000000306,True,BELOW_ACTIVATION_FLOOR,True peak never reached the +0.50% activation floor.,0-0.3,,True
PAPER:SOONUSDT:1791031199999:LONG,SOONUSDT,LONG,1791031231329,0.43180093380581486,0.3786483532639551,0.2083036941256194,-0.16341096081684725,-0.8170548040842363,-0.16341096081684725,-0.8170548040842363,0.0,-0.7844842190763108,False,False,NO_ACTION,False,False,-37.844049890437425,<0%,UNCHANGED,0.32385070035436114,0.3454407470446519,0.4872616611712084,0.5088517078614991,87.69048967231669,True,BELOW_ACTIVATION_FLOOR,True peak never reached the +0.50% activation floor.,0.3-0.5,,True
PAPER:GUAUSDT:1791031199999:SHORT,GUAUSDT,SHORT,1791031241333,0.09482952847747854,0.09482952847748027,-0.07509536924603943,-0.46302677369569906,-2.3151338684784952,-0.46302677369569906,-2.3151338684784952,0.0,,False,False,NO_ACTION,False,False,-488.27277866900414,<0%,UNCHANGED,0.0711221463581089,0.07586362278198283,0.534148920053808,0.5388903964776819,100.00000000000183,True,BELOW_ACTIVATION_FLOOR,True peak never reached the +0.50% activation floor.,0-0.3,,True
PAPER:EDGEUSDT:1791031199999:SHORT,EDGEUSDT,SHORT,1791031246685,0.7388411296590158,0.738841129659018,0.5695281395583615,-0.010696000633221332,-0.053480003166106654,0.03677688356427298,0.1838844178213649,0.23736442098747154,0.06457430460379268,True,False,REDUCE25,False,True,4.97764432541079,0-<25%,HELPED,0.5541308472442619,0.5910729037272127,0.5173539636799889,0.5542960201629397,100.0000000000003,True,PARTIAL_REDUCE_AFTER_PEAK,The 25% reduce fired after the final observed peak; remainder later gave back.,0.5-1,PARTIAL_REDUCE_DRAG,True
PAPER:WAXPUSDT:1791031199999:SHORT,WAXPUSDT,SHORT,1791031255103,0.15796753656780602,0.1579675365678046,-0.011897370577327315,-0.42485975640615087,-2.1242987820307544,-0.42485975640615087,-2.1242987820307544,0.0,,False,False,NO_ACTION,False,False,-268.9538405403847,<0%,UNCHANGED,0.1184756524258545,0.12637402925424482,0.5433354088320054,0.5512337856603957,99.9999999999991,True,BELOW_ACTIVATION_FLOOR,True peak never reached the +0.50% activation floor.,0-0.3,,True
PAPER:AVAAIUSDT:1791031199999:SHORT,AVAAIUSDT,SHORT,1791031259140,4.277445331594233,4.110554095384744,3.94444473835847,1.39693516761546,6.984675838077299,1.7936784614196981,8.96839230709849,1.983716469021191,0.4547353507013917,False,True,RUNNER_CLOSE,True,True,41.93340469301058,25-<50%,HELPED,3.208083998695675,3.4219562652753868,1.4144055372759767,1.6282778038556887,96.09834321021498,True,PREMATURE_RUNNER_CLOSE_CONTINUATION,V4.2 closed the runner before a later higher observed peak.,3+,RUNNER_TRIGGER_DELAY,True
PAPER:XVGUSDT:1791031199999:SHORT,XVGUSDT,SHORT,1791031268718,0.2963147974313368,0.2963147974313407,0.12658134093612045,-0.5541502584198169,-2.770751292099085,-0.5541502584198169,-2.770751292099085,0.0,-4.377819466294563,False,False,NO_ACTION,False,False,-187.01403481148344,<0%,UNCHANGED,0.2222360980735026,0.23705183794506945,0.7763863564933196,0.7912020963648864,100.00000000000132,True,BELOW_ACTIVATION_FLOOR,True peak never reached the +0.50% activation floor.,0-0.3,,True
PAPER:BLUAIUSDT:1791031199999:SHORT,BLUAIUSDT,SHORT,1791031268885,0.4188883317460625,0.418888331746059,0.24927133849448024,-1.1398960532144229,-5.699480266072115,-1.1398960532144229,-5.699480266072115,0.0,-4.572912634477085,False,False,NO_ACTION,False,False,-272.12408816998226,<0%,UNCHANGED,0.31416624880954686,0.33511066539685,1.4540623020239698,1.475006718611273,99.99999999999916,True,BELOW_ACTIVATION_FLOOR,True peak never reached the +0.50% activation floor.,0.3-0.5,,True
PAPER:NILUSDT:1791031199999:LONG,NILUSDT,LONG,1791031269057,0.22971618806590932,0.19404301822794068,0.02387370646707839,-0.5404149834281544,-2.7020749171407723,-0.5404149834281544,-2.7020749171407723,0.0,-22.636408978780963,False,False,NO_ACTION,False,False,-235.25333063297245,<0%,UNCHANGED,0.172287141049432,0.18377295045272746,0.7127021244775864,0.7241879338808819,84.47076362431478,True,BELOW_ACTIVATION_FLOOR,True peak never reached the +0.50% activation floor.,0-0.3,,True
PAPER:LDOUSDT:1791031199999:SHORT,LDOUSDT,SHORT,1791031322344,0.4188727170620659,0.33109737348961943,0.16139696565904454,-0.9807666974377798,-4.903833487188899,-0.9807666974377798,-4.903833487188899,0.0,-6.07673566496706,False,False,NO_ACTION,False,False,-234.14432534942495,<0%,UNCHANGED,0.31415453779654945,0.3350981736496528,1.2949212352343293,1.3158648710874326,79.04486494415427,True,BELOW_ACTIVATION_FLOOR,True peak never reached the +0.50% activation floor.,0.3-0.5,,False
PAPER:ONUSDT:1791031499999:SHORT,ONUSDT,SHORT,1791031539636,0.1664265751566015,-0.11321928877852105,-0.28334186408576606,-0.46994957705426715,-2.3497478852713356,-0.46994957705426715,-2.3497478852713356,0.0,,False,False,NO_ACTION,False,False,-282.37652346811876,<0%,UNCHANGED,0.12481993136745112,0.1331412601252812,0.5947695084217183,0.6030908371795484,-68.02957320487171,True,BELOW_ACTIVATION_FLOOR,True peak never reached the +0.50% activation floor.,0-0.3,,False
PAPER:STXUSDT:1791031499999:LONG,STXUSDT,LONG,1791031545728,2.6400471047956398,2.6400471047956398,2.4675544560531657,1.0314218216555546,5.157109108277773,2.0380568457660337,10.19028422883017,5.0331751205523965,0.8259419932015968,False,True,RUNNER_CLOSE,True,True,77.19774552749108,75-<80%,HELPED,1.9800353285967298,2.112037683836512,0.0,0.07398083807047806,100.0,False,CONTROL_GE75,Retention is already >=75%; control trade.,,,
PAPER:CVCUSDT:1791031499999:SHORT,CVCUSDT,SHORT,1791031553308,0.15044590376835515,0.08226594194095105,-0.08767089307430588,-0.4971393511831168,-2.485696755915584,-0.4971393511831168,-2.485696755915584,0.0,,False,False,NO_ACTION,False,False,-330.44392617599823,<0%,UNCHANGED,0.11283442782626636,0.12035672301468413,0.6099737790093832,0.617496074197801,54.6814103145126,True,BELOW_ACTIVATION_FLOOR,True peak never reached the +0.50% activation floor.,0-0.3,,False
PAPER:FOGOUSDT:1791031499999:SHORT,FOGOUSDT,SHORT,1791031557323,0.057127292047956295,0.03784446883592363,-0.13213457324200556,-0.6822171996573918,-3.4110859982869592,-0.6822171996573918,-3.4110859982869592,0.0,,False,False,NO_ACTION,False,False,-1194.205388003855,<0%,UNCHANGED,0.04284546903596722,0.04570183363836504,0.725062668693359,0.7279190332957568,66.2458651184701,True,BELOW_ACTIVATION_FLOOR,True peak never reached the +0.50% activation floor.,0-0.3,,False
PAPER:MUSDT:1791031499999:SHORT,MUSDT,SHORT,1791031568384,0.1562427022849482,0.15624270228494774,-0.09693053221510865,-0.20963958136707497,-1.0481979068353748,-0.20963958136707497,-1.0481979068353748,0.0,,False,False,NO_ACTION,False,False,-134.1755987967643,<0%,UNCHANGED,0.11718202671371114,0.12499416182795856,0.3268216080807861,0.33463374319503353,99.99999999999972,True,BELOW_ACTIVATION_FLOOR,True peak never reached the +0.50% activation floor.,0-0.3,,True
PAPER:TRUTHUSDT:1791031799999:SHORT,TRUTHUSDT,SHORT,1791031822911,0.04259979890824061,0.0008639324359793754,-0.16915024669862333,-0.37106526875998597,-1.8553263437999297,-0.37106526875998597,-1.8553263437999297,0.0,,False,False,NO_ACTION,False,False,-871.0493435878783,<0%,UNCHANGED,0.031949849181180455,0.03407983912659249,0.4030151179411664,0.4051451078865784,2.0280199862921284,True,BELOW_ACTIVATION_FLOOR,True peak never reached the +0.50% activation floor.,0-0.3,,False
PAPER:MEWUSDT:1791031799999:LONG,MEWUSDT,LONG,1791031827418,0.20671602640922604,0.09336001280468853,-0.07671366520346774,-0.5863312059810266,-2.9316560299051333,-0.5863312059810266,-2.9316560299051333,0.0,,False,False,NO_ACTION,False,False,-283.6409039811428,<0%,UNCHANGED,0.15503701980691953,0.16537282112738083,0.7413682257879461,0.7517040271084074,45.16341302917079,True,BELOW_ACTIVATION_FLOOR,True peak never reached the +0.50% activation floor.,0-0.3,,False
PAPER:CUSDT:1791032099999:LONG,CUSDT,LONG,1791032148307,1.4030991500064705,0.7167837581282699,0.5461179210756011,0.34949383053937716,1.7474691526968857,0.2940357537214662,1.4701787686073309,-0.27729038408955486,0.5384107394651159,True,False,REDUCE25,True,True,20.956163626790755,0-<25%,HARMED,1.0523243625048528,1.1224793200051764,0.7582886087833867,0.8284435662837102,51.08575243060794,True,PEAK_OBSERVATION_MISS,Observed peak captured less than 80% of true MFE.,1-1.5,OBSERVATION_MISS,False
PAPER:ZROUSDT:1791032399999:LONG,ZROUSDT,LONG,1791032434238,0.7925349914537083,0.7006416054250453,0.5299911009961243,-0.6683201133089963,-3.3416005665449813,-0.4822919610882391,-2.4114598054411953,0.930140761103786,-0.9100001116655843,True,False,REDUCE25,False,False,-60.854342873062855,<0%,HELPED,0.5944012435902812,0.6340279931629667,1.0766932046785203,1.1163199542512057,88.40513201062485,True,PARTIAL_REDUCE_AFTER_PEAK,The 25% reduce fired after the final observed peak; remainder later gave back.,0.5-1,PARTIAL_REDUCE_DRAG,True
PAPER:ATHUSDT:1791032399999:LONG,ATHUSDT,LONG,1791032436022,0.9362862664506144,0.4234972245916735,0.25310996575289757,-0.28688400176909457,-1.4344200088454728,-0.28688400176909457,-1.4344200088454728,0.0,-1.133436215819212,False,False,NO_ACTION,False,False,-30.640629052121916,<0%,UNCHANGED,0.7022146998379608,0.7490290131604915,0.9890987016070554,1.035913014929586,45.23159633614165,True,ACTIVATION_OBSERVATION_MISS,True MFE cleared +0.50% but the 5s observer never saw +0.50%.,0.5-1,,False
PAPER:SYNUSDT:1791032699999:SHORT,SYNUSDT,SHORT,1791032721859,2.019537687904731,1.5907391657511427,1.4222356065694775,0.55832107610926,2.7916053805463,1.0150402227856725,5.075201113928363,2.2835957333820627,0.7136934401705874,True,True,REDUCE25+RUNNER_CLOSE,True,True,50.26101908693648,50-<75%,HELPED,1.5146532659285483,1.6156301503237849,0.4996130431428758,0.6005899275381124,78.76749095985099,True,PEAK_OBSERVATION_MISS,Observed peak captured less than 80% of true MFE.,2-3,OBSERVATION_MISS,False
PAPER:PARTIUSDT:1791032699999:LONG,PARTIUSDT,LONG,1791032728250,0.12131849248524507,0.08598986916397156,-0.08407680831323758,-0.3311422733121143,-1.6557113665605714,-0.3311422733121143,-1.6557113665605714,0.0,,False,False,NO_ACTION,False,False,-272.95284216657103,<0%,UNCHANGED,0.0909888693639338,0.09705479398819605,0.4221311426760481,0.4281970673003104,70.87944088526304,True,BELOW_ACTIVATION_FLOOR,True peak never reached the +0.50% activation floor.,0-0.3,,False
PAPER:SCRUSDT:1791032699999:SHORT,SCRUSDT,SHORT,1791032731910,0.17458744667221668,0.05783257818878784,-0.11212747218704773,-0.9496657278926629,-4.748328639463314,-0.9496657278926629,-4.748328639463314,0.0,,False,False,NO_ACTION,False,False,-543.9484602095334,<0%,UNCHANGED,0.1309405850041625,0.13966995733777335,1.0806063128968253,1.0893356852304363,33.125278644670814,True,BELOW_ACTIVATION_FLOOR,True peak never reached the +0.50% activation floor.,0-0.3,,False
PAPER:BTWUSDT:1791032699999:LONG,BTWUSDT,LONG,1791032750060,0.8464652760348246,0.5851515576243527,-0.011338237889261332,-0.20713737007052374,-1.0356868503526186,-0.19683215258729916,-0.9841607629364958,0.05152608741612286,,True,False,REDUCE25,False,False,-23.253423165724904,<0%,HELPED,0.6348489570261184,0.6771722208278597,0.8316811096134176,0.8740043734151588,69.12883188374036,True,PEAK_OBSERVATION_MISS,Observed peak captured less than 80% of true MFE.,0.5-1,OBSERVATION_MISS,False
PAPER:FLUIDUSDT:1791032699999:LONG,FLUIDUSDT,LONG,1791032753668,0.40288014904572567,0.40288014904572567,0.23251247333615008,-0.3106690021512205,-1.5533450107561027,-0.3106690021512205,-1.5533450107561027,0.0,-1.3361390797390782,False,False,NO_ACTION,False,False,-77.112015294643,<0%,UNCHANGED,0.30216011178429425,0.32230411923658053,0.6128291139355148,0.632973121387801,99.99999999999999,True,BELOW_ACTIVATION_FLOOR,True peak never reached the +0.50% activation floor.,0.3-0.5,,True
PAPER:BRUSDT:1791032999999:SHORT,BRUSDT,SHORT,1791033013333,0.27254947442767047,0.14466681759154332,-0.025210727231719233,-0.2882329831409795,-1.4411649157048976,-0.2882329831409795,-1.4411649157048976,0.0,,False,False,NO_ACTION,False,False,-105.75437129212706,<0%,UNCHANGED,0.20441210582075287,0.21803957954213637,0.49264508896173237,0.5062725626831159,53.07910348949698,True,BELOW_ACTIVATION_FLOOR,True peak never reached the +0.50% activation floor.,0-0.3,,False
PAPER:TAKEUSDT:1791032999999:LONG,TAKEUSDT,LONG,1791033016564,0.1981648558068816,0.18258193747784368,0.012423512024522089,-0.890527267831958,-4.45263633915979,-0.890527267831958,-4.45263633915979,0.0,-71.68079896201614,False,False,NO_ACTION,False,False,-449.38708440804817,<0%,UNCHANGED,0.1486236418551612,0.15853188464550527,1.0391509096871192,1.0490591524774633,92.13638651233698,True,BELOW_ACTIVATION_FLOOR,True peak never reached the +0.50% activation floor.,0-0.3,,True
PAPER:GRASSUSDT:1791032999999:LONG,GRASSUSDT,LONG,1791033023132,0.9772776127046079,0.9373866681644305,-0.25638376447599276,-0.6084190759268009,-3.042095379634005,-0.5934741806293591,-2.967370903146796,0.07472447648720904,,True,False,REDUCE25,False,False,-60.72728699749133,<0%,HELPED,0.7329582095284559,0.7818220901636863,1.326432390157815,1.3752962707930454,95.91815631284344,True,PARTIAL_REDUCE_BEFORE_LATER_PEAK,The 25% reduce fired before a later higher observed peak and no runner close occurred.,0.5-1,PARTIAL_REDUCE_DRAG,True
PAPER:CTSIUSDT:1791032999999:LONG,CTSIUSDT,LONG,1791033030683,1.024522486948909,0.6981104595274124,0.5274623593074383,-0.25518240458993435,-1.2759120229496719,-0.2796400534617259,-1.3982002673086293,-0.12228824435895747,-0.5301611546820045,True,False,REDUCE25,False,False,-27.29467210568615,<0%,HARMED,0.7683918652116817,0.8196179895591271,1.0480319186734075,1.099258043020853,68.14008168882934,True,PEAK_OBSERVATION_MISS,Observed peak captured less than 80% of true MFE.,1-1.5,OBSERVATION_MISS,False
PAPER:AVAUSDT:1791032999999:LONG,AVAUSDT,LONG,1791033031143,0.052532112366043826,0.016268055783097424,-0.1537323964296798,-0.6609469527929784,-3.304734763964892,-0.6609469527929784,-3.304734763964892,0.0,,False,False,NO_ACTION,False,False,-1258.1769950302,<0%,UNCHANGED,0.03939908427453287,0.04202568989283506,0.7003460370675113,0.7029726426858135,30.967831009234104,True,BELOW_ACTIVATION_FLOOR,True peak never reached the +0.50% activation floor.,0-0.3,,False
PAPER:MOVEUSDT:1791032999999:LONG,MOVEUSDT,LONG,1791033033442,1.5359226285309502,1.4184948074493775,1.2471624501565397,0.4846066154293804,2.423033077146902,0.3892871360884886,1.946435680442443,-0.476597396704459,0.31213827520194065,True,False,REDUCE25,True,True,25.34549129345314,25-<50%,HARMED,1.1519419713982126,1.2287381028247601,0.762654835309724,0.8394509667362715,92.35457444924242,True,RUNNER_TRANSITION_OBSERVATION_MISS,Trade had runner-capable true MFE but never observed runner qualification.,1.5-2,PARTIAL_REDUCE_DRAG,True
PAPER:GTCUSDT:1791032999999:LONG,GTCUSDT,LONG,1791033038762,0.5910414075610326,0.329168232549204,0.15887057210353822,-1.077899483203603,-5.389497416018015,-1.077899483203603,-5.389497416018015,0.0,-6.784764912290494,False,False,NO_ACTION,False,False,-182.37292166239573,<0%,UNCHANGED,0.44328105567077447,0.4728331260488261,1.5211805388743775,1.5507326092524292,55.69292241427487,True,ACTIVATION_OBSERVATION_MISS,True MFE cleared +0.50% but the 5s observer never saw +0.50%.,0.5-1,,False
PAPER:SOPHUSDT:1791032999999:LONG,SOPHUSDT,LONG,1791033050026,0.6761689975877339,0.6493934207266738,0.47879159438600033,-0.01608607108251576,-0.08043035541257879,0.037414217076245884,0.1870710853812294,0.2675014407938082,0.07814301152096387,True,False,REDUCE25,False,True,5.53326420018116,0-<25%,HELPED,0.5071267481908004,0.5409351980701871,0.4697125311145545,0.5035209809939412,96.04010580837289,True,PARTIAL_REDUCE_AFTER_PEAK,The 25% reduce fired after the final observed peak; remainder later gave back.,0.5-1,PARTIAL_REDUCE_DRAG,True
PAPER:KSMUSDT:1791032999999:LONG,KSMUSDT,LONG,1791033068526,0.0557320840319786,0.0557320840319786,-0.11430585308803987,-0.6155278767196658,-3.0776393835983287,-0.6155278767196658,-3.0776393835983287,0.0,,False,False,NO_ACTION,False,False,-1104.4408035530862,<0%,UNCHANGED,0.04179906302398395,0.04458566722558288,0.6573269397436498,0.6601135439452487,100.0,True,BELOW_ACTIVATION_FLOOR,True peak never reached the +0.50% activation floor.,0-0.3,,True
PAPER:KSMUSDT:1791033299999:LONG,KSMUSDT,LONG,1791033344239,1.220357432272956,1.0324250939286017,0.8614594449531278,0.504727166408826,2.52363583204413,0.4929925519830254,2.464962759915127,-0.05867307212900297,0.5722759845181676,True,False,REDUCE25,True,True,40.39739005520788,25-<50%,HARMED,0.915268074204717,0.9762859458183648,0.4222755222216916,0.4832933938353394,84.60022175680741,True,PARTIAL_REDUCE_AFTER_PEAK,The 25% reduce fired after the final observed peak; remainder later gave back.,1-1.5,PARTIAL_REDUCE_DRAG,True
PAPER:ARKMUSDT:1791033599999:SHORT,ARKMUSDT,SHORT,1791033617058,0.056405475136281816,0.05640547513627858,-0.11355593120151536,-0.5724483896015085,-2.8622419480075423,-0.5724483896015085,-2.8622419480075423,0.0,,False,False,NO_ACTION,False,False,-1014.8808927119403,<0%,UNCHANGED,0.042304106352211365,0.045124380109025454,0.6147524959537198,0.6175727697105339,99.99999999999427,True,BELOW_ACTIVATION_FLOOR,True peak never reached the +0.50% activation floor.,0-0.3,,True
PAPER:POWERUSDT:1791033599999:SHORT,POWERUSDT,SHORT,1791033623214,0.1333104729659478,0.050756525553430354,-0.11921024813382254,-0.6504184441416047,-3.2520922207080236,-0.6504184441416047,-3.2520922207080236,0.0,,False,False,NO_ACTION,False,False,-487.8974844742652,<0%,UNCHANGED,0.09998285472446086,0.10664837837275826,0.7504012988660655,0.7570668225143629,38.07392204391575,True,BELOW_ACTIVATION_FLOOR,True peak never reached the +0.50% activation floor.,0-0.3,,False
PAPER:BRUSDT:1791033599999:SHORT,BRUSDT,SHORT,1791033627506,3.5789087129145236,3.4336054915828584,3.2668529318406767,0.8351456573536339,4.1757282867681695,2.7063718970208948,13.531859485104473,9.356131198336303,0.8284339557018306,False,True,RUNNER_CLOSE,True,True,75.62003152678714,75-<80%,HELPED,2.6841815346858926,2.863126970331619,0.0,0.15675507331072414,95.9400131999082,False,CONTROL_GE75,Retention is already >=75%; control trade.,,,
PAPER:COMPUSDT:1791033599999:LONG,COMPUSDT,LONG,1791033629137,3.11190773893415,2.790686842551171,1.9160478295907208,1.655303754510146,8.27651877255073,1.2541590236169795,6.270795118084898,-2.0057236544658323,0.6545551756319545,False,True,RUNNER_CLOSE,True,True,40.30193465975112,25-<50%,HARMED,2.3339308042006124,2.48952619114732,1.0797717805836329,1.2353671675303404,89.67768573714208,True,PREMATURE_RUNNER_CLOSE_CONTINUATION,V4.2 closed the runner before a later higher observed peak.,3+,RUNNER_TRIGGER_DELAY,True
PAPER:IOUSDT:1791033599999:LONG,IOUSDT,LONG,1791033728273,0.04360451065001936,0.04360451065001936,-0.12642190709440038,-0.7618229121351371,-3.8091145606756855,-0.7618229121351371,-3.8091145606756855,0.0,,False,False,NO_ACTION,False,False,-1747.1195084602994,<0%,UNCHANGED,0.03270338298751452,0.034883608520015486,0.7945262951226516,0.7967065206551526,100.0,True,BELOW_ACTIVATION_FLOOR,True peak never reached the +0.50% activation floor.,0-0.3,,True
PAPER:KSMUSDT:1791033899999:LONG,KSMUSDT,LONG,1791033915666,1.0888395333872092,0.9594753877320672,0.7885790300350265,0.21622483821165228,1.0811241910582614,0.19776179976574118,0.988808998828706,-0.09231519222955542,0.2507824735803045,True,False,REDUCE25,True,True,18.16262118537662,0-<25%,HARMED,0.8166296500404069,0.8710716267097673,0.6188678502746657,0.6733098269440262,88.11908075630663,True,PARTIAL_REDUCE_AFTER_PEAK,The 25% reduce fired after the final observed peak; remainder later gave back.,1-1.5,PARTIAL_REDUCE_DRAG,True
PAPER:TRADOORUSDT:1791033899999:SHORT,TRADOORUSDT,SHORT,1791033926965,0.037861202555832515,0.03786120255583336,-0.13211782362255575,-1.3484416871803524,-6.7422084359017616,-1.3484416871803524,-6.7422084359017616,0.0,,False,False,NO_ACTION,False,False,-3561.539507869184,<0%,UNCHANGED,0.028395901916874387,0.030288962044666013,1.3768375890972269,1.3787306492250184,100.00000000000223,True,BELOW_ACTIVATION_FLOOR,True peak never reached the +0.50% activation floor.,0-0.3,,True
PAPER:LITUSDT:1791033899999:SHORT,LITUSDT,SHORT,1791033938147,0.5614579357694294,0.3818888082994132,-0.010298262525031937,-0.22855366726076126,-1.1427683363038064,-0.22855366726076126,-1.1427683363038064,0.0,,False,False,NO_ACTION,False,False,-40.70717549793794,<0%,UNCHANGED,0.42109345182707203,0.4491663486155435,0.6496471190878332,0.6777200158763048,68.01734982622834,True,ACTIVATION_OBSERVATION_MISS,True MFE cleared +0.50% but the 5s observer never saw +0.50%.,0.5-1,,False
PAPER:GLMUSDT:1791033899999:LONG,GLMUSDT,LONG,1791033940442,0.41155018572360813,0.41155018572360813,0.2411742747797078,-0.30544494037834563,-1.5272247018917282,-0.30544494037834563,-1.5272247018917282,0.0,-1.266490551935291,False,False,NO_ACTION,False,False,-74.21815150958979,<0%,UNCHANGED,0.3086626392927061,0.3292401485788865,0.6141075796710518,0.6346850889572322,100.00000000000001,True,BELOW_ACTIVATION_FLOOR,True peak never reached the +0.50% activation floor.,0.3-0.5,,True
PAPER:PORTALUSDT:1791033899999:LONG,PORTALUSDT,LONG,1791033945517,0.2034230025503403,0.14756825171280408,-0.022556915991087678,-0.49687134221198065,-2.4843567110599034,-0.49687134221198065,-2.4843567110599034,0.0,,False,False,NO_ACTION,False,False,-244.25523956614583,<0%,UNCHANGED,0.15256725191275522,0.16273840204027223,0.6494385941247358,0.6596097442522528,72.54255903350258,True,BELOW_ACTIVATION_FLOOR,True peak never reached the +0.50% activation floor.,0-0.3,,False
PAPER:PROMPTUSDT:1791033899999:LONG,PROMPTUSDT,LONG,1791033947505,0.02804821063659979,0.02804821063659979,-0.1419634309562711,-0.18996200759846618,-0.9498100379923309,-0.18996200759846618,-0.9498100379923309,0.0,,False,False,NO_ACTION,False,False,-677.2696128807123,<0%,UNCHANGED,0.021036157977449843,0.022438568509279833,0.21099816557591602,0.21240057610774601,100.0,True,BELOW_ACTIVATION_FLOOR,True peak never reached the +0.50% activation floor.,0-0.3,,True
PAPER:MAGMAUSDT:1791033899999:SHORT,MAGMAUSDT,SHORT,1791033968918,0.11747463534199344,0.09169739106533736,-0.07823048265854242,-0.32334697964892567,-1.6167348982446283,-0.32334697964892567,-1.6167348982446283,0.0,,False,False,NO_ACTION,False,False,-275.24833655162615,<0%,UNCHANGED,0.08810597650649508,0.09397970827359475,0.41145295615542077,0.4173266879225204,78.05718298114901,True,BELOW_ACTIVATION_FLOOR,True peak never reached the +0.50% activation floor.,0-0.3,,False
PAPER:API3USDT:1791034199999:LONG,API3USDT,LONG,1791034216017,1.8837374993549538,1.7137612939839952,1.5421484778189065,0.3874081542073147,1.9370407710365736,1.168556020179849,5.842780100899246,3.905739329862672,0.7577454680839569,False,True,RUNNER_CLOSE,True,True,62.03390974485545,50-<75%,HELPED,1.4128031245162154,1.506989999483963,0.24424710433636632,0.338433979304114,90.97665118260036,True,PREMATURE_RUNNER_CLOSE_CONTINUATION,V4.2 closed the runner before a later higher observed peak.,1.5-2,RUNNER_TRIGGER_DELAY,True
PAPER:MAVIAUSDT:1791034199999:LONG,MAVIAUSDT,LONG,1791034240680,1.4962309327640089,1.4962309327640089,0.6128749674693533,0.1887346787542767,0.9436733937713835,0.2190304136624961,1.0951520683124805,0.15147867454109698,0.35738188911011226,True,False,REDUCE25,True,True,14.638810685318347,0-<25%,HELPED,1.1221731995730067,1.196984746211207,0.9031427859105106,0.977954332548711,100.0,True,PARTIAL_REDUCE_AFTER_PEAK,The 25% reduce fired after the final observed peak; remainder later gave back.,1-1.5,PARTIAL_REDUCE_DRAG,True
PAPER:FLUXUSDT:1791034499999:LONG,FLUXUSDT,LONG,1791034522067,0.929646846550436,0.929646846550436,0.34453986794615077,-0.01624889804647024,-0.0812444902323512,0.023838742619376786,0.11919371309688392,0.20043820332923512,0.06919008462353801,True,False,REDUCE25,False,True,2.5642794043601875,0-<25%,HELPED,0.697235134912827,0.7437174772403488,0.6733963922934502,0.719878734620972,100.0,True,PARTIAL_REDUCE_AFTER_PEAK,The 25% reduce fired after the final observed peak; remainder later gave back.,0.5-1,PARTIAL_REDUCE_DRAG,True
PAPER:AVAUSDT:1791034499999:LONG,AVAUSDT,LONG,1791034527159,2.2506385528950457,2.034387643019353,1.862470279916632,0.7102275921888422,3.551137960944211,1.4663868560101911,7.331934280050956,3.780796319106745,0.7873343654513669,False,True,RUNNER_CLOSE,True,True,65.15425829367162,50-<75%,HELPED,1.6879789146712842,1.8005108423160365,0.2215920586610931,0.3341239863058454,90.39157533325267,True,PREMATURE_RUNNER_CLOSE_CONTINUATION,V4.2 closed the runner before a later higher observed peak.,2-3,RUNNER_TRIGGER_DELAY,True
PAPER:SYRUPUSDT:1791034499999:LONG,SYRUPUSDT,LONG,1791034529523,0.3365032121780853,0.296447120832255,0.12618054053453048,-0.3460323794615984,-1.7301618973079922,-0.3460323794615984,-1.7301618973079922,0.0,-2.742359305133135,False,False,NO_ACTION,False,False,-102.83182060041378,<0%,UNCHANGED,0.252377409133564,0.26920256974246826,0.5984097885951625,0.6152349492040667,88.09637177411796,True,BELOW_ACTIVATION_FLOOR,True peak never reached the +0.50% activation floor.,0.3-0.5,,True
PAPER:ALGOUSDT:1791034499999:LONG,ALGOUSDT,LONG,1791034563079,0.6839268864678116,0.676275550736638,0.5056481904047633,-0.037080645399969574,-0.18540322699984788,-0.0065043729602746745,-0.03252186480137337,0.1528813621984745,-0.012863435652895402,True,False,REDUCE25,False,False,-0.9510333763696533,<0%,HELPED,0.5129451648508587,0.5471415091742493,0.5194495378111335,0.553645882134524,98.88126408208785,True,PARTIAL_REDUCE_BEFORE_LATER_PEAK,The 25% reduce fired before a later higher observed peak and no runner close occurred.,0.5-1,PARTIAL_REDUCE_DRAG,True
PAPER:RIVERUSDT:1791034799999:SHORT,RIVERUSDT,SHORT,1791034816115,1.3396562065174307,1.3396562065174256,1.1709140808620613,-0.61533553524637,-3.0766776762318497,-0.3814218950416967,-1.9071094752084834,1.1695682010233663,-0.3257471246403346,True,False,REDUCE25,False,False,-28.471625271176162,<0%,HELPED,1.004742154888073,1.0717249652139447,1.3861640499297698,1.4531468602556414,99.99999999999963,True,PARTIAL_REDUCE_AFTER_PEAK,The 25% reduce fired after the final observed peak; remainder later gave back.,1-1.5,PARTIAL_REDUCE_DRAG,True
PAPER:SOPHUSDT:1791034799999:LONG,SOPHUSDT,LONG,1791034819774,0.032486940932008324,0.006245470066090775,-0.1637454621936412,-0.21617855300331554,-1.0808927650165776,-0.21617855300331554,-1.0808927650165776,0.0,,False,False,NO_ACTION,False,False,-665.4321607434631,<0%,UNCHANGED,0.024365205699006243,0.02598955274560666,0.24054375870232178,0.2421681057489222,19.224555735062506,True,BELOW_ACTIVATION_FLOOR,True peak never reached the +0.50% activation floor.,0-0.3,,False
PAPER:TRBUSDT:1791034799999:LONG,TRBUSDT,LONG,1791034837612,0.17249534305692205,0.1339970742855634,-0.0361152028354404,-0.22361599614040423,-1.1180799807020212,-0.22361599614040423,-1.1180799807020212,0.0,,False,False,NO_ACTION,False,False,-129.6359612830897,<0%,UNCHANGED,0.12937150729269153,0.13799627444553764,0.35298750343309576,0.36161227058594186,77.68156050528592,True,BELOW_ACTIVATION_FLOOR,True peak never reached the +0.50% activation floor.,0-0.3,,False
PAPER:FLOWUSDT:1791034799999:LONG,FLOWUSDT,LONG,1791034843275,0.5300162461395308,0.5300162461395308,0.35952781020813973,-0.052589553146817875,-0.2629477657340894,0.04662388617938462,0.2331194308969231,0.4960671966310125,0.12968088936539535,True,False,REDUCE25,False,True,8.796690010726676,0-<25%,HELPED,0.3975121846046481,0.42401299691162464,0.3508882984252635,0.37738911073224,100.0,True,PARTIAL_REDUCE_AFTER_PEAK,The 25% reduce fired after the final observed peak; remainder later gave back.,0.5-1,PARTIAL_REDUCE_DRAG,True
PAPER:BRETTUSDT:1791034799999:LONG,BRETTUSDT,LONG,1791034852717,0.013901271279914695,0.013901271279914695,-0.15609693284261605,-0.5794103672908321,-2.8970518364541604,-0.5794103672908321,-2.8970518364541604,0.0,,False,False,NO_ACTION,False,False,-4168.038703970876,<0%,UNCHANGED,0.010425953459936022,0.011121017023931756,0.5898363207507681,0.5905313843147638,100.0,True,BELOW_ACTIVATION_FLOOR,True peak never reached the +0.50% activation floor.,0-0.3,,True
PAPER:MUBARAKUSDT:1791034799999:LONG,MUBARAKUSDT,LONG,1791034856487,0.8094488313569181,0.6180384854745702,0.4474664416191602,-0.022637039678836738,-0.1131851983941837,0.009234382782046479,0.0461719139102324,0.1593571123044161,0.020637039838410687,True,False,REDUCE25,False,True,1.140823536253235,0-<25%,HELPED,0.6070866235176886,0.6475590650855345,0.5978522407356421,0.638324682303488,76.35300238046209,True,PEAK_OBSERVATION_MISS,Observed peak captured less than 80% of true MFE.,0.5-1,OBSERVATION_MISS,False
PAPER:HANAUSDT:1791034799999:SHORT,HANAUSDT,SHORT,1791034864020,0.39639901335803707,0.39639901335803973,0.22676065188057618,-0.8152359968246706,-4.076179984123353,-0.8152359968246706,-4.076179984123353,0.0,-3.59513870710698,False,False,NO_ACTION,False,False,-205.6604505441415,<0%,UNCHANGED,0.2972992600185278,0.3171192106864297,1.1125352568431985,1.1323552075111003,100.00000000000067,True,BELOW_ACTIVATION_FLOOR,True peak never reached the +0.50% activation floor.,0.3-0.5,,True
PAPER:COOKIEUSDT:1791034799999:LONG,COOKIEUSDT,LONG,1791034879654,0.02588041584095091,0.02588041584095091,-0.14412916667203152,-0.6864844509684798,-3.432422254842399,-0.6864844509684798,-3.432422254842399,0.0,,False,False,NO_ACTION,False,False,-2652.52480944393,<0%,UNCHANGED,0.019410311880713182,0.020704332672760728,0.705894762849193,0.7071887836412405,100.0,True,BELOW_ACTIVATION_FLOOR,True peak never reached the +0.50% activation floor.,0-0.3,,True
PAPER:BLURUSDT:1791035099999:LONG,BLURUSDT,LONG,1791035131103,0.026898935409902514,0.026898935409902514,-0.14311161454388324,-0.4242139728714529,-2.1210698643572643,-0.4242139728714529,-2.1210698643572643,0.0,,False,False,NO_ACTION,False,False,-1577.0660303354746,<0%,UNCHANGED,0.020174201557426885,0.02151914832792201,0.4443881744288798,0.4457331211993749,100.0,True,BELOW_ACTIVATION_FLOOR,True peak never reached the +0.50% activation floor.,0-0.3,,True
PAPER:PARTIUSDT:1791035399999:LONG,PARTIUSDT,LONG,1791035416546,2.0077868235222063,1.870310021873256,0.9431443016999955,0.2564132051554654,1.2820660257773269,0.3165021761031094,1.582510880515547,0.30044485473822014,0.3355819205318016,True,True,REDUCE25+RUNNER_CLOSE,True,True,15.763734097421665,0-<25%,HELPED,1.5058401176416547,1.606229458817765,1.1893379415385454,1.2897272827146558,93.15281881331514,True,POST_PEAK_RUNNER_GIVEBACK,Runner close occurred after the final observed peak and retained <75%.,2-3,RUNNER_TRIGGER_DELAY,True
PAPER:GTCUSDT:1791035399999:LONG,GTCUSDT,LONG,1791035426097,0.1905703102749179,0.11258278765464702,-0.05750914910621095,0.012612952448508108,0.06306476224254054,0.012612952448508108,0.06306476224254054,0.0,,False,False,NO_ACTION,True,True,6.618529628415143,0-<25%,UNCHANGED,0.14292773270618842,0.1524562482199343,0.1303147802576803,0.1398432957714262,59.076771975778605,True,BELOW_ACTIVATION_FLOOR,True peak never reached the +0.50% activation floor.,0-0.3,,False
PAPER:BIOUSDT:1791035399999:LONG,BIOUSDT,LONG,1791035434620,0.04403217979522811,-0.019996000799837876,-0.18996200759846718,-0.5417825064509922,-2.7089125322549616,-0.5417825064509922,-2.7089125322549616,0.0,,False,False,NO_ACTION,False,False,-1230.423996655525,<0%,UNCHANGED,0.03302413484642108,0.03522574383618249,0.5748066412974133,0.5770082502871747,-45.41224371091639,True,BELOW_ACTIVATION_FLOOR,True peak never reached the +0.50% activation floor.,0-0.3,,False
PAPER:NILUSDT:1791035699999:SHORT,NILUSDT,SHORT,1791035723817,0.2057747892693691,0.1582424124126236,-0.011622233559211858,-0.3208762418991913,-1.6043812094959564,-0.3208762418991913,-1.6043812094959564,0.0,,False,False,NO_ACTION,False,False,-155.93564354433565,<0%,UNCHANGED,0.15433109195202682,0.1646198314154953,0.4752073338512181,0.4854960733146866,76.90077728884303,True,BELOW_ACTIVATION_FLOOR,True peak never reached the +0.50% activation floor.,0-0.3,,False
PAPER:PARTIUSDT:1791035699999:LONG,PARTIUSDT,LONG,1791035724341,0.38892017097602594,0.048156694496137575,-0.12187404714013055,-0.08783006691095264,-0.4391503345547632,-0.08783006691095264,-0.4391503345547632,0.0,,False,False,NO_ACTION,False,False,-22.583057775207738,<0%,UNCHANGED,0.29169012823201945,0.31113613678082075,0.3795201951429721,0.3989662036917734,12.382153997126078,True,BELOW_ACTIVATION_FLOOR,True peak never reached the +0.50% activation floor.,0.3-0.5,,False
PAPER:SIGNUSDT:1791035999999:LONG,SIGNUSDT,LONG,1791036029539,0.020325020332290222,0.020325020332290222,-0.149679285388266,-0.580704413037361,-2.903522065186805,-0.580704413037361,-2.903522065186805,0.0,,False,False,NO_ACTION,False,False,-2857.091424970433,<0%,UNCHANGED,0.015243765249217667,0.016260016265832178,0.5959481782865786,0.5969644293031932,100.0,True,BELOW_ACTIVATION_FLOOR,True peak never reached the +0.50% activation floor.,0-0.3,,True
PAPER:FHEUSDT:1791035999999:LONG,FHEUSDT,LONG,1791036068566,0.07019795860405686,0.07019795860405686,-0.09985371892692908,-0.2124890797663607,-1.0624453988318034,-0.2124890797663607,-1.0624453988318034,0.0,,False,False,NO_ACTION,False,False,-302.6997992418551,<0%,UNCHANGED,0.05264846895304265,0.05615836688324549,0.2651375487194033,0.26864744664960616,100.0,True,BELOW_ACTIVATION_FLOOR,True peak never reached the +0.50% activation floor.,0-0.3,,True
PAPER:ENJUSDT:1791035999999:LONG,ENJUSDT,LONG,1791036100751,0.09842864118914108,0.06882248069188801,-0.10122789034139837,-0.10122789034139837,-0.5061394517069918,-0.10122789034139837,-0.5061394517069918,0.0,,False,False,NO_ACTION,False,False,-102.8439376165706,<0%,UNCHANGED,0.0738214808918558,0.07874291295131286,0.17504937123325418,0.17997080329271123,69.92119352703276,True,BELOW_ACTIVATION_FLOOR,True peak never reached the +0.50% activation floor.,0-0.3,,False
PAPER:ONEUSDT:1791036299999:LONG,ONEUSDT,LONG,1791036320729,0.6981301063329726,0.6860944732525409,0.5154577864171157,0.0064332759626887556,0.03216637981344378,-0.03865747791615196,-0.1932873895807598,-0.22545376939420358,-0.07499639919081519,True,False,REDUCE25,True,False,-5.537288474666399,<0%,HARMED,0.5235975797497294,0.558504085066378,0.5622550576658814,0.59716156298253,98.27601861440263,True,PARTIAL_REDUCE_AFTER_PEAK,The 25% reduce fired after the final observed peak; remainder later gave back.,0.5-1,PARTIAL_REDUCE_DRAG,True
PAPER:CHILLGUYUSDT:1791036299999:SHORT,CHILLGUYUSDT,SHORT,1791036322990,0.29671056237814813,0.2967105623781441,0.1269774819189925,-0.3292155395861404,-1.6460776979307021,-0.3292155395861404,-1.6460776979307021,0.0,-2.5927080503625772,False,False,NO_ACTION,False,False,-110.95511293816556,<0%,UNCHANGED,0.22253292178361112,0.2373684499025185,0.5517484613697515,0.566583989488659,99.99999999999864,True,BELOW_ACTIVATION_FLOOR,True peak never reached the +0.50% activation floor.,0-0.3,,True
PAPER:ZAMAUSDT:1791036299999:LONG,ZAMAUSDT,LONG,1791036334690,0.05344670536999718,0.05344670536999718,-0.11658906098310279,-0.5507123284574116,-2.7535616422870577,-0.5507123284574116,-2.7535616422870577,0.0,,False,False,NO_ACTION,False,False,-1030.395278146666,<0%,UNCHANGED,0.04008502902749789,0.042757364295997746,0.5907973574849095,0.5934696927534093,100.0,True,BELOW_ACTIVATION_FLOOR,True peak never reached the +0.50% activation floor.,0-0.3,,True
PAPER:MTLUSDT:1791036299999:SHORT,MTLUSDT,SHORT,1791036340920,0.392645968101903,0.3926459681019012,0.2230040406684966,-0.5871938232457669,-2.9359691162288346,-0.5871938232457669,-2.9359691162288346,0.0,-2.633108447208144,False,False,NO_ACTION,False,False,-149.54790598877946,<0%,UNCHANGED,0.29448447607642725,0.3141167744815224,0.8816782993221941,0.9013105977272893,99.99999999999955,True,BELOW_ACTIVATION_FLOOR,True peak never reached the +0.50% activation floor.,0.3-0.5,,True
PAPER:MOVRUSDT:1791036299999:SHORT,MOVRUSDT,SHORT,1791036346414,1.3504252271257036,1.2971011326538884,0.6159208738372922,0.3757344522164461,1.8786722610822304,0.537193102306006,2.6859655115300303,0.8072932504477999,0.872178757247179,True,False,REDUCE25,True,True,39.77955176751165,25-<50%,HELPED,1.0128189203442777,1.080340181700563,0.47562581803827164,0.5431470793945569,96.05131084633895,True,PARTIAL_REDUCE_BEFORE_LATER_PEAK,The 25% reduce fired before a later higher observed peak and no runner close occurred.,1-1.5,PARTIAL_REDUCE_DRAG,True
PAPER:MELANIAUSDT:1791036599999:SHORT,MELANIAUSDT,SHORT,1791036624645,0.11439277969808952,0.10479300966250715,-0.06512242125936002,-0.5647847666279447,-2.823923833139723,-0.5647847666279447,-2.823923833139723,0.0,,False,False,NO_ACTION,False,False,-493.7241389872243,<0%,UNCHANGED,0.08579458477356713,0.09151422375847162,0.6505793514015119,0.6562989903864164,91.60806297310154,True,BELOW_ACTIVATION_FLOOR,True peak never reached the +0.50% activation floor.,0-0.3,,True
PAPER:AVAAIUSDT:1791036599999:SHORT,AVAAIUSDT,SHORT,1791036629250,0.6374456311069537,0.5388281863208833,-0.05293919350258789,-0.40391215759583915,-2.019560787979196,-0.3477016438152791,-1.7385082190763956,0.2810525689028003,,True,False,REDUCE25,False,False,-54.54608626173799,<0%,HELPED,0.4780842233302153,0.509956504885563,0.8257858671454944,0.8576581487008421,84.52927748287854,True,PARTIAL_REDUCE_AFTER_PEAK,The 25% reduce fired after the final observed peak; remainder later gave back.,0.5-1,PARTIAL_REDUCE_DRAG,True
PAPER:UAIUSDT:1791036599999:LONG,UAIUSDT,LONG,1791036632243,6.381993356097171,6.381993356097171,6.205946419707882,1.664171020530218,8.320855102651091,5.117281155485508,25.58640577742754,17.26555067477645,0.8245770764689235,False,True,RUNNER_CLOSE,True,True,80.18311630795739,>=80%,HELPED,4.786495017072879,5.105594684877737,0.0,0.0,100.0,False,CONTROL_GE75,Retention is already >=75%; control trade.,,,
PAPER:QNTUSDT:1791036599999:SHORT,QNTUSDT,SHORT,1791036661958,0.09206771523578838,0.10007283780978371,-0.06984707798336239,-0.2260952864869577,-1.1304764324347885,-0.2260952864869577,-1.1304764324347885,0.0,,False,False,NO_ACTION,False,False,-245.57499434836674,<0%,UNCHANGED,0.06905078642684129,0.07365417218863071,0.295146072913799,0.29974945867558844,108.69482049542985,True,BELOW_ACTIVATION_FLOOR,True peak never reached the +0.50% activation floor.,0-0.3,,True
PAPER:1000000BOBUSDT:1791036899999:SHORT,1000000BOBUSDT,SHORT,1791036924563,0.20259244727284154,0.12839363124851344,-0.04149937554275951,-0.19003800760151954,-0.9501900380075976,-0.19003800760151954,-0.9501900380075976,0.0,,False,False,NO_ACTION,False,False,-93.80310577204574,<0%,UNCHANGED,0.15194433545463115,0.16207395781827325,0.3419823430561507,0.3521119654197928,63.37532962203631,True,BELOW_ACTIVATION_FLOOR,True peak never reached the +0.50% activation floor.,0-0.3,,False
PAPER:ZECUSDT:1791036899999:SHORT,ZECUSDT,SHORT,1791036961886,0.34743220879288866,0.3025663137267931,0.13283879710978838,-0.49742911424511066,-2.4871455712255535,-0.49742911424511066,-2.4871455712255535,0.0,-3.744607186061737,False,False,NO_ACTION,False,False,-143.17299940997646,<0%,UNCHANGED,0.2605741565946665,0.27794576703431095,0.7580032708397771,0.7753748812794217,87.08643184753171,True,BELOW_ACTIVATION_FLOOR,True peak never reached the +0.50% activation floor.,0.3-0.5,,True
PAPER:AIAUSDT:1791037199999:LONG,AIAUSDT,LONG,1791037213435,0.5764756139680971,0.5764756139680971,0.405943048606178,-0.5304791825725775,-2.652395912862888,-0.36731470289749163,-1.8365735144874584,0.8158223983754294,-0.9048429432618236,True,False,REDUCE25,False,False,-63.71730113076722,<0%,HELPED,0.4323567104760728,0.4611804911744777,0.7996714133735645,0.8284951940719694,100.0,True,PARTIAL_REDUCE_AFTER_PEAK,The 25% reduce fired after the final observed peak; remainder later gave back.,0.5-1,PARTIAL_REDUCE_DRAG,True
PAPER:VELVETUSDT:1791037199999:LONG,VELVETUSDT,LONG,1791037226461,0.16967139011807575,0.04322646283945186,-0.12679959581626865,-0.5184065488660226,-2.5920327443301128,-0.5184065488660226,-2.5920327443301128,0.0,,False,False,NO_ACTION,False,False,-305.53562890317517,<0%,UNCHANGED,0.1272535425885568,0.1357371120944606,0.6456600914545794,0.6541436609604832,25.476577288233567,True,BELOW_ACTIVATION_FLOOR,True peak never reached the +0.50% activation floor.,0-0.3,,False
PAPER:EVAAUSDT:1791037499999:LONG,EVAAUSDT,LONG,1791037519052,0.056646393986836685,0.056646393986836685,-0.11339241159050273,-0.7642339776582749,-3.821169888291375,-0.7642339776582749,-3.821169888291375,0.0,,False,False,NO_ACTION,False,False,-1349.1308517111702,<0%,UNCHANGED,0.042484795490127514,0.04531711518946935,0.8067187731484025,0.8095510928477443,100.0,True,BELOW_ACTIVATION_FLOOR,True peak never reached the +0.50% activation floor.,0-0.3,,True
PAPER:ONEUSDT:1791037499999:LONG,ONEUSDT,LONG,1791037529302,0.24924997047268693,0.21413093074149625,0.043942538476941115,-1.215243601229023,-6.076218006145115,-1.215243601229023,-6.076218006145115,0.0,-27.655289005816613,False,False,NO_ACTION,False,False,-487.56017861281583,<0%,UNCHANGED,0.1869374778545152,0.19939997637814955,1.4021810790835383,1.4146435776071726,85.91011278172286,True,BELOW_ACTIVATION_FLOOR,True peak never reached the +0.50% activation floor.,0-0.3,,True
PAPER:DYDXUSDT:1791037499999:LONG,DYDXUSDT,LONG,1791037561918,1.3292618129545408,1.3292618129545408,1.1580142136215101,0.41662729195051723,2.0831364597525863,0.5177255085420163,2.5886275427100816,0.5054910829574952,0.44708044379084944,True,False,REDUCE25,True,True,38.94834738321952,25-<50%,HELPED,0.9969463597159056,1.0634094503636327,0.47922085117388935,0.5456839418216164,100.0,True,PARTIAL_REDUCE_AFTER_PEAK,The 25% reduce fired after the final observed peak; remainder later gave back.,1-1.5,PARTIAL_REDUCE_DRAG,True
PAPER:DEEPUSDT:1791037799999:LONG,DEEPUSDT,LONG,1791037820491,0.02104669378111268,0.02104669378111268,-0.14895829742096897,-0.7230102399060295,-3.6150511995301473,-0.7230102399060295,-3.6150511995301473,0.0,,False,False,NO_ACTION,False,False,-3435.267540951537,<0%,UNCHANGED,0.01578502033583451,0.016837355024890144,0.738795260241864,0.7398475949309197,100.0,True,BELOW_ACTIVATION_FLOOR,True peak never reached the +0.50% activation floor.,0-0.3,,True
PAPER:OPUSDT:1791037799999:LONG,OPUSDT,LONG,1791037830718,0.26694344698652284,0.2080840730816158,0.03790142442480978,-0.4178254396217579,-2.0891271981087893,-0.4178254396217579,-2.0891271981087893,0.0,-11.024003608377704,False,False,NO_ACTION,False,False,-156.52208148898768,<0%,UNCHANGED,0.20020758523989213,0.21355475758921827,0.61803302486165,0.6313801972109762,77.95062041441359,True,BELOW_ACTIVATION_FLOOR,True peak never reached the +0.50% activation floor.,0-0.3,,False
PAPER:AIOUSDT:1791037799999:LONG,AIOUSDT,LONG,1791037847572,1.544262879060354,1.4116985672077975,0.7635944410163324,0.379523093657587,1.8976154682879351,0.402699812894753,2.013499064473765,0.11588359618582977,0.5273739452041659,True,False,REDUCE25,True,True,26.077154243310304,25-<50%,HELPED,1.1581971592952656,1.2354103032482833,0.7554973464005126,0.8327104903535303,91.41569005833912,True,RUNNER_TRANSITION_OBSERVATION_MISS,Trade had runner-capable true MFE but never observed runner qualification.,1.5-2,PARTIAL_REDUCE_DRAG,True
PAPER:DRIFTUSDT:1791037799999:LONG,DRIFTUSDT,LONG,1791037869250,0.13110727980347736,0.13110727980347736,-0.03900225244623358,-0.6176813138631632,-3.088406569315816,-0.6176813138631632,-3.088406569315816,0.0,,False,False,NO_ACTION,False,False,-471.12663369191523,<0%,UNCHANGED,0.09833045985260802,0.10488582384278189,0.7160117737157712,0.722567137705945,100.0,True,BELOW_ACTIVATION_FLOOR,True peak never reached the +0.50% activation floor.,0-0.3,,True
PAPER:GTCUSDT:1791037799999:LONG,GTCUSDT,LONG,1791037871477,0.532982131469617,0.5174052826733,0.3469288252655666,-0.030450963051929573,-0.15225481525964787,0.02790673617242251,0.13953368086211257,0.29178849612176044,0.08043937009575523,True,False,REDUCE25,False,True,5.235960930899116,0-<25%,HELPED,0.3997365986022128,0.42638570517569363,0.37182986242979027,0.3984789690032711,97.07741631912383,True,PARTIAL_REDUCE_AFTER_PEAK,The 25% reduce fired after the final observed peak; remainder later gave back.,0.5-1,PARTIAL_REDUCE_DRAG,True
PAPER:APTUSDT:1791037799999:LONG,APTUSDT,LONG,1791037894104,0.8141929896229305,0.789658019316386,0.6189229626467383,-0.03676409656718271,-0.1838204828359135,0.02451506784533326,0.1225753392266663,0.3063958220625798,0.03960923947707154,True,False,REDUCE25,False,True,3.0109652327867242,0-<25%,HELPED,0.6106447422171979,0.6513543916983444,0.5861296743718646,0.6268393238530111,96.98659032695588,True,PARTIAL_REDUCE_AFTER_PEAK,The 25% reduce fired after the final observed peak; remainder later gave back.,0.5-1,PARTIAL_REDUCE_DRAG,True
PAPER:ZKUSDT:1791037799999:LONG,ZKUSDT,LONG,1791037916668,0.5903631768691131,0.5903631768691131,0.2970696134696931,0.03573557289653127,0.17867786448265638,0.06345281962398928,0.3172640981199464,0.13858623363729,0.21359579286106525,True,False,REDUCE25,True,True,10.74809915491344,0-<25%,HELPED,0.44277238265183483,0.4722905414952905,0.37931956302784553,0.4088377218713012,100.0,True,PARTIAL_REDUCE_AFTER_PEAK,The 25% reduce fired after the final observed peak; remainder later gave back.,0.5-1,PARTIAL_REDUCE_DRAG,True
PAPER:THETAUSDT:1791037799999:LONG,THETAUSDT,LONG,1791037928016,0.7745470773395047,0.7745470773395047,0.6038263737980859,0.00848508775066248,0.042425438753312394,0.04155960364218599,0.20779801821092997,0.16537257945761757,0.06882707587079187,True,False,REDUCE25,True,True,5.3656652846640736,0-<25%,HELPED,0.5809103080046285,0.6196376618716037,0.5393507043624425,0.5780780582294177,100.0,True,PARTIAL_REDUCE_AFTER_PEAK,The 25% reduce fired after the final observed peak; remainder later gave back.,0.5-1,PARTIAL_REDUCE_DRAG,True
PAPER:MANTRAUSDT:1791037799999:LONG,MANTRAUSDT,LONG,1791037928186,1.698172438603418,1.698172438603418,1.5265744295126173,0.3097891070034904,1.548945535017452,1.1571931708937682,5.7859658544688415,4.237020319451389,0.7580325914821069,False,True,RUNNER_CLOSE,True,True,68.14344318563121,50-<75%,HELPED,1.2736293289525635,1.3585379508827344,0.11643615805879537,0.20134477998896627,100.00000000000001,True,PREMATURE_RUNNER_CLOSE_CONTINUATION,V4.2 closed the runner before a later higher observed peak.,1.5-2,RUNNER_TRIGGER_DELAY,True
PAPER:ORDIUSDT:1791037799999:LONG,ORDIUSDT,LONG,1791037928358,0.3061675616160109,0.3061675616160109,-0.20082379946366186,-0.5592629310153475,-2.7963146550767375,-0.5592629310153475,-2.7963146550767375,0.0,,False,False,NO_ACTION,False,False,-182.66563840514354,<0%,UNCHANGED,0.22962567121200816,0.2449340492928087,0.7888886022273557,0.8041969803081562,100.0,True,BELOW_ACTIVATION_FLOOR,True peak never reached the +0.50% activation floor.,0.3-0.5,,True
PAPER:SUPERUSDT:1791038099999:LONG,SUPERUSDT,LONG,1791038130851,0.6513379595819213,0.4375612235944404,0.26716060606620556,-0.6920475012957413,-3.4602375064787063,-0.6920475012957413,-3.4602375064787063,0.0,-2.5903800395041916,False,False,NO_ACTION,False,False,-106.25014113102675,<0%,UNCHANGED,0.488503469686441,0.521070367665537,1.1805509709821824,1.2131178689612785,67.17883046081035,True,ACTIVATION_OBSERVATION_MISS,True MFE cleared +0.50% but the 5s observer never saw +0.50%.,0.5-1,,False
PAPER:KAIAUSDT:1791038099999:LONG,KAIAUSDT,LONG,1791038135602,0.006629832488891374,0.006629832488891374,-0.16336146485749553,-0.6820720483067282,-3.410360241533641,-0.6820720483067282,-3.410360241533641,0.0,,False,False,NO_ACTION,False,False,-10287.922801210665,<0%,UNCHANGED,0.0049723743666685305,0.005303865991113099,0.6870444226733967,0.6873759142978413,100.0,True,BELOW_ACTIVATION_FLOOR,True peak never reached the +0.50% activation floor.,0-0.3,,True
PAPER:CYSUSDT:1791038399999:LONG,CYSUSDT,LONG,1791038459659,0.707131301012498,0.707131301012498,0.5364746323462479,0.021915345718736042,0.1095767285936802,0.006781249053224925,0.033906245266124624,-0.07567048332755558,0.012640390885897874,True,False,REDUCE25,True,True,0.9589801842338572,0-<25%,HARMED,0.5303484757593735,0.5657050408099984,0.5235672267061485,0.5589237917567734,100.0,True,PARTIAL_REDUCE_AFTER_PEAK,The 25% reduce fired after the final observed peak; remainder later gave back.,0.5-1,PARTIAL_REDUCE_DRAG,True
PAPER:FLOWUSDT:1791038399999:LONG,FLOWUSDT,LONG,1791038462405,3.144882027513707,2.9338901589594846,2.7611184033919898,1.360860861442434,6.8043043072121705,1.1350128708054104,5.675064354027052,-1.1292399531851185,0.41106997418548413,False,True,RUNNER_CLOSE,True,True,36.09079325950847,25-<50%,HARMED,2.3586615206352803,2.5159056220109655,1.22364864982987,1.380892751205555,93.29094488415423,True,PREMATURE_RUNNER_CLOSE_CONTINUATION,V4.2 closed the runner before a later higher observed peak.,3+,RUNNER_TRIGGER_DELAY,True
PAPER:FLUIDUSDT:1791038399999:LONG,FLUIDUSDT,LONG,1791038462630,0.5184959417452228,0.5184959417452228,0.25835503904605434,-0.010635188940662921,-0.053175944703314604,0.026724564946381157,0.1336228247319058,0.1867987694352204,0.10344123747327894,True,False,REDUCE25,False,True,5.154247660343888,0-<25%,HELPED,0.38887195630891713,0.4147967533961783,0.362147391362536,0.38807218844979713,100.0,True,PARTIAL_REDUCE_AFTER_PEAK,The 25% reduce fired after the final observed peak; remainder later gave back.,0.5-1,PARTIAL_REDUCE_DRAG,True
PAPER:CFGUSDT:1791038399999:LONG,CFGUSDT,LONG,1791038473066,0.5079512150375276,0.5079512150375276,-0.09106593037827734,-0.28885808481866626,-1.4442904240933314,-0.2723754052819664,-1.361877026409832,0.08241339768349931,,True,False,REDUCE25,False,False,-53.622355300763125,<0%,HELPED,0.3809634112781457,0.4063609720300221,0.6533388165601122,0.6787363773119885,100.0,True,PARTIAL_REDUCE_AFTER_PEAK,The 25% reduce fired after the final observed peak; remainder later gave back.,0.5-1,PARTIAL_REDUCE_DRAG,True
PAPER:OPUSDT:1791038399999:LONG,OPUSDT,LONG,1791038490704,1.6623070879276503,1.6623070879276503,1.4907431455401898,0.5480867770406828,2.7404338852034136,1.3153652165170342,6.576826082585171,3.8363921973817576,0.8823553678258871,False,True,RUNNER_CLOSE,True,True,79.12889417784181,75-<80%,HELPED,1.2467303159457377,1.3298456703421202,0.0,0.014480453825086004,100.0,False,CONTROL_GE75,Retention is already >=75%; control trade.,,,
PAPER:1000CATUSDT:1791038699999:LONG,1000CATUSDT,LONG,1791038739342,0.4267421761402934,0.38206835844627474,0.21172045081599214,-0.16764631546433897,-0.838231577321695,-0.16764631546433897,-0.838231577321695,0.0,-0.7918286344952178,False,False,NO_ACTION,False,False,-39.28515268414071,<0%,UNCHANGED,0.32005663210522006,0.34139374091223473,0.487702947569559,0.5090400563765737,89.53142665717392,True,BELOW_ACTIVATION_FLOOR,True peak never reached the +0.50% activation floor.,0.3-0.5,,True
PAPER:USUSDT:1791038699999:SHORT,USUSDT,SHORT,1791038740027,0.48393229097455304,0.4476125582340229,0.2780228573062332,-0.14005092494147595,-0.7002546247073798,-0.14005092494147595,-0.7002546247073798,0.0,-0.5037388878685408,False,False,NO_ACTION,False,False,-28.94019009548597,<0%,UNCHANGED,0.36294921823091475,0.38714583277964243,0.5030001431723907,0.5271967577211184,92.4948730601571,True,BELOW_ACTIVATION_FLOOR,True peak never reached the +0.50% activation floor.,0.3-0.5,,True
PAPER:哈基米USDT:1791038699999:SHORT,哈基米USDT,SHORT,1791038740543,0.10980781490497439,0.10980781490497193,-0.06010285119969435,-0.12507042940061125,-0.6253521470030563,-0.12507042940061125,-0.6253521470030563,0.0,,False,False,NO_ACTION,False,False,-113.89938822555101,<0%,UNCHANGED,0.0823558611787308,0.08784625192397952,0.20742629057934203,0.21291668132459077,99.99999999999777,True,BELOW_ACTIVATION_FLOOR,True peak never reached the +0.50% activation floor.,0-0.3,,True
PAPER:XMRUSDT:1791038699999:LONG,XMRUSDT,LONG,1791038744125,0.34497365381629397,0.32690584913230847,0.1566103376115247,-0.2838253510928587,-1.4191267554642937,-0.2838253510928587,-1.4191267554642937,0.0,-1.8123027855089207,False,False,NO_ACTION,False,False,-82.27450066201344,<0%,UNCHANGED,0.2587302403622205,0.2759789230530352,0.5425555914550793,0.559804274145894,94.76255520266282,True,BELOW_ACTIVATION_FLOOR,True peak never reached the +0.50% activation floor.,0.3-0.5,,True
PAPER:NEARUSDT:1791038999999:LONG,NEARUSDT,LONG,1791039069159,0.2154525207140212,0.17264369862057816,0.0024947130034391417,-0.6497197290364188,-3.248598645182094,-0.6497197290364188,-3.248598645182094,0.0,-260.43866694915744,False,False,NO_ACTION,False,False,-301.5605140674209,<0%,UNCHANGED,0.1615893905355159,0.17236201657121697,0.8113091195719347,0.8220817456076358,80.13073973255345,True,BELOW_ACTIVATION_FLOOR,True peak never reached the +0.50% activation floor.,0-0.3,,True
PAPER:RENDERUSDT:1791038999999:LONG,RENDERUSDT,LONG,1791039112578,0.3777364865167332,0.3777364865167332,-0.06578866350051421,-0.5128127022531902,-2.564063511265951,-0.5128127022531902,-2.564063511265951,0.0,,False,False,NO_ACTION,False,False,-135.7593773855556,<0%,UNCHANGED,0.2833023648875499,0.30218918921338656,0.7961150671407401,0.8150018914665768,100.0,True,BELOW_ACTIVATION_FLOOR,True peak never reached the +0.50% activation floor.,0.3-0.5,,True
PAPER:YFIUSDT:1791039299999:LONG,YFIUSDT,LONG,1791039327774,0.8756815266286022,0.726401938723864,0.5557269658423626,-0.0035397642382671733,-0.017698821191335867,0.005781347929739644,0.02890673964869822,0.04660556084003409,0.010403216480554194,True,False,REDUCE25,False,True,0.6602112473467371,0-<25%,HELPED,0.6567611449714517,0.7005452213028818,0.650979797041712,0.6947638733731422,82.95275355648204,True,PARTIAL_REDUCE_AFTER_PEAK,The 25% reduce fired after the final observed peak; remainder later gave back.,0.5-1,PARTIAL_REDUCE_DRAG,True
PAPER:AEVOUSDT:1791039299999:LONG,AEVOUSDT,LONG,1791039365137,0.32084492192470115,0.32084492192470115,0.15055516737561248,-0.5493968034044666,-2.7469840170223327,-0.5493968034044666,-2.7469840170223327,0.0,-3.6491394681512612,False,False,NO_ACTION,False,False,-171.23437706562927,<0%,UNCHANGED,0.24063369144352587,0.2566759375397609,0.7900304948479925,0.8060727409442275,100.0,True,BELOW_ACTIVATION_FLOOR,True peak never reached the +0.50% activation floor.,0.3-0.5,,True
PAPER:ACHUSDT:1791039299999:LONG,ACHUSDT,LONG,1791039365311,0.6313912809365663,0.5360663128775922,0.3655721302903066,-0.08679138199056051,-0.43395690995280256,-0.09869568494532761,-0.49347842472663805,-0.05952151477383549,-0.26997595485999387,True,False,REDUCE25,False,False,-15.631461492298184,<0%,HARMED,0.4735434607024247,0.505113024749253,0.5722391456477524,0.6038087096945807,84.90239397706364,True,PARTIAL_REDUCE_AFTER_PEAK,The 25% reduce fired after the final observed peak; remainder later gave back.,0.5-1,PARTIAL_REDUCE_DRAG,True
PAPER:ONUSDT:1791039599999:SHORT,ONUSDT,SHORT,1791039618779,0.359578557077644,0.1697872781387333,-6.639847893757933e-05,-0.09505220304022208,-0.4752610152011104,-0.09505220304022208,-0.4752610152011104,0.0,,False,False,NO_ACTION,False,False,-26.434335743690465,<0%,UNCHANGED,0.26968391780823303,0.28766284566211525,0.3647361208484551,0.3827150487023373,47.21841021851339,True,BELOW_ACTIVATION_FLOOR,True peak never reached the +0.50% activation floor.,0.3-0.5,,False
PAPER:XVGUSDT:1791039599999:LONG,XVGUSDT,LONG,1791039633206,0.07237850243317911,0.07237850243317911,-0.09767524628735838,-0.7283014485799947,-3.6415072428999737,-0.7283014485799947,-3.6415072428999737,0.0,,False,False,NO_ACTION,False,False,-1006.2400078702557,<0%,UNCHANGED,0.054283876824884336,0.05790280194654329,0.782585325404879,0.786204250526538,100.0,True,BELOW_ACTIVATION_FLOOR,True peak never reached the +0.50% activation floor.,0-0.3,,True
PAPER:ATUSDT:1791039899999:SHORT,ATUSDT,SHORT,1791039928875,2.707144229140576,2.6334375202232696,2.465924680883107,0.9166131126003867,4.5830655630019335,2.170817715495927,10.854088577479635,6.271023014477701,0.880326042528803,False,True,RUNNER_CLOSE,True,True,80.18847655505544,>=80%,HELPED,2.0303581718554318,2.165715383312461,0.0,0.0,97.27732611643283,False,CONTROL_GE75,Retention is already >=75%; control trade.,,,
PAPER:CUSDT:1791039899999:LONG,CUSDT,LONG,1791039931361,1.1357841017241022,0.07045635504987491,-0.0995955679189661,-0.9630971026341522,-4.815485513170761,-0.9630971026341522,-4.815485513170761,0.0,,False,False,NO_ACTION,False,False,-84.7957900777257,<0%,UNCHANGED,0.8518380762930766,0.9086272813792817,1.8149351789272288,1.8717243840134339,6.203322880019476,True,ACTIVATION_OBSERVATION_MISS,True MFE cleared +0.50% but the 5s observer never saw +0.50%.,1-1.5,,False
PAPER:龙虾USDT:1791039899999:SHORT,龙虾USDT,SHORT,1791039945963,0.0010972658666689283,-0.08330780080068045,-0.25340195570759194,-0.4646151160611947,-2.3230755803059737,-0.4646151160611947,-2.3230755803059737,0.0,,False,False,NO_ACTION,False,False,-42342.98451948295,<0%,UNCHANGED,0.0008229494000016962,0.0008778126933351427,0.4654380654611964,0.46549292875452986,-7592.307692354057,True,BELOW_ACTIVATION_FLOOR,True peak never reached the +0.50% activation floor.,0-0.3,,False
PAPER:PHAUSDT:1791039899999:SHORT,PHAUSDT,SHORT,1791039995640,0.5336391386070395,0.11112200590155386,-0.058787411524542026,-0.26295500542205474,-1.3147750271102738,-0.26295500542205474,-1.3147750271102738,0.0,,False,False,NO_ACTION,False,False,-49.275809512107244,<0%,UNCHANGED,0.4002293539552796,0.4269113108856316,0.6631843593773343,0.6898663163076864,20.823436262867844,True,ACTIVATION_OBSERVATION_MISS,True MFE cleared +0.50% but the 5s observer never saw +0.50%.,0.5-1,,False
PAPER:MIRAUSDT:1791040199999:SHORT,MIRAUSDT,SHORT,1791040269054,0.13354810666604766,0.13354810666604822,-0.03634000260039885,-0.26688701010207155,-1.3344350505103577,-0.26688701010207155,-1.3344350505103577,0.0,,False,False,NO_ACTION,False,False,-199.8433499094473,<0%,UNCHANGED,0.10016107999953575,0.10683848533283813,0.3670480901016073,0.3737254954349097,100.00000000000041,True,BELOW_ACTIVATION_FLOOR,True peak never reached the +0.50% activation floor.,0-0.3,,True
PAPER:SPKUSDT:1791040199999:SHORT,SPKUSDT,SHORT,1791040269228,0.620380178476663,0.5803561672718671,0.21058239258895234,-0.04982086753485098,-0.2491043376742549,-0.014766582518183686,-0.07383291259091843,0.17527142508333649,-0.07012258877221236,True,False,REDUCE25,False,False,-2.3802473113249483,<0%,HELPED,0.46528513385749726,0.49630414278133045,0.48005171637568095,0.5110707252995141,93.54847034231905,True,PARTIAL_REDUCE_AFTER_PEAK,The 25% reduce fired after the final observed peak; remainder later gave back.,0.5-1,PARTIAL_REDUCE_DRAG,True
PAPER:MEGAUSDT:1791040199999:LONG,MEGAUSDT,LONG,1791040269399,0.5974185977954738,0.329872271737508,0.159573942560207,-0.015194032519136414,-0.07597016259568207,-0.015194032519136414,-0.07597016259568207,0.0,-0.09521625069458775,False,False,NO_ACTION,False,False,-2.5432808043143793,<0%,UNCHANGED,0.44806394834660535,0.47793487823637903,0.46325798086574177,0.49312891075551546,55.21627096223069,True,ACTIVATION_OBSERVATION_MISS,True MFE cleared +0.50% but the 5s observer never saw +0.50%.,0.5-1,,False
PAPER:SANDUSDT:1791040499999:LONG,SANDUSDT,LONG,1791040517046,0.8209450237695926,0.3610554009581879,0.19072745248559247,0.26949078905468693,1.3474539452734347,0.26949078905468693,1.3474539452734347,0.0,1.4129627672505312,False,False,NO_ACTION,True,True,32.82689842216798,25-<50%,UNCHANGED,0.6157087678271944,0.656756019015674,0.3462179787725075,0.3872652299609871,43.98046038458261,True,ACTIVATION_OBSERVATION_MISS,True MFE cleared +0.50% but the 5s observer never saw +0.50%.,0.5-1,,False
PAPER:MANAUSDT:1791040499999:LONG,MANAUSDT,LONG,1791040537141,0.9767074846741775,0.7831728273006044,0.26441243932785824,-0.23829971471830289,-1.1914985735915145,-0.15975094064858986,-0.7987547032429492,0.3927438703485653,-0.6041733174682703,True,False,REDUCE25,False,False,-16.35606803012077,<0%,HELPED,0.7325306135056331,0.781365987739342,0.892281554154223,0.9411169283879318,80.18499290622977,True,PARTIAL_REDUCE_BEFORE_LATER_PEAK,The 25% reduce fired before a later higher observed peak and no runner close occurred.,0.5-1,PARTIAL_REDUCE_DRAG,True
PAPER:ONUSDT:1791040499999:SHORT,ONUSDT,SHORT,1791040551366,3.0724019199975223,2.395938124823027,2.228199625432325,1.1641750668974442,5.82087533448722,1.0432631852457368,5.216315926228685,-0.6045594082585355,0.46820902998909636,True,True,REDUCE25+RUNNER_CLOSE,True,True,33.95594757493766,25-<50%,HARMED,2.3043014399981416,2.457921535998018,1.2610382547524048,1.4146583507522814,77.98257478061201,True,PEAK_OBSERVATION_MISS,Observed peak captured less than 80% of true MFE.,3+,OBSERVATION_MISS,False
PAPER:BANUSDT:1791040499999:SHORT,BANUSDT,SHORT,1791040551828,0.05628890843004262,0.041030326584012844,-0.12894568845119034,-0.6100477017600159,-3.0502385088000796,-0.6100477017600159,-3.0502385088000796,0.0,,False,False,NO_ACTION,False,False,-1083.779591352708,<0%,UNCHANGED,0.042216681322531965,0.045031126744034096,0.6522643830825479,0.65507882850405,72.8923827595741,True,BELOW_ACTIVATION_FLOOR,True peak never reached the +0.50% activation floor.,0-0.3,,False
PAPER:MORPHOUSDT:1791040799999:LONG,MORPHOUSDT,LONG,1791040816910,0.02861058304419739,0.039827487008214923,-0.1301953431303148,-0.3842036671199825,-1.9210183355999124,-0.3842036671199825,-1.9210183355999124,0.0,,False,False,NO_ACTION,False,False,-1342.8725535808476,<0%,UNCHANGED,0.021457937283148043,0.022888466435357913,0.40566160440313054,0.4070921335553404,139.20543648722486,True,BELOW_ACTIVATION_FLOOR,True peak never reached the +0.50% activation floor.,0-0.3,,True
PAPER:BMTUSDT:1791040799999:LONG,BMTUSDT,LONG,1791040841782,0.302520141133078,0.24876745081092722,0.07854615904777276,-0.5390226242385647,-2.695113121192824,-0.5390226242385647,-2.695113121192824,0.0,-6.8624950064168555,False,False,NO_ACTION,False,False,-178.17743381305965,<0%,UNCHANGED,0.2268901058498085,0.2420161129064624,0.7659127300883732,0.7810387371450271,82.23169864960988,True,BELOW_ACTIVATION_FLOOR,True peak never reached the +0.50% activation floor.,0.3-0.5,,True
PAPER:USUSDT:1791040799999:SHORT,USUSDT,SHORT,1791040867961,7.663193538361646,7.450925017760179,3.8261108065903713,-0.29627311136968665,-1.4813655568484334,2.2158406739306264,11.079203369653133,12.560568926501567,0.5791365660696238,True,True,REDUCE25+RUNNER_CLOSE,False,True,28.915368805945132,25-<50%,HELPED,5.747395153771234,6.1305548306893165,3.5315544798406076,3.91471415675869,97.23002532118159,True,PREMATURE_RUNNER_CLOSE_CONTINUATION,V4.2 closed the runner before a later higher observed peak.,3+,RUNNER_TRIGGER_DELAY,True
PAPER:龙虾USDT:1791041099999:SHORT,龙虾USDT,SHORT,1791041125180,0.8292840801994498,0.676847757968746,0.5074758648659825,-0.7349707204667525,-3.674853602333762,-0.5878388879931389,-2.939194439965694,0.7356591623680679,-1.1583583155198507,True,False,REDUCE25,False,False,-70.88510463769649,<0%,HELPED,0.6219630601495874,0.6634272641595599,1.2098019481427262,1.2512661521526987,81.6183228557768,True,PARTIAL_REDUCE_AFTER_PEAK,The 25% reduce fired after the final observed peak; remainder later gave back.,0.5-1,PARTIAL_REDUCE_DRAG,True
PAPER:TAKEUSDT:1791041099999:LONG,TAKEUSDT,LONG,1791041133382,0.08721294956695047,0.04126625655260785,-0.12875794020116357,-0.304719633968429,-1.523598169842145,-0.304719633968429,-1.523598169842145,0.0,,False,False,NO_ACTION,False,False,-349.3972345637799,<0%,UNCHANGED,0.06540971217521285,0.06977035965356038,0.37012934614364185,0.37448999362198937,47.316661983699014,True,BELOW_ACTIVATION_FLOOR,True peak never reached the +0.50% activation floor.,0-0.3,,False
PAPER:MORPHOUSDT:1791041099999:LONG,MORPHOUSDT,LONG,1791041138930,2.3669728972195436,2.2324957762043685,2.060390240091343,0.8885650232180328,4.442825116090164,1.7804956819209643,8.902478409604822,4.459653293514657,0.864154589395662,False,True,RUNNER_CLOSE,True,True,75.22247863558103,75-<80%,HELPED,1.7752296729146577,1.893578317775635,0.0,0.1130826358546706,94.31860326017488,False,CONTROL_GE75,Retention is already >=75%; control trade.,,,
PAPER:SENTUSDT:1791041099999:SHORT,SENTUSDT,SHORT,1791041158955,0.025708980918666427,-0.02000400080015563,-0.19003800760152378,-0.6704803746398242,-3.3524018731991214,-0.6704803746398242,-3.3524018731991214,0.0,,False,False,NO_ACTION,False,False,-2607.96169541287,<0%,UNCHANGED,0.01928173568899982,0.020567184734933144,0.6897621103288241,0.6910475593747574,-77.80938833569789,True,BELOW_ACTIVATION_FLOOR,True peak never reached the +0.50% activation floor.,0-0.3,,False
PAPER:ARXUSDT:1791041099999:SHORT,ARXUSDT,SHORT,1791041163590,0.6014653223042367,0.5283512842919391,0.3588382972647138,-0.48277203686349657,-2.4138601843174827,-0.32725708381806595,-1.6362854190903298,0.777574765227153,-0.9119904043482001,True,False,REDUCE25,False,False,-54.40996707247087,<0%,HELPED,0.45109899172817747,0.48117225784338935,0.7783560755462434,0.8084293416614553,87.84401439268439,True,PARTIAL_REDUCE_AFTER_PEAK,The 25% reduce fired after the final observed peak; remainder later gave back.,0.5-1,PARTIAL_REDUCE_DRAG,True
PAPER:ATUSDT:1791041099999:SHORT,ATUSDT,SHORT,1791041174771,1.9323384196358973,1.106347395605256,0.9373835915831972,0.3736727919908426,1.868363959954213,0.39246315197725545,1.9623157598862773,0.09395179993206426,0.4186793490959272,True,False,REDUCE25,True,True,20.31027008463692,0-<25%,HELPED,1.449253814726923,1.5458707357087178,1.0567906627496675,1.1534075837314623,57.25432897068416,True,RUNNER_TRANSITION_OBSERVATION_MISS,True MFE cleared runner qualification but the 5s observer did not.,1.5-2,OBSERVATION_MISS,False
PAPER:TAKEUSDT:1791041399999:LONG,TAKEUSDT,LONG,1791041423661,0.17738289851521039,0.11665092949519895,-0.05344487139018265,-0.4478277093252471,-2.2391385466262355,-0.4478277093252471,-2.2391385466262355,0.0,,False,False,NO_ACTION,False,False,-252.46385816998384,<0%,UNCHANGED,0.1330371738864078,0.1419063188121683,0.580864883211655,0.5897340281374155,65.7622186082365,True,BELOW_ACTIVATION_FLOOR,True peak never reached the +0.50% activation floor.,0-0.3,,False
PAPER:MEGAUSDT:1791041399999:LONG,MEGAUSDT,LONG,1791041431203,1.7136433994310751,1.672851884131532,1.5012779257693896,0.47227049643110475,2.3613524821555236,1.0682797500577332,5.341398750288667,2.980046268133143,0.7115802688634423,True,True,REDUCE25+RUNNER_CLOSE,True,True,62.33967641181352,50-<75%,HELPED,1.2852325495733063,1.37091471954486,0.2169527995155731,0.30263496948712687,97.61960304500424,True,EXECUTION_ACCOUNTING_DRAG,"Runner retention was adequate, but weighted reduce/execution accounting pulled final retention below 75%.",1.5-2,EXECUTION_ACCOUNTING_DRAG,True
PAPER:AIOTUSDT:1791041699999:LONG,AIOTUSDT,LONG,1791041766877,1.6457765330138319,1.5448206218736216,1.373368274005932,0.38157809535367276,1.907890476768364,1.1884582406978783,5.942291203489392,4.034400726721028,0.8653601974008793,False,True,RUNNER_CLOSE,True,True,72.21261312564177,50-<75%,HELPED,1.234332399760374,1.3166212264110655,0.04587415906249559,0.12816298571318718,93.86575825362301,True,EXECUTION_ACCOUNTING_DRAG,"Runner retention was adequate, but weighted reduce/execution accounting pulled final retention below 75%.",1.5-2,EXECUTION_ACCOUNTING_DRAG,True
PAPER:PHAROSUSDT:1791041999999:LONG,PHAROSUSDT,LONG,1791042068074,0.1184037832522078,0.07688384803659076,-0.09317418008646444,-0.5494596526431214,-2.747298263215607,-0.5494596526431214,-2.747298263215607,0.0,,False,False,NO_ACTION,False,False,-464.05582452778253,<0%,UNCHANGED,0.08880283743915585,0.09472302660176624,0.6382624900822772,0.6441826792448876,64.93360763044467,True,BELOW_ACTIVATION_FLOOR,True peak never reached the +0.50% activation floor.,0-0.3,,False
PAPER:AVAAIUSDT:1791042299999:LONG,AVAAIUSDT,LONG,1791042316746,0.5843370032250439,0.44650666897374514,0.27609755461423097,-0.37003047481700346,-1.8501523740850172,-0.37003047481700346,-1.8501523740850172,0.0,-1.3402164149335456,False,False,NO_ACTION,False,False,-63.324840421665854,<0%,UNCHANGED,0.4382527524187829,0.4674696025800351,0.8082832272357864,0.8375000773970386,76.41252676270844,True,ACTIVATION_OBSERVATION_MISS,True MFE cleared +0.50% but the 5s observer never saw +0.50%.,0.5-1,,False
PAPER:JTOUSDT:1791042299999:LONG,JTOUSDT,LONG,1791042327553,0.8316526579333683,0.8316526579333683,0.6608777126562345,-0.01270373254541488,-0.0635186627270744,-0.043723930679696,-0.21861965339848002,-0.15510099067140562,-0.06616039524764494,True,False,REDUCE25,False,False,-5.257475012266377,<0%,HARMED,0.6237394934500262,0.6653221263466946,0.6674634241297223,0.7090460570263907,100.0,True,PARTIAL_REDUCE_BEFORE_LATER_PEAK,The 25% reduce fired before a later higher observed peak and no runner close occurred.,0.5-1,PARTIAL_REDUCE_DRAG,True
PAPER:INXUSDT:1791042299999:LONG,INXUSDT,LONG,1791042330179,0.5111944571072558,0.4945947552976726,0.3241399644693505,-0.1899620075984686,-0.949810037992343,-0.1899620075984686,-0.949810037992343,0.0,-0.5860493256653969,False,False,NO_ACTION,False,False,-37.16042006273396,<0%,UNCHANGED,0.3833958428304418,0.4089555656858046,0.5733578504289104,0.5989175732842732,96.75276177611208,True,ACTIVATION_OBSERVATION_MISS,True MFE cleared +0.50% but the 5s observer never saw +0.50%.,0.5-1,,True
PAPER:CYSUSDT:1791042299999:SHORT,CYSUSDT,SHORT,1791042369220,0.04109557403234674,0.04109557403234598,-0.1288803790079779,-0.4958261505691377,-2.4791307528456885,-0.4958261505691377,-2.4791307528456885,0.0,,False,False,NO_ACTION,False,False,-1206.5195881650611,<0%,UNCHANGED,0.030821680524260056,0.03287645922587739,0.5266478310933977,0.528702609795015,99.99999999999815,True,BELOW_ACTIVATION_FLOOR,True peak never reached the +0.50% activation floor.,0-0.3,,True
PAPER:AKTUSDT:1791043199999:LONG,AKTUSDT,LONG,1791043232702,0.09885095789161635,0.09885095789161635,-0.07122793569073471,-0.7020026927006967,-3.5100134635034834,-0.7020026927006967,-3.5100134635034834,0.0,,False,False,NO_ACTION,False,False,-710.162761872674,<0%,UNCHANGED,0.07413821841871227,0.07908076631329308,0.776140911119409,0.7810834590139898,100.0,True,BELOW_ACTIVATION_FLOOR,True peak never reached the +0.50% activation floor.,0-0.3,,True
PAPER:AIOUSDT:1791043499999:LONG,AIOUSDT,LONG,1791043546193,0.3392750607989381,0.3392750607989381,0.16896780038243647,-0.010497103608020685,-0.05248551804010343,-0.010497103608020685,-0.05248551804010343,0.0,-0.06212487577077921,False,False,NO_ACTION,False,False,-3.0939803188898405,<0%,UNCHANGED,0.2544562955992036,0.2714200486391505,0.26495339920722427,0.2819171522471712,100.0,True,BELOW_ACTIVATION_FLOOR,True peak never reached the +0.50% activation floor.,0.3-0.5,,True
